2025-06-22 20:10:27,174 - app.functions.image_processor - INFO - Detected 1 face(s).
2025-06-22 20:10:27,515 - app.functions.image_processor - INFO - Image saved successfully to: C:\Users\HiDigi\OneDrive\Desktop\WebDev\FacialRecognition\app_data\temp_images\preview_20250622201027462937_original_20250622201025705939_test2.jpeg
2025-06-22 20:10:27,515 - app.services.face_service - INFO - Preview image saved to C:\Users\HiDigi\OneDrive\Desktop\WebDev\FacialRecognition\app_data\temp_images\preview_20250622201027462937_original_20250622201025705939_test2.jpeg
2025-06-22 20:18:03,133 - app.functions.image_processor - INFO - Detected 3 face(s).
2025-06-22 20:18:03,168 - app.functions.image_processor - INFO - Image saved successfully to: C:\Users\HiDigi\OneDrive\Desktop\WebDev\FacialRecognition\app_data\temp_images\preview_20250622201803139354_original_20250622201801022619_test.jpeg
2025-06-22 20:18:03,169 - app.services.face_service - INFO - Preview image saved to C:\Users\HiDigi\OneDrive\Desktop\WebDev\FacialRecognition\app_data\temp_images\preview_20250622201803139354_original_20250622201801022619_test.jpeg
2025-06-22 20:18:08,527 - app.functions.image_processor - INFO - Detected 3 face(s).
2025-06-22 20:18:08,566 - app.functions.image_processor - INFO - Image saved successfully to: C:\Users\HiDigi\OneDrive\Desktop\WebDev\FacialRecognition\app_data\temp_images\preview_20250622201808533135_original_20250622201806533871_test.jpeg
2025-06-22 20:18:08,567 - app.services.face_service - INFO - Preview image saved to C:\Users\HiDigi\OneDrive\Desktop\WebDev\FacialRecognition\app_data\temp_images\preview_20250622201808533135_original_20250622201806533871_test.jpeg
2025-06-22 20:55:34,529 - app.services.face_service - INFO - Face ID 1 associated with Person ID 1.
2025-06-22 20:57:25,230 - app.services.face_service - INFO - Face ID 1 disassociated.
2025-06-22 21:36:35,628 - app.functions.image_processor - INFO - Detected 3 face(s).
2025-06-22 21:36:35,648 - app.functions.image_processor - INFO - Image saved successfully to: C:\Users\HiDigi\OneDrive\Desktop\WebDev\FacialRecognition\app_data\temp_images\preview_20250622213635636492_original_20250622213634176784_PHR03.jpeg
2025-06-22 21:36:35,649 - app.services.face_service - INFO - Preview image saved to C:\Users\HiDigi\OneDrive\Desktop\WebDev\FacialRecognition\app_data\temp_images\preview_20250622213635636492_original_20250622213634176784_PHR03.jpeg
2025-06-22 21:36:37,124 - app.functions.image_processor - INFO - Detected 1 face(s).
2025-06-22 21:36:37,163 - app.functions.image_processor - INFO - Image saved successfully to: C:\Users\HiDigi\OneDrive\Desktop\WebDev\FacialRecognition\app_data\temp_images\preview_20250622213637127010_original_20250622213635650481_test2.jpeg
2025-06-22 21:36:37,164 - app.services.face_service - INFO - Preview image saved to C:\Users\HiDigi\OneDrive\Desktop\WebDev\FacialRecognition\app_data\temp_images\preview_20250622213637127010_original_20250622213635650481_test2.jpeg
2025-06-22 21:36:58,041 - app.functions.image_processor - INFO - Detected 3 face(s).
2025-06-22 21:36:58,064 - app.functions.image_processor - INFO - Image saved successfully to: C:\Users\HiDigi\OneDrive\Desktop\WebDev\FacialRecognition\app_data\temp_images\preview_20250622213658045613_original_20250622213656536105_PHR03.jpeg
2025-06-22 21:36:58,065 - app.services.face_service - INFO - Preview image saved to C:\Users\HiDigi\OneDrive\Desktop\WebDev\FacialRecognition\app_data\temp_images\preview_20250622213658045613_original_20250622213656536105_PHR03.jpeg
2025-06-22 21:50:19,332 - app.functions.image_processor - INFO - Detected 3 face(s).
2025-06-22 21:50:19,351 - app.functions.image_processor - INFO - Image saved successfully to: C:\Users\HiDigi\OneDrive\Desktop\WebDev\FacialRecognition\app_data\temp_images\preview_20250622215019338226_original_20250622215017898844_PHR03.jpeg
2025-06-22 21:50:19,352 - app.services.face_service - INFO - Preview image saved to C:\Users\HiDigi\OneDrive\Desktop\WebDev\FacialRecognition\app_data\temp_images\preview_20250622215019338226_original_20250622215017898844_PHR03.jpeg
2025-06-22 21:51:14,846 - app.functions.image_processor - INFO - Detected 3 face(s).
2025-06-22 21:51:14,862 - app.functions.image_processor - INFO - Image saved successfully to: C:\Users\HiDigi\OneDrive\Desktop\WebDev\FacialRecognition\app_data\temp_images\preview_20250622215114851492_original_20250622215113352834_PHR03.jpeg
2025-06-22 21:51:14,862 - app.services.face_service - INFO - Preview image saved to C:\Users\HiDigi\OneDrive\Desktop\WebDev\FacialRecognition\app_data\temp_images\preview_20250622215114851492_original_20250622215113352834_PHR03.jpeg
2025-06-22 21:53:41,590 - app.functions.image_processor - INFO - Detected 3 face(s).
2025-06-22 21:53:41,606 - app.functions.image_processor - INFO - Image saved successfully to: C:\Users\HiDigi\OneDrive\Desktop\WebDev\FacialRecognition\app_data\temp_images\preview_20250622215341594574_original_20250622215340088555_PHR03.jpeg
2025-06-22 21:53:41,607 - app.services.face_service - INFO - Preview image saved to C:\Users\HiDigi\OneDrive\Desktop\WebDev\FacialRecognition\app_data\temp_images\preview_20250622215341594574_original_20250622215340088555_PHR03.jpeg
2025-06-22 21:54:09,710 - app.functions.image_processor - INFO - Detected 1 face(s).
2025-06-22 21:54:09,720 - app.functions.image_processor - INFO - Image saved successfully to: C:\Users\HiDigi\OneDrive\Desktop\WebDev\FacialRecognition\app_data\temp_images\preview_20250622215409713360_original_20250622215409402172_a.PNG
2025-06-22 21:54:09,720 - app.services.face_service - INFO - Preview image saved to C:\Users\HiDigi\OneDrive\Desktop\WebDev\FacialRecognition\app_data\temp_images\preview_20250622215409713360_original_20250622215409402172_a.PNG
2025-06-22 21:54:11,154 - app.functions.image_processor - INFO - Detected 3 face(s).
2025-06-22 21:54:11,167 - app.functions.image_processor - INFO - Image saved successfully to: C:\Users\HiDigi\OneDrive\Desktop\WebDev\FacialRecognition\app_data\temp_images\preview_20250622215411156759_original_20250622215409720857_PHR03.jpeg
2025-06-22 21:54:11,167 - app.services.face_service - INFO - Preview image saved to C:\Users\HiDigi\OneDrive\Desktop\WebDev\FacialRecognition\app_data\temp_images\preview_20250622215411156759_original_20250622215409720857_PHR03.jpeg
2025-06-22 21:54:13,228 - app.functions.image_processor - INFO - Detected 3 face(s).
2025-06-22 21:54:13,266 - app.functions.image_processor - INFO - Image saved successfully to: C:\Users\HiDigi\OneDrive\Desktop\WebDev\FacialRecognition\app_data\temp_images\preview_20250622215413233965_original_20250622215411168761_test.jpeg
2025-06-22 21:54:13,267 - app.services.face_service - INFO - Preview image saved to C:\Users\HiDigi\OneDrive\Desktop\WebDev\FacialRecognition\app_data\temp_images\preview_20250622215413233965_original_20250622215411168761_test.jpeg
2025-06-22 21:54:14,648 - app.functions.image_processor - INFO - Detected 1 face(s).
2025-06-22 21:54:14,688 - app.functions.image_processor - INFO - Image saved successfully to: C:\Users\HiDigi\OneDrive\Desktop\WebDev\FacialRecognition\app_data\temp_images\preview_20250622215414651319_original_20250622215413268643_test1.jpeg
2025-06-22 21:54:14,689 - app.services.face_service - INFO - Preview image saved to C:\Users\HiDigi\OneDrive\Desktop\WebDev\FacialRecognition\app_data\temp_images\preview_20250622215414651319_original_20250622215413268643_test1.jpeg
2025-06-22 21:54:16,098 - app.functions.image_processor - INFO - Detected 1 face(s).
2025-06-22 21:54:16,137 - app.functions.image_processor - INFO - Image saved successfully to: C:\Users\HiDigi\OneDrive\Desktop\WebDev\FacialRecognition\app_data\temp_images\preview_20250622215416101590_original_20250622215414690230_test2.jpeg
2025-06-22 21:54:16,138 - app.services.face_service - INFO - Preview image saved to C:\Users\HiDigi\OneDrive\Desktop\WebDev\FacialRecognition\app_data\temp_images\preview_20250622215416101590_original_20250622215414690230_test2.jpeg
2025-06-22 22:04:16,803 - app.functions.image_processor - INFO - Detected 3 face(s).
2025-06-22 22:04:16,819 - app.functions.image_processor - INFO - Image saved successfully to: C:\Users\HiDigi\OneDrive\Desktop\WebDev\FacialRecognition\app_data\temp_images\preview_20250622220416807538_original_20250622220415284838_PHR03.jpeg
2025-06-22 22:04:16,820 - app.services.face_service - INFO - Preview image saved to C:\Users\HiDigi\OneDrive\Desktop\WebDev\FacialRecognition\app_data\temp_images\preview_20250622220416807538_original_20250622220415284838_PHR03.jpeg
2025-06-22 22:05:28,501 - app.functions.image_processor - INFO - Detected 3 face(s).
2025-06-22 22:05:28,518 - app.functions.image_processor - INFO - Image saved successfully to: C:\Users\HiDigi\OneDrive\Desktop\WebDev\FacialRecognition\app_data\temp_images\preview_20250622220528505971_original_20250622220527046607_PHR03.jpeg
2025-06-22 22:05:28,518 - app.services.face_service - INFO - Preview image saved to C:\Users\HiDigi\OneDrive\Desktop\WebDev\FacialRecognition\app_data\temp_images\preview_20250622220528505971_original_20250622220527046607_PHR03.jpeg
2025-06-22 22:18:59,656 - app.functions.image_processor - INFO - Detected 3 face(s).
2025-06-22 22:18:59,674 - app.functions.image_processor - INFO - Image saved successfully to: C:\Users\HiDigi\OneDrive\Desktop\WebDev\FacialRecognition\app_data\temp_images\preview_20250622221859661465_original_20250622221858153383_PHR03.jpeg
2025-06-22 22:18:59,675 - app.services.face_service - INFO - Preview image saved to C:\Users\HiDigi\OneDrive\Desktop\WebDev\FacialRecognition\app_data\temp_images\preview_20250622221859661465_original_20250622221858153383_PHR03.jpeg
2025-06-22 22:19:22,967 - app.functions.image_processor - INFO - Detected 3 face(s).
2025-06-22 22:19:22,985 - app.functions.image_processor - INFO - Image saved successfully to: C:\Users\HiDigi\OneDrive\Desktop\WebDev\FacialRecognition\app_data\temp_images\preview_20250622221922972684_original_20250622221921490138_PHR03.jpeg
2025-06-22 22:19:22,985 - app.services.face_service - INFO - Preview image saved to C:\Users\HiDigi\OneDrive\Desktop\WebDev\FacialRecognition\app_data\temp_images\preview_20250622221922972684_original_20250622221921490138_PHR03.jpeg
2025-06-22 22:29:21,889 - app.functions.image_processor - INFO - Detected 3 face(s).
2025-06-22 22:29:22,096 - app.functions.image_processor - INFO - Image saved successfully to: C:\Users\HiDigi\OneDrive\Desktop\WebDev\FacialRecognition\app_data\temp_images\preview_20250622222922079126_original_20250622222920440576_PHR03.jpeg
2025-06-22 22:29:22,096 - app.services.face_service - INFO - Preview image saved to C:\Users\HiDigi\OneDrive\Desktop\WebDev\FacialRecognition\app_data\temp_images\preview_20250622222922079126_original_20250622222920440576_PHR03.jpeg
2025-06-22 22:32:53,896 - app.functions.image_processor - INFO - Detected 3 face(s).
2025-06-22 22:32:53,913 - app.functions.image_processor - INFO - Image saved successfully to: C:\Users\HiDigi\OneDrive\Desktop\WebDev\FacialRecognition\app_data\temp_images\preview_20250622223253900379_original_20250622223252411815_PHR03.jpeg
2025-06-22 22:32:53,913 - app.services.face_service - INFO - Preview image saved to C:\Users\HiDigi\OneDrive\Desktop\WebDev\FacialRecognition\app_data\temp_images\preview_20250622223253900379_original_20250622223252411815_PHR03.jpeg
2025-06-22 22:43:38,102 - app.functions.image_processor - INFO - Detected 3 face(s).
2025-06-22 22:43:38,203 - app.functions.image_processor - INFO - Image saved successfully to: C:\Users\HiDigi\OneDrive\Desktop\WebDev\FacialRecognition\app_data\temp_images\preview_20250622224338186581_PHR03.jpeg
2025-06-22 22:43:38,203 - app.services.face_service - INFO - Preview image saved to C:\Users\HiDigi\OneDrive\Desktop\WebDev\FacialRecognition\app_data\temp_images\preview_20250622224338186581_PHR03.jpeg
2025-06-22 22:49:57,038 - app.functions.image_processor - INFO - Detected 3 face(s).
2025-06-22 22:49:57,053 - app.functions.image_processor - INFO - Image saved successfully to: C:\Users\HiDigi\OneDrive\Desktop\WebDev\FacialRecognition\app_data\temp_images\preview_20250622224957041959_PHR03.jpeg
2025-06-22 22:49:57,054 - app.services.face_service - INFO - Preview image saved to C:\Users\HiDigi\OneDrive\Desktop\WebDev\FacialRecognition\app_data\temp_images\preview_20250622224957041959_PHR03.jpeg
2025-06-22 22:50:25,795 - app.functions.image_processor - INFO - Detected 3 face(s).
2025-06-22 22:50:25,810 - app.functions.image_processor - INFO - Image saved successfully to: C:\Users\HiDigi\OneDrive\Desktop\WebDev\FacialRecognition\app_data\temp_images\preview_20250622225025798897_PHR03.jpeg
2025-06-22 22:50:25,810 - app.services.face_service - INFO - Preview image saved to C:\Users\HiDigi\OneDrive\Desktop\WebDev\FacialRecognition\app_data\temp_images\preview_20250622225025798897_PHR03.jpeg
2025-06-22 22:54:24,925 - app.functions.image_processor - INFO - Detected 3 face(s).
2025-06-22 22:54:25,017 - app.services.face_service - INFO - Original filename: original_20250622225423464422_PHR03.jpeg
2025-06-22 22:54:25,034 - app.functions.image_processor - INFO - Image saved successfully to: C:\Users\HiDigi\OneDrive\Desktop\WebDev\FacialRecognition\app_data\temp_images\preview_20250622225425017114_PHR03.jpeg
2025-06-22 22:54:25,035 - app.services.face_service - INFO - Preview image saved to C:\Users\HiDigi\OneDrive\Desktop\WebDev\FacialRecognition\app_data\temp_images\preview_20250622225425017114_PHR03.jpeg
2025-06-22 22:55:41,421 - app.functions.image_processor - INFO - Detected 3 face(s).
2025-06-22 22:55:41,504 - app.services.face_service - INFO - Original filename: original_20250622225539937006_PHR03.jpeg
2025-06-22 22:55:41,523 - app.functions.image_processor - INFO - Image saved successfully to: C:\Users\HiDigi\OneDrive\Desktop\WebDev\FacialRecognition\app_data\temp_images\preview_20250622225541505152_PHR03.jpeg
2025-06-22 22:55:41,523 - app.services.face_service - INFO - Preview image saved to C:\Users\HiDigi\OneDrive\Desktop\WebDev\FacialRecognition\app_data\temp_images\preview_20250622225541505152_PHR03.jpeg
2025-06-22 23:13:31,335 - app.functions.image_processor - INFO - Detected 3 face(s).
2025-06-22 23:13:31,425 - app.services.face_service - INFO - Original filename: original_20250622231329892895_PHR03.jpeg
2025-06-22 23:13:31,443 - app.functions.image_processor - INFO - Image saved successfully to: C:\Users\HiDigi\OneDrive\Desktop\WebDev\FacialRecognition\app_data\temp_images\preview_20250622231331425257_PHR03.jpeg
2025-06-22 23:13:31,443 - app.services.face_service - INFO - Preview image saved to C:\Users\HiDigi\OneDrive\Desktop\WebDev\FacialRecognition\app_data\temp_images\preview_20250622231331425257_PHR03.jpeg
2025-06-22 23:13:43,129 - app.functions.image_processor - INFO - Detected 1 face(s).
2025-06-22 23:13:43,133 - app.services.face_service - INFO - Original filename: original_20250622231342839372_a.PNG
2025-06-22 23:13:43,134 - app.functions.image_processor - INFO - Image saved successfully to: C:\Users\HiDigi\OneDrive\Desktop\WebDev\FacialRecognition\app_data\temp_images\preview_20250622231343133218_a.PNG
2025-06-22 23:13:43,135 - app.services.face_service - INFO - Preview image saved to C:\Users\HiDigi\OneDrive\Desktop\WebDev\FacialRecognition\app_data\temp_images\preview_20250622231343133218_a.PNG
2025-06-22 23:13:44,534 - app.functions.image_processor - INFO - Detected 3 face(s).
2025-06-22 23:13:44,537 - app.services.face_service - INFO - Original filename: original_20250622231343135217_PHR03.jpeg
2025-06-22 23:13:44,549 - app.functions.image_processor - INFO - Image saved successfully to: C:\Users\HiDigi\OneDrive\Desktop\WebDev\FacialRecognition\app_data\temp_images\preview_20250622231344538973_PHR03.jpeg
2025-06-22 23:13:44,549 - app.services.face_service - INFO - Preview image saved to C:\Users\HiDigi\OneDrive\Desktop\WebDev\FacialRecognition\app_data\temp_images\preview_20250622231344538973_PHR03.jpeg
2025-06-22 23:13:46,636 - app.functions.image_processor - INFO - Detected 3 face(s).
2025-06-22 23:13:46,641 - app.services.face_service - INFO - Original filename: original_20250622231344550967_test.jpeg
2025-06-22 23:13:46,673 - app.functions.image_processor - INFO - Image saved successfully to: C:\Users\HiDigi\OneDrive\Desktop\WebDev\FacialRecognition\app_data\temp_images\preview_20250622231346642711_test.jpeg
2025-06-22 23:13:46,674 - app.services.face_service - INFO - Preview image saved to C:\Users\HiDigi\OneDrive\Desktop\WebDev\FacialRecognition\app_data\temp_images\preview_20250622231346642711_test.jpeg
2025-06-22 23:13:48,071 - app.functions.image_processor - INFO - Detected 1 face(s).
2025-06-22 23:13:48,073 - app.services.face_service - INFO - Original filename: original_20250622231346675991_test1.jpeg
2025-06-22 23:13:48,108 - app.functions.image_processor - INFO - Image saved successfully to: C:\Users\HiDigi\OneDrive\Desktop\WebDev\FacialRecognition\app_data\temp_images\preview_20250622231348075029_test1.jpeg
2025-06-22 23:13:48,109 - app.services.face_service - INFO - Preview image saved to C:\Users\HiDigi\OneDrive\Desktop\WebDev\FacialRecognition\app_data\temp_images\preview_20250622231348075029_test1.jpeg
2025-06-22 23:13:49,455 - app.functions.image_processor - INFO - Detected 1 face(s).
2025-06-22 23:13:49,457 - app.services.face_service - INFO - Original filename: original_20250622231348110379_test2.jpeg
2025-06-22 23:13:49,493 - app.functions.image_processor - INFO - Image saved successfully to: C:\Users\HiDigi\OneDrive\Desktop\WebDev\FacialRecognition\app_data\temp_images\preview_20250622231349457985_test2.jpeg
2025-06-22 23:13:49,494 - app.services.face_service - INFO - Preview image saved to C:\Users\HiDigi\OneDrive\Desktop\WebDev\FacialRecognition\app_data\temp_images\preview_20250622231349457985_test2.jpeg
2025-06-22 23:15:31,984 - app.services.face_service - INFO - Face ID 1 associated with Person ID 1.
2025-06-22 23:15:48,894 - app.functions.image_processor - INFO - Detected 3 face(s).
2025-06-22 23:15:48,900 - app.services.face_service - INFO - Original filename: original_20250622231546903942_test.jpeg
2025-06-22 23:15:48,933 - app.functions.image_processor - INFO - Image saved successfully to: C:\Users\HiDigi\OneDrive\Desktop\WebDev\FacialRecognition\app_data\temp_images\preview_20250622231548901205_test.jpeg
2025-06-22 23:15:48,933 - app.services.face_service - INFO - Preview image saved to C:\Users\HiDigi\OneDrive\Desktop\WebDev\FacialRecognition\app_data\temp_images\preview_20250622231548901205_test.jpeg
2025-06-22 23:16:12,558 - app.services.face_service - INFO - Face ID 1 disassociated.
2025-06-22 23:16:27,393 - app.functions.image_processor - INFO - Detected 3 face(s).
2025-06-22 23:16:27,399 - app.services.face_service - INFO - Original filename: original_20250622231625458553_test.jpeg
2025-06-22 23:16:27,429 - app.functions.image_processor - INFO - Image saved successfully to: C:\Users\HiDigi\OneDrive\Desktop\WebDev\FacialRecognition\app_data\temp_images\preview_20250622231627400399_test.jpeg
2025-06-22 23:16:27,430 - app.services.face_service - INFO - Preview image saved to C:\Users\HiDigi\OneDrive\Desktop\WebDev\FacialRecognition\app_data\temp_images\preview_20250622231627400399_test.jpeg
2025-06-23 21:37:03,466 - app.functions.image_processor - INFO - Detected 2 face(s).
2025-06-23 21:37:03,491 - app.services.face_service - INFO - Original filename: original_20250623213701462615_foto wedding.jpeg
2025-06-23 21:37:03,553 - app.functions.image_processor - INFO - Image saved successfully to: C:\Users\HiDigi\OneDrive\Desktop\WebDev\FacialRecognition\app_data\temp_images\preview_20250623213703492376_foto wedding.jpeg
2025-06-23 21:37:03,554 - app.services.face_service - INFO - Preview image saved to C:\Users\HiDigi\OneDrive\Desktop\WebDev\FacialRecognition\app_data\temp_images\preview_20250623213703492376_foto wedding.jpeg
2025-06-23 21:47:37,895 - app.functions.image_processor - INFO - Detected 2 face(s).
2025-06-23 21:47:37,903 - app.services.face_service - INFO - Original filename: original_20250623214736217580_foto wedding.jpeg
2025-06-23 21:47:37,938 - app.functions.image_processor - INFO - Image saved successfully to: C:\Users\HiDigi\OneDrive\Desktop\WebDev\FacialRecognition\app_data\temp_images\preview_20250623214737903248_foto wedding.jpeg
2025-06-23 21:47:37,939 - app.services.face_service - INFO - Preview image saved to C:\Users\HiDigi\OneDrive\Desktop\WebDev\FacialRecognition\app_data\temp_images\preview_20250623214737903248_foto wedding.jpeg
2025-06-23 21:47:50,167 - app.functions.image_processor - INFO - Detected 2 face(s).
2025-06-23 21:47:50,172 - app.services.face_service - INFO - Original filename: original_20250623214748673534_foto wedding.jpeg
2025-06-23 21:47:50,198 - app.functions.image_processor - INFO - Image saved successfully to: C:\Users\HiDigi\OneDrive\Desktop\WebDev\FacialRecognition\app_data\temp_images\preview_20250623214750172455_foto wedding.jpeg
2025-06-23 21:47:50,199 - app.services.face_service - INFO - Preview image saved to C:\Users\HiDigi\OneDrive\Desktop\WebDev\FacialRecognition\app_data\temp_images\preview_20250623214750172455_foto wedding.jpeg
2025-06-23 22:08:55,371 - app.functions.image_processor - INFO - Detected 1 face(s).
2025-06-23 22:08:55,377 - app.services.face_service - INFO - Original filename: original_20250623220853934267_WhatsApp Image 2025-03-06 at 19.44.58.jpeg
2025-06-23 22:08:55,408 - app.functions.image_processor - INFO - Image saved successfully to: C:\Users\HiDigi\OneDrive\Desktop\WebDev\FacialRecognition\app_data\temp_images\preview_20250623220855378125_WhatsApp Image 2025-03-06 at 19.44.58.jpeg
2025-06-23 22:08:55,408 - app.services.face_service - INFO - Preview image saved to C:\Users\HiDigi\OneDrive\Desktop\WebDev\FacialRecognition\app_data\temp_images\preview_20250623220855378125_WhatsApp Image 2025-03-06 at 19.44.58.jpeg
2025-06-23 22:16:13,698 - app.functions.image_processor - INFO - Detected 2 face(s).
2025-06-23 22:16:13,706 - app.services.face_service - INFO - Original filename: original_20250623221612105865_foto wedding.jpeg
2025-06-23 22:16:13,733 - app.functions.image_processor - INFO - Image saved successfully to: C:\Users\HiDigi\OneDrive\Desktop\WebDev\FacialRecognition\app_data\temp_images\preview_20250623221613706490_foto wedding.jpeg
2025-06-23 22:16:13,734 - app.services.face_service - INFO - Preview image saved to C:\Users\HiDigi\OneDrive\Desktop\WebDev\FacialRecognition\app_data\temp_images\preview_20250623221613706490_foto wedding.jpeg
2025-06-23 22:23:29,609 - app.functions.image_processor - INFO - Detected 2 face(s).
2025-06-23 22:23:29,614 - app.services.face_service - INFO - Original filename: original_20250623222328049604_foto wedding.jpeg
2025-06-23 22:23:29,640 - app.functions.image_processor - INFO - Image saved successfully to: C:\Users\HiDigi\OneDrive\Desktop\WebDev\FacialRecognition\app_data\temp_images\preview_20250623222329614214_foto wedding.jpeg
2025-06-23 22:23:29,640 - app.services.face_service - INFO - Preview image saved to C:\Users\HiDigi\OneDrive\Desktop\WebDev\FacialRecognition\app_data\temp_images\preview_20250623222329614214_foto wedding.jpeg
2025-06-23 22:29:51,219 - app.functions.image_processor - INFO - Detected 2 face(s).
2025-06-23 22:29:51,224 - app.services.face_service - INFO - Original filename: original_20250623222949625553_foto wedding.jpeg
2025-06-23 22:29:51,253 - app.functions.image_processor - INFO - Image saved successfully to: C:\Users\HiDigi\OneDrive\Desktop\WebDev\FacialRecognition\app_data\temp_images\preview_20250623222951225650_foto wedding.jpeg
2025-06-23 22:29:51,254 - app.services.face_service - INFO - Preview image saved to C:\Users\HiDigi\OneDrive\Desktop\WebDev\FacialRecognition\app_data\temp_images\preview_20250623222951225650_foto wedding.jpeg
2025-06-23 22:35:30,829 - app.functions.image_processor - INFO - Detected 2 face(s).
2025-06-23 22:35:30,834 - app.services.face_service - INFO - Original filename: original_20250623223529250067_foto wedding.jpeg
2025-06-23 22:35:30,862 - app.functions.image_processor - INFO - Image saved successfully to: C:\Users\HiDigi\OneDrive\Desktop\WebDev\FacialRecognition\app_data\temp_images\preview_20250623223530834640_foto wedding.jpeg
2025-06-23 22:35:30,862 - app.services.face_service - INFO - Preview image saved to C:\Users\HiDigi\OneDrive\Desktop\WebDev\FacialRecognition\app_data\temp_images\preview_20250623223530834640_foto wedding.jpeg
2025-06-23 22:40:22,409 - app.functions.image_processor - INFO - Detected 2 face(s).
2025-06-23 22:40:22,413 - app.services.face_service - INFO - Original filename: original_20250623224020755285_foto wedding.jpeg
2025-06-23 22:40:22,440 - app.functions.image_processor - INFO - Image saved successfully to: C:\Users\HiDigi\OneDrive\Desktop\WebDev\FacialRecognition\app_data\temp_images\preview_20250623224022414666_foto wedding.jpeg
2025-06-23 22:40:22,440 - app.services.face_service - INFO - Preview image saved to C:\Users\HiDigi\OneDrive\Desktop\WebDev\FacialRecognition\app_data\temp_images\preview_20250623224022414666_foto wedding.jpeg
2025-06-24 12:44:22,907 - app.services.face_service - INFO - Face ID 1 associated with Person ID 1.
2025-06-24 14:42:19,086 - app.functions.image_processor - INFO - Detected 2 face(s).
2025-06-24 14:42:19,097 - app.services.face_service - INFO - Original filename: original_20250624144217342297_foto wedding.jpeg
2025-06-24 14:42:19,151 - app.functions.image_processor - INFO - Image saved successfully to: C:\Users\HiDigi\OneDrive\Desktop\WebDev\FacialRecognition\app_data\temp_images\preview_20250624144219098199_foto wedding.jpeg
2025-06-24 14:42:19,151 - app.services.face_service - INFO - Preview image saved to C:\Users\HiDigi\OneDrive\Desktop\WebDev\FacialRecognition\app_data\temp_images\preview_20250624144219098199_foto wedding.jpeg
2025-06-24 15:36:52,050 - app.services.people_service - ERROR - Error listing people with face counts: 1 validation error for PersonOut
  Input should be a valid dictionary or instance of PersonOut [type=model_type, input_value=<app.db.models.attendance...t at 0x000001F5ACC70400>, input_type=Person]
    For further information visit https://errors.pydantic.dev/2.9/v/model_type
2025-06-24 15:45:57,554 - app.services.people_service - ERROR - Error listing people with face counts: 'int' object has no attribute '__dict__'
2025-06-24 16:05:56,797 - app.services.people_service - ERROR - Error listing people with face counts: list index out of range
2025-06-24 20:19:53,116 - app.functions.image_processor - INFO - Detected 2 face(s).
2025-06-24 20:19:53,121 - app.services.face_service - INFO - Original filename: original_20250624201951436566_foto wedding.jpeg
2025-06-24 20:19:53,168 - app.functions.image_processor - INFO - Image saved successfully to: C:\Users\HiDigi\OneDrive\Desktop\WebDev\FacialRecognition\app_data\temp_images\preview_20250624201953122770_foto wedding.jpeg
2025-06-24 20:19:53,168 - app.services.face_service - INFO - Preview image saved to C:\Users\HiDigi\OneDrive\Desktop\WebDev\FacialRecognition\app_data\temp_images\preview_20250624201953122770_foto wedding.jpeg
2025-06-24 20:22:26,264 - app.services.face_service - INFO - Moved original image from temp to permanent: C:\Users\HiDigi\OneDrive\Desktop\WebDev\FacialRecognition\app_data\permanent_images\original_20250624201951436566_foto wedding.jpeg
2025-06-24 20:22:26,299 - app.services.face_service - INFO - Deleted temporary preview image: C:\Users\HiDigi\OneDrive\Desktop\WebDev\FacialRecognition\app_data\temp_images\preview_20250624201953122770_foto wedding.jpeg
2025-06-24 20:30:23,910 - app.functions.image_processor - INFO - Detected 2 face(s).
2025-06-24 20:30:23,924 - app.services.face_service - INFO - Original filename: original_20250624203022464565_foto wedding.jpeg
2025-06-24 20:30:23,949 - app.functions.image_processor - INFO - Image saved successfully to: C:\Users\HiDigi\OneDrive\Desktop\WebDev\FacialRecognition\app_data\temp_images\preview_20250624203023925292_foto wedding.jpeg
2025-06-24 20:30:23,950 - app.services.face_service - INFO - Preview image saved to C:\Users\HiDigi\OneDrive\Desktop\WebDev\FacialRecognition\app_data\temp_images\preview_20250624203023925292_foto wedding.jpeg
2025-06-24 20:50:12,551 - app.functions.image_processor - INFO - Detected 1 face(s).
2025-06-24 20:50:12,554 - app.services.face_service - INFO - Original filename: original_20250624205011212826_WhatsApp Image 2025-03-06 at 19.44.58.jpeg
2025-06-24 20:50:12,584 - app.functions.image_processor - INFO - Image saved successfully to: C:\Users\HiDigi\OneDrive\Desktop\WebDev\FacialRecognition\app_data\temp_images\preview_20250624205012555440_WhatsApp Image 2025-03-06 at 19.44.58.jpeg
2025-06-24 20:50:12,585 - app.services.face_service - INFO - Preview image saved to C:\Users\HiDigi\OneDrive\Desktop\WebDev\FacialRecognition\app_data\temp_images\preview_20250624205012555440_WhatsApp Image 2025-03-06 at 19.44.58.jpeg
2025-06-24 21:22:09,773 - app.functions.image_processor - INFO - Detected 2 face(s).
2025-06-24 21:22:09,780 - app.services.face_service - INFO - Original filename: original_20250624212208179518_foto wedding.jpeg
2025-06-24 21:22:09,804 - app.functions.image_processor - INFO - Image saved successfully to: C:\Users\HiDigi\OneDrive\Desktop\WebDev\FacialRecognition\app_data\temp_images\preview_20250624212209780296_foto wedding.jpeg
2025-06-24 21:22:09,805 - app.services.face_service - INFO - Preview image saved to C:\Users\HiDigi\OneDrive\Desktop\WebDev\FacialRecognition\app_data\temp_images\preview_20250624212209780296_foto wedding.jpeg
2025-06-27 22:17:54,571 - app.functions.image_processor - ERROR - Image file 'AntlerDedy.jpeg' does not exist.
2025-06-27 22:19:49,405 - app.functions.image_processor - ERROR - Image file '/public/people/images/people/1/9150fd046d544237bef089ace5420f83.jpeg' does not exist.
2025-06-27 22:22:46,864 - app.functions.image_processor - ERROR - Error loading image app_data\public_people_images\people\1: [Errno 13] Permission denied: 'C:\\Users\\HiDigi\\OneDrive\\Desktop\\WebDev\\FacialRecognition\\app_data\\public_people_images\\people\\1'
2025-06-27 22:24:49,408 - app.functions.image_processor - INFO - Detected 1 face(s).
2025-06-27 23:52:33,274 - app.functions.image_processor - INFO - Detected 1 face(s).
2025-06-27 23:52:46,306 - app.functions.image_processor - INFO - Detected 1 face(s).
2025-06-27 23:58:08,431 - app.functions.image_processor - INFO - Detected 1 face(s).
2025-06-28 00:08:08,289 - app.functions.image_processor - INFO - Detected 1 face(s).
2025-06-28 00:08:35,475 - app.functions.image_processor - INFO - Detected 1 face(s).
2025-06-28 00:08:35,480 - app.services.base_service - ERROR - Error fetching Face by ID 1: 404: Face with ID 1 not found
2025-06-28 00:11:58,587 - app.functions.image_processor - INFO - Detected 1 face(s).
2025-06-28 00:12:32,398 - app.functions.image_processor - INFO - Detected 1 face(s).
2025-06-28 00:12:32,401 - app.services.face_service - INFO - Overwriting existing face for person_id 1
2025-06-28 00:15:46,937 - app.functions.image_processor - INFO - Detected 1 face(s).
2025-06-28 00:15:46,940 - app.services.face_service - INFO - Overwriting existing face for person_id 1
2025-06-28 00:20:56,544 - app.functions.image_processor - INFO - Detected 1 face(s).
2025-06-28 00:20:56,547 - app.services.face_service - INFO - Overwriting existing face for person_id 1
2025-06-28 00:21:35,339 - app.functions.image_processor - INFO - Detected 1 face(s).
2025-06-28 00:21:35,341 - app.services.face_service - INFO - Overwriting existing face for person_id 1
2025-06-28 00:22:21,334 - app.functions.image_processor - INFO - Detected 2 face(s).
2025-06-28 00:22:21,344 - app.services.face_service - INFO - Original filename: original_20250628002219710147_foto wedding.jpeg
2025-06-28 00:22:21,392 - app.functions.image_processor - INFO - Image saved successfully to: C:\Users\HiDigi\OneDrive\Desktop\WebDev\FacialRecognition\app_data\temp_images\preview_20250628002221345463_foto wedding.jpeg
2025-06-28 00:22:21,392 - app.services.face_service - INFO - Preview image saved to C:\Users\HiDigi\OneDrive\Desktop\WebDev\FacialRecognition\app_data\temp_images\preview_20250628002221345463_foto wedding.jpeg
2025-06-28 00:22:50,403 - app.functions.image_processor - INFO - Detected 1 face(s).
2025-06-28 00:22:50,909 - app.functions.image_processor - INFO - Detected 1 face(s).
2025-06-28 00:22:50,912 - app.services.face_service - INFO - Overwriting existing face for person_id 2
2025-06-28 00:23:13,570 - app.functions.image_processor - INFO - Detected 3 face(s).
2025-06-28 00:23:13,576 - app.services.face_service - INFO - Original filename: original_20250628002312157025_PHR03.jpeg
2025-06-28 00:23:13,587 - app.functions.image_processor - INFO - Image saved successfully to: C:\Users\HiDigi\OneDrive\Desktop\WebDev\FacialRecognition\app_data\temp_images\preview_20250628002313577485_PHR03.jpeg
2025-06-28 00:23:13,587 - app.services.face_service - INFO - Preview image saved to C:\Users\HiDigi\OneDrive\Desktop\WebDev\FacialRecognition\app_data\temp_images\preview_20250628002313577485_PHR03.jpeg
2025-06-28 00:23:43,148 - app.functions.image_processor - INFO - Detected 2 face(s).
2025-06-28 00:23:43,154 - app.services.face_service - INFO - Original filename: original_20250628002341468789_foto wedding.jpeg
2025-06-28 00:23:43,178 - app.functions.image_processor - INFO - Image saved successfully to: C:\Users\HiDigi\OneDrive\Desktop\WebDev\FacialRecognition\app_data\temp_images\preview_20250628002343154610_foto wedding.jpeg
2025-06-28 00:23:43,178 - app.services.face_service - INFO - Preview image saved to C:\Users\HiDigi\OneDrive\Desktop\WebDev\FacialRecognition\app_data\temp_images\preview_20250628002343154610_foto wedding.jpeg
2025-06-28 00:24:00,584 - app.functions.image_processor - INFO - Detected 1 face(s).
2025-06-28 00:24:00,588 - app.services.face_service - INFO - Original filename: original_20250628002400133171_WhatsApp_Image_2023-11-16_at_13.59.35-removebg-preview.png
2025-06-28 00:24:00,598 - app.functions.image_processor - INFO - Image saved successfully to: C:\Users\HiDigi\OneDrive\Desktop\WebDev\FacialRecognition\app_data\temp_images\preview_20250628002400589627_13.59.35-removebg-preview.png
2025-06-28 00:24:00,599 - app.services.face_service - INFO - Preview image saved to C:\Users\HiDigi\OneDrive\Desktop\WebDev\FacialRecognition\app_data\temp_images\preview_20250628002400589627_13.59.35-removebg-preview.png
2025-06-28 00:25:32,031 - app.functions.image_processor - INFO - Detected 2 face(s).
2025-06-28 00:25:32,038 - app.services.face_service - INFO - Original filename: original_20250628002530413896_foto wedding.jpeg
2025-06-28 00:25:32,067 - app.functions.image_processor - INFO - Image saved successfully to: C:\Users\HiDigi\OneDrive\Desktop\WebDev\FacialRecognition\app_data\temp_images\preview_20250628002532038332_foto wedding.jpeg
2025-06-28 00:25:32,067 - app.services.face_service - INFO - Preview image saved to C:\Users\HiDigi\OneDrive\Desktop\WebDev\FacialRecognition\app_data\temp_images\preview_20250628002532038332_foto wedding.jpeg
2025-06-28 00:28:46,406 - app.functions.image_processor - INFO - Detected 2 face(s).
2025-06-28 00:28:46,412 - app.services.face_service - INFO - Original filename: original_20250628002844797142_foto wedding.jpeg
2025-06-28 00:28:46,440 - app.functions.image_processor - INFO - Image saved successfully to: C:\Users\HiDigi\OneDrive\Desktop\WebDev\FacialRecognition\app_data\temp_images\preview_20250628002846412051_foto wedding.jpeg
2025-06-28 00:28:46,441 - app.services.face_service - INFO - Preview image saved to C:\Users\HiDigi\OneDrive\Desktop\WebDev\FacialRecognition\app_data\temp_images\preview_20250628002846412051_foto wedding.jpeg
2025-06-28 00:29:02,758 - app.functions.image_processor - INFO - Detected 2 face(s).
2025-06-28 00:29:02,762 - app.services.face_service - INFO - Original filename: original_20250628002901199049_foto wedding.jpeg
2025-06-28 00:29:02,789 - app.functions.image_processor - INFO - Image saved successfully to: C:\Users\HiDigi\OneDrive\Desktop\WebDev\FacialRecognition\app_data\temp_images\preview_20250628002902763915_foto wedding.jpeg
2025-06-28 00:29:02,790 - app.services.face_service - INFO - Preview image saved to C:\Users\HiDigi\OneDrive\Desktop\WebDev\FacialRecognition\app_data\temp_images\preview_20250628002902763915_foto wedding.jpeg
2025-06-28 00:29:14,848 - app.services.face_service - INFO - Moved original image from temp to permanent: C:\Users\HiDigi\OneDrive\Desktop\WebDev\FacialRecognition\app_data\permanent_images\original_20250628002901199049_foto wedding.jpeg
2025-06-28 00:29:14,874 - app.services.face_service - INFO - Deleted temporary preview image: C:\Users\HiDigi\OneDrive\Desktop\WebDev\FacialRecognition\app_data\temp_images\preview_20250628002902763915_foto wedding.jpeg
2025-06-28 15:41:24,929 - app.services.image_record_service - INFO - Formatted records: [{'record_id': 51, 'face_id': 9, 'detection_time': datetime.datetime(2025, 6, 28, 0, 29, 2, 759141), 'image_path': 'C:\\Users\\HiDigi\\OneDrive\\Desktop\\WebDev\\FacialRecognition\\app_data\\permanent_images\\original_20250628002901199049_foto wedding.jpeg', 'image_url': 'C:\\Users\\HiDigi\\OneDrive\\Desktop\\WebDev\\FacialRecognition\\app_data\\permanent_images\\original_20250628002901199049_foto wedding.jpeg'}]
2025-06-28 15:42:57,277 - app.services.image_record_service - INFO - Converting image path C:\Users\HiDigi\OneDrive\Desktop\WebDev\FacialRecognition\app_data\permanent_images\original_20250628002901199049_foto wedding.jpeg to URL
2025-06-28 15:42:57,278 - app.services.image_record_service - INFO - Server image storage root: C:\Users\HiDigi\OneDrive\Desktop\WebDev\FacialRecognition\app_data\permanent_images
2025-06-28 15:42:57,279 - app.services.image_record_service - INFO - filename: original_20250628002901199049_foto wedding.jpeg
2025-06-28 15:42:57,279 - app.services.image_record_service - INFO - file_url: C:\Users\HiDigi\OneDrive\Desktop\WebDev\FacialRecognition\app_data\permanent_images\original_20250628002901199049_foto wedding.jpeg
2025-06-28 15:42:57,280 - app.services.image_record_service - INFO - Formatted records: [{'record_id': 51, 'face_id': 9, 'detection_time': datetime.datetime(2025, 6, 28, 0, 29, 2, 759141), 'image_path': 'C:\\Users\\HiDigi\\OneDrive\\Desktop\\WebDev\\FacialRecognition\\app_data\\permanent_images\\original_20250628002901199049_foto wedding.jpeg', 'image_url': 'C:\\Users\\HiDigi\\OneDrive\\Desktop\\WebDev\\FacialRecognition\\app_data\\permanent_images\\original_20250628002901199049_foto wedding.jpeg'}]
2025-06-28 15:42:57,280 - app.services.image_record_service - INFO - Converting image path C:\Users\HiDigi\OneDrive\Desktop\WebDev\FacialRecognition\app_data\permanent_images\original_20250628002901199049_foto wedding.jpeg to URL
2025-06-28 15:42:57,280 - app.services.image_record_service - INFO - Server image storage root: C:\Users\HiDigi\OneDrive\Desktop\WebDev\FacialRecognition\app_data\permanent_images
2025-06-28 15:42:57,281 - app.services.image_record_service - INFO - filename: original_20250628002901199049_foto wedding.jpeg
2025-06-28 15:42:57,281 - app.services.image_record_service - INFO - file_url: C:\Users\HiDigi\OneDrive\Desktop\WebDev\FacialRecognition\app_data\permanent_images\original_20250628002901199049_foto wedding.jpeg
2025-06-28 15:44:41,759 - app.services.image_record_service - INFO - Converting image path C:\Users\HiDigi\OneDrive\Desktop\WebDev\FacialRecognition\app_data\permanent_images\original_20250628002901199049_foto wedding.jpeg to URL
2025-06-28 15:44:41,760 - app.services.image_record_service - INFO - Server image storage root: /public_images
2025-06-28 15:44:41,760 - app.services.image_record_service - INFO - filename: original_20250628002901199049_foto wedding.jpeg
2025-06-28 15:44:41,761 - app.services.image_record_service - INFO - file_url: /public_images\original_20250628002901199049_foto wedding.jpeg
2025-06-28 15:44:41,761 - app.services.image_record_service - INFO - Formatted records: [{'record_id': 51, 'face_id': 9, 'detection_time': datetime.datetime(2025, 6, 28, 0, 29, 2, 759141), 'image_path': 'C:\\Users\\HiDigi\\OneDrive\\Desktop\\WebDev\\FacialRecognition\\app_data\\permanent_images\\original_20250628002901199049_foto wedding.jpeg', 'image_url': '/public_images\\original_20250628002901199049_foto wedding.jpeg'}]
2025-06-28 15:44:41,761 - app.services.image_record_service - INFO - Converting image path C:\Users\HiDigi\OneDrive\Desktop\WebDev\FacialRecognition\app_data\permanent_images\original_20250628002901199049_foto wedding.jpeg to URL
2025-06-28 15:44:41,762 - app.services.image_record_service - INFO - Server image storage root: /public_images
2025-06-28 15:44:41,762 - app.services.image_record_service - INFO - filename: original_20250628002901199049_foto wedding.jpeg
2025-06-28 15:44:41,762 - app.services.image_record_service - INFO - file_url: /public_images\original_20250628002901199049_foto wedding.jpeg
2025-06-28 15:49:12,819 - app.functions.image_processor - INFO - Detected 2 face(s).
2025-06-28 15:49:12,838 - app.services.face_service - INFO - Original filename: original_20250628154910684081_foto wedding.jpeg
2025-06-28 15:49:12,926 - app.functions.image_processor - INFO - Image saved successfully to: C:\Users\HiDigi\OneDrive\Desktop\WebDev\FacialRecognition\app_data\temp_images\preview_20250628154912839731_foto wedding.jpeg
2025-06-28 15:49:12,927 - app.services.face_service - INFO - Preview image saved to C:\Users\HiDigi\OneDrive\Desktop\WebDev\FacialRecognition\app_data\temp_images\preview_20250628154912839731_foto wedding.jpeg
2025-06-28 15:49:19,113 - app.services.face_service - INFO - Moved original image from temp to permanent: C:\Users\HiDigi\OneDrive\Desktop\WebDev\FacialRecognition\app_data\permanent_images\original_20250628154910684081_foto wedding.jpeg
2025-06-28 15:49:19,146 - app.services.face_service - INFO - Deleted temporary preview image: C:\Users\HiDigi\OneDrive\Desktop\WebDev\FacialRecognition\app_data\temp_images\preview_20250628154912839731_foto wedding.jpeg
2025-06-28 15:49:25,017 - app.services.image_record_service - INFO - Converting image path C:\Users\HiDigi\OneDrive\Desktop\WebDev\FacialRecognition\app_data\permanent_images\original_20250628154910684081_foto wedding.jpeg to URL
2025-06-28 15:49:25,018 - app.services.image_record_service - INFO - Server image storage root: /public_images
2025-06-28 15:49:25,018 - app.services.image_record_service - INFO - filename: original_20250628154910684081_foto wedding.jpeg
2025-06-28 15:49:25,018 - app.services.image_record_service - INFO - file_url: /public_images\original_20250628154910684081_foto wedding.jpeg
2025-06-28 15:49:25,019 - app.services.image_record_service - INFO - Formatted records: [{'record_id': 53, 'face_id': 9, 'detection_time': datetime.datetime(2025, 6, 28, 15, 49, 12, 819739), 'image_path': 'C:\\Users\\HiDigi\\OneDrive\\Desktop\\WebDev\\FacialRecognition\\app_data\\permanent_images\\original_20250628154910684081_foto wedding.jpeg', 'image_url': '/public_images\\original_20250628154910684081_foto wedding.jpeg'}]
2025-06-28 15:49:25,019 - app.services.image_record_service - INFO - Converting image path C:\Users\HiDigi\OneDrive\Desktop\WebDev\FacialRecognition\app_data\permanent_images\original_20250628154910684081_foto wedding.jpeg to URL
2025-06-28 15:49:25,019 - app.services.image_record_service - INFO - Server image storage root: /public_images
2025-06-28 15:49:25,020 - app.services.image_record_service - INFO - filename: original_20250628154910684081_foto wedding.jpeg
2025-06-28 15:49:25,020 - app.services.image_record_service - INFO - file_url: /public_images\original_20250628154910684081_foto wedding.jpeg
2025-06-28 16:00:57,695 - app.functions.image_processor - INFO - Detected 2 face(s).
2025-06-28 16:00:57,703 - app.services.face_service - INFO - Original filename: original_20250628160056211049_foto wedding.jpeg
2025-06-28 16:00:57,735 - app.functions.image_processor - INFO - Image saved successfully to: C:\Users\HiDigi\OneDrive\Desktop\WebDev\FacialRecognition\app_data\temp_images\preview_20250628160057703185_foto wedding.jpeg
2025-06-28 16:00:57,736 - app.services.face_service - INFO - Preview image saved to C:\Users\HiDigi\OneDrive\Desktop\WebDev\FacialRecognition\app_data\temp_images\preview_20250628160057703185_foto wedding.jpeg
2025-06-28 16:00:59,828 - app.services.face_service - INFO - Moved original image from temp to permanent: C:\Users\HiDigi\OneDrive\Desktop\WebDev\FacialRecognition\app_data\permanent_images\original_20250628160056211049_foto wedding.jpeg
2025-06-28 16:00:59,855 - app.services.face_service - INFO - Deleted temporary preview image: C:\Users\HiDigi\OneDrive\Desktop\WebDev\FacialRecognition\app_data\temp_images\preview_20250628160057703185_foto wedding.jpeg
2025-06-28 16:01:41,866 - app.services.image_record_service - INFO - Converting image path C:\Users\HiDigi\OneDrive\Desktop\WebDev\FacialRecognition\app_data\permanent_images\original_20250628160056211049_foto wedding.jpeg to URL
2025-06-28 16:01:41,867 - app.services.image_record_service - INFO - Server image storage root: /public_images
2025-06-28 16:01:41,867 - app.services.image_record_service - INFO - filename: original_20250628160056211049_foto wedding.jpeg
2025-06-28 16:01:41,867 - app.services.image_record_service - INFO - file_url: /public_images\original_20250628160056211049_foto wedding.jpeg
2025-06-28 16:01:41,868 - app.services.image_record_service - INFO - Formatted records: [{'record_id': 55, 'face_id': 9, 'detection_time': datetime.datetime(2025, 6, 28, 16, 0, 57, 695430), 'image_path': 'C:\\Users\\HiDigi\\OneDrive\\Desktop\\WebDev\\FacialRecognition\\app_data\\permanent_images\\original_20250628160056211049_foto wedding.jpeg', 'image_url': '/public_images\\original_20250628160056211049_foto wedding.jpeg'}]
2025-06-28 16:01:41,868 - app.services.image_record_service - INFO - Converting image path C:\Users\HiDigi\OneDrive\Desktop\WebDev\FacialRecognition\app_data\permanent_images\original_20250628160056211049_foto wedding.jpeg to URL
2025-06-28 16:01:41,868 - app.services.image_record_service - INFO - Server image storage root: /public_images
2025-06-28 16:01:41,869 - app.services.image_record_service - INFO - filename: original_20250628160056211049_foto wedding.jpeg
2025-06-28 16:01:41,869 - app.services.image_record_service - INFO - file_url: /public_images\original_20250628160056211049_foto wedding.jpeg
2025-06-28 16:05:20,782 - app.functions.image_processor - INFO - Detected 2 face(s).
2025-06-28 16:05:20,792 - app.services.face_service - INFO - Original filename: original_20250628160519224523_foto wedding.jpeg
2025-06-28 16:05:20,825 - app.functions.image_processor - INFO - Image saved successfully to: C:\Users\HiDigi\OneDrive\Desktop\WebDev\FacialRecognition\app_data\temp_images\preview_20250628160520793252_foto wedding.jpeg
2025-06-28 16:05:20,826 - app.services.face_service - INFO - Preview image saved to C:\Users\HiDigi\OneDrive\Desktop\WebDev\FacialRecognition\app_data\temp_images\preview_20250628160520793252_foto wedding.jpeg
2025-06-28 16:05:23,411 - app.services.face_service - INFO - Moved original image from temp to permanent: C:\Users\HiDigi\OneDrive\Desktop\WebDev\FacialRecognition\app_data\permanent_images\original_20250628160519224523_foto wedding.jpeg
2025-06-28 16:05:23,434 - app.services.face_service - INFO - Deleted temporary preview image: C:\Users\HiDigi\OneDrive\Desktop\WebDev\FacialRecognition\app_data\temp_images\preview_20250628160520793252_foto wedding.jpeg
2025-06-28 16:05:49,014 - app.functions.image_processor - INFO - Detected 2 face(s).
2025-06-28 16:05:49,019 - app.services.face_service - INFO - Original filename: original_20250628160547482247_foto wedding.jpeg
2025-06-28 16:05:49,045 - app.functions.image_processor - INFO - Image saved successfully to: C:\Users\HiDigi\OneDrive\Desktop\WebDev\FacialRecognition\app_data\temp_images\preview_20250628160549020732_foto wedding.jpeg
2025-06-28 16:05:49,045 - app.services.face_service - INFO - Preview image saved to C:\Users\HiDigi\OneDrive\Desktop\WebDev\FacialRecognition\app_data\temp_images\preview_20250628160549020732_foto wedding.jpeg
2025-06-28 16:05:49,898 - app.services.face_service - INFO - Moved original image from temp to permanent: C:\Users\HiDigi\OneDrive\Desktop\WebDev\FacialRecognition\app_data\permanent_images\original_20250628160547482247_foto wedding.jpeg
2025-06-28 16:05:49,922 - app.services.face_service - INFO - Deleted temporary preview image: C:\Users\HiDigi\OneDrive\Desktop\WebDev\FacialRecognition\app_data\temp_images\preview_20250628160549020732_foto wedding.jpeg
2025-06-28 16:05:55,519 - app.services.image_record_service - INFO - Converting image path C:\Users\HiDigi\OneDrive\Desktop\WebDev\FacialRecognition\app_data\permanent_images\original_20250628160547482247_foto wedding.jpeg to URL
2025-06-28 16:05:55,520 - app.services.image_record_service - INFO - Server image storage root: /public_images
2025-06-28 16:05:55,520 - app.services.image_record_service - INFO - filename: original_20250628160547482247_foto wedding.jpeg
2025-06-28 16:05:55,521 - app.services.image_record_service - INFO - file_url: /public_images\original_20250628160547482247_foto wedding.jpeg
2025-06-28 16:05:55,521 - app.services.image_record_service - INFO - Formatted records: [{'record_id': 59, 'face_id': 9, 'detection_time': datetime.datetime(2025, 6, 28, 9, 5, 49, 15737, tzinfo=datetime.timezone.utc), 'image_path': 'C:\\Users\\HiDigi\\OneDrive\\Desktop\\WebDev\\FacialRecognition\\app_data\\permanent_images\\original_20250628160547482247_foto wedding.jpeg', 'image_url': '/public_images\\original_20250628160547482247_foto wedding.jpeg'}]
2025-06-28 16:05:55,521 - app.services.image_record_service - INFO - Converting image path C:\Users\HiDigi\OneDrive\Desktop\WebDev\FacialRecognition\app_data\permanent_images\original_20250628160547482247_foto wedding.jpeg to URL
2025-06-28 16:05:55,522 - app.services.image_record_service - INFO - Server image storage root: /public_images
2025-06-28 16:05:55,522 - app.services.image_record_service - INFO - filename: original_20250628160547482247_foto wedding.jpeg
2025-06-28 16:05:55,522 - app.services.image_record_service - INFO - file_url: /public_images\original_20250628160547482247_foto wedding.jpeg
2025-06-28 16:09:24,170 - app.services.image_record_service - INFO - Converting image path C:\Users\HiDigi\OneDrive\Desktop\WebDev\FacialRecognition\app_data\permanent_images\original_20250628160547482247_foto wedding.jpeg to URL
2025-06-28 16:09:24,170 - app.services.image_record_service - INFO - Server image storage root: /public_images
2025-06-28 16:09:24,171 - app.services.image_record_service - INFO - filename: original_20250628160547482247_foto wedding.jpeg
2025-06-28 16:09:24,171 - app.services.image_record_service - INFO - file_url: /public_images\original_20250628160547482247_foto wedding.jpeg
2025-06-28 16:09:24,171 - app.services.image_record_service - INFO - Formatted records: [{'record_id': 59, 'face_id': 9, 'detection_time': datetime.datetime(2025, 6, 28, 9, 5, 49, 15737, tzinfo=datetime.timezone.utc), 'image_path': 'C:\\Users\\HiDigi\\OneDrive\\Desktop\\WebDev\\FacialRecognition\\app_data\\permanent_images\\original_20250628160547482247_foto wedding.jpeg', 'image_url': '/public_images\\original_20250628160547482247_foto wedding.jpeg'}]
2025-06-28 16:09:24,172 - app.services.image_record_service - INFO - Converting image path C:\Users\HiDigi\OneDrive\Desktop\WebDev\FacialRecognition\app_data\permanent_images\original_20250628160547482247_foto wedding.jpeg to URL
2025-06-28 16:09:24,172 - app.services.image_record_service - INFO - Server image storage root: /public_images
2025-06-28 16:09:24,172 - app.services.image_record_service - INFO - filename: original_20250628160547482247_foto wedding.jpeg
2025-06-28 16:09:24,172 - app.services.image_record_service - INFO - file_url: /public_images\original_20250628160547482247_foto wedding.jpeg
2025-06-28 16:09:46,735 - app.services.image_record_service - INFO - Converting image path C:\Users\HiDigi\OneDrive\Desktop\WebDev\FacialRecognition\app_data\permanent_images\original_20250628160547482247_foto wedding.jpeg to URL
2025-06-28 16:09:46,736 - app.services.image_record_service - INFO - Server image storage root: /public_images
2025-06-28 16:09:46,736 - app.services.image_record_service - INFO - filename: original_20250628160547482247_foto wedding.jpeg
2025-06-28 16:09:46,736 - app.services.image_record_service - INFO - file_url: /public_images\original_20250628160547482247_foto wedding.jpeg
2025-06-28 16:09:46,737 - app.services.image_record_service - INFO - Formatted records: [{'record_id': 59, 'face_id': 9, 'detection_time': datetime.datetime(2025, 6, 28, 9, 5, 49, 15737, tzinfo=datetime.timezone.utc), 'image_path': 'C:\\Users\\HiDigi\\OneDrive\\Desktop\\WebDev\\FacialRecognition\\app_data\\permanent_images\\original_20250628160547482247_foto wedding.jpeg', 'image_url': '/public_images\\original_20250628160547482247_foto wedding.jpeg'}]
2025-06-28 16:09:46,737 - app.services.image_record_service - INFO - Converting image path C:\Users\HiDigi\OneDrive\Desktop\WebDev\FacialRecognition\app_data\permanent_images\original_20250628160547482247_foto wedding.jpeg to URL
2025-06-28 16:09:46,737 - app.services.image_record_service - INFO - Server image storage root: /public_images
2025-06-28 16:09:46,738 - app.services.image_record_service - INFO - filename: original_20250628160547482247_foto wedding.jpeg
2025-06-28 16:09:46,738 - app.services.image_record_service - INFO - file_url: /public_images\original_20250628160547482247_foto wedding.jpeg
2025-06-28 16:14:51,241 - app.functions.image_processor - INFO - Detected 2 face(s).
2025-06-28 16:14:51,249 - app.services.face_service - INFO - Original filename: original_20250628161449611918_foto wedding.jpeg
2025-06-28 16:14:51,281 - app.functions.image_processor - INFO - Image saved successfully to: C:\Users\HiDigi\OneDrive\Desktop\WebDev\FacialRecognition\app_data\temp_images\preview_20250628161451249894_foto wedding.jpeg
2025-06-28 16:14:51,281 - app.services.face_service - INFO - Preview image saved to C:\Users\HiDigi\OneDrive\Desktop\WebDev\FacialRecognition\app_data\temp_images\preview_20250628161451249894_foto wedding.jpeg
2025-06-28 16:14:53,770 - app.services.face_service - INFO - Moved original image from temp to permanent: C:\Users\HiDigi\OneDrive\Desktop\WebDev\FacialRecognition\app_data\permanent_images\original_20250628161449611918_foto wedding.jpeg
2025-06-28 16:14:53,793 - app.services.face_service - INFO - Deleted temporary preview image: C:\Users\HiDigi\OneDrive\Desktop\WebDev\FacialRecognition\app_data\temp_images\preview_20250628161451249894_foto wedding.jpeg
2025-06-28 16:15:48,540 - app.services.face_service - ERROR - Original temp file not found: C:\Users\HiDigi\OneDrive\Desktop\WebDev\FacialRecognition\app_data\temp_images\original_20250628161449611918_foto wedding.jpeg
2025-06-28 16:15:54,441 - app.functions.image_processor - INFO - Detected 2 face(s).
2025-06-28 16:15:54,532 - app.services.face_service - INFO - Original filename: original_20250628161552840772_foto wedding.jpeg
2025-06-28 16:15:54,567 - app.functions.image_processor - INFO - Image saved successfully to: C:\Users\HiDigi\OneDrive\Desktop\WebDev\FacialRecognition\app_data\temp_images\preview_20250628161554532674_foto wedding.jpeg
2025-06-28 16:15:54,567 - app.services.face_service - INFO - Preview image saved to C:\Users\HiDigi\OneDrive\Desktop\WebDev\FacialRecognition\app_data\temp_images\preview_20250628161554532674_foto wedding.jpeg
2025-06-28 16:15:56,107 - app.services.face_service - INFO - Moved original image from temp to permanent: C:\Users\HiDigi\OneDrive\Desktop\WebDev\FacialRecognition\app_data\permanent_images\original_20250628161552840772_foto wedding.jpeg
2025-06-28 16:15:56,121 - app.services.face_service - ERROR - Error updating last_seen for face ID 10: (sqlalchemy.dialects.postgresql.asyncpg.Error) <class 'asyncpg.exceptions.DataError'>: invalid input for query argument $1: '2025-06-28T16:15:54.442591+07:00' (expected a datetime.date or datetime.datetime instance, got 'str')
[SQL: UPDATE faces SET last_seen=$1::TIMESTAMP WITH TIME ZONE WHERE faces.face_id = $2::INTEGER]
[parameters: ('2025-06-28T16:15:54.442591+07:00', 10)]
(Background on this error at: https://sqlalche.me/e/20/dbapi)
2025-06-28 16:15:56,121 - app.services.face_service - ERROR - Error saving confirmed face data for C:\Users\HiDigi\OneDrive\Desktop\WebDev\FacialRecognition\app_data\temp_images\original_20250628161552840772_foto wedding.jpeg: (sqlalchemy.dialects.postgresql.asyncpg.Error) <class 'asyncpg.exceptions.DataError'>: invalid input for query argument $1: '2025-06-28T16:15:54.442591+07:00' (expected a datetime.date or datetime.datetime instance, got 'str')
[SQL: UPDATE faces SET last_seen=$1::TIMESTAMP WITH TIME ZONE WHERE faces.face_id = $2::INTEGER]
[parameters: ('2025-06-28T16:15:54.442591+07:00', 10)]
(Background on this error at: https://sqlalche.me/e/20/dbapi)
2025-06-28 16:15:56,124 - app.services.face_service - ERROR - Error updating last_seen for face ID 9: (sqlalchemy.dialects.postgresql.asyncpg.Error) <class 'asyncpg.exceptions.DataError'>: invalid input for query argument $1: '2025-06-28T16:15:54.442591+07:00' (expected a datetime.date or datetime.datetime instance, got 'str')
[SQL: UPDATE faces SET last_seen=$1::TIMESTAMP WITH TIME ZONE WHERE faces.face_id = $2::INTEGER]
[parameters: ('2025-06-28T16:15:54.442591+07:00', 9)]
(Background on this error at: https://sqlalche.me/e/20/dbapi)
2025-06-28 16:15:56,125 - app.services.face_service - ERROR - Error saving confirmed face data for C:\Users\HiDigi\OneDrive\Desktop\WebDev\FacialRecognition\app_data\temp_images\original_20250628161552840772_foto wedding.jpeg: (sqlalchemy.dialects.postgresql.asyncpg.Error) <class 'asyncpg.exceptions.DataError'>: invalid input for query argument $1: '2025-06-28T16:15:54.442591+07:00' (expected a datetime.date or datetime.datetime instance, got 'str')
[SQL: UPDATE faces SET last_seen=$1::TIMESTAMP WITH TIME ZONE WHERE faces.face_id = $2::INTEGER]
[parameters: ('2025-06-28T16:15:54.442591+07:00', 9)]
(Background on this error at: https://sqlalche.me/e/20/dbapi)
2025-06-28 16:15:56,128 - app.services.face_service - INFO - Deleted temporary preview image: C:\Users\HiDigi\OneDrive\Desktop\WebDev\FacialRecognition\app_data\temp_images\preview_20250628161554532674_foto wedding.jpeg
2025-06-28 16:17:18,091 - app.functions.image_processor - INFO - Detected 2 face(s).
2025-06-28 16:17:18,099 - app.services.face_service - INFO - Original filename: original_20250628161716551893_foto wedding.jpeg
2025-06-28 16:17:18,131 - app.functions.image_processor - INFO - Image saved successfully to: C:\Users\HiDigi\OneDrive\Desktop\WebDev\FacialRecognition\app_data\temp_images\preview_20250628161718099067_foto wedding.jpeg
2025-06-28 16:17:18,132 - app.services.face_service - INFO - Preview image saved to C:\Users\HiDigi\OneDrive\Desktop\WebDev\FacialRecognition\app_data\temp_images\preview_20250628161718099067_foto wedding.jpeg
2025-06-28 16:17:20,500 - app.services.face_service - INFO - Moved original image from temp to permanent: C:\Users\HiDigi\OneDrive\Desktop\WebDev\FacialRecognition\app_data\permanent_images\original_20250628161716551893_foto wedding.jpeg
2025-06-28 16:17:20,505 - app.services.face_service - ERROR - Error updating last_seen for face ID 10: (sqlalchemy.dialects.postgresql.asyncpg.Error) <class 'asyncpg.exceptions.DataError'>: invalid input for query argument $1: '2025-06-28T16:17:18.093057+07:00' (expected a datetime.date or datetime.datetime instance, got 'str')
[SQL: UPDATE faces SET last_seen=$1::TIMESTAMP WITH TIME ZONE WHERE faces.face_id = $2::INTEGER]
[parameters: ('2025-06-28T16:17:18.093057+07:00', 10)]
(Background on this error at: https://sqlalche.me/e/20/dbapi)
2025-06-28 16:17:20,505 - app.services.face_service - ERROR - Error saving confirmed face data for C:\Users\HiDigi\OneDrive\Desktop\WebDev\FacialRecognition\app_data\temp_images\original_20250628161716551893_foto wedding.jpeg: (sqlalchemy.dialects.postgresql.asyncpg.Error) <class 'asyncpg.exceptions.DataError'>: invalid input for query argument $1: '2025-06-28T16:17:18.093057+07:00' (expected a datetime.date or datetime.datetime instance, got 'str')
[SQL: UPDATE faces SET last_seen=$1::TIMESTAMP WITH TIME ZONE WHERE faces.face_id = $2::INTEGER]
[parameters: ('2025-06-28T16:17:18.093057+07:00', 10)]
(Background on this error at: https://sqlalche.me/e/20/dbapi)
2025-06-28 16:17:20,508 - app.services.face_service - ERROR - Error updating last_seen for face ID 9: (sqlalchemy.dialects.postgresql.asyncpg.Error) <class 'asyncpg.exceptions.DataError'>: invalid input for query argument $1: '2025-06-28T16:17:18.093057+07:00' (expected a datetime.date or datetime.datetime instance, got 'str')
[SQL: UPDATE faces SET last_seen=$1::TIMESTAMP WITH TIME ZONE WHERE faces.face_id = $2::INTEGER]
[parameters: ('2025-06-28T16:17:18.093057+07:00', 9)]
(Background on this error at: https://sqlalche.me/e/20/dbapi)
2025-06-28 16:17:20,509 - app.services.face_service - ERROR - Error saving confirmed face data for C:\Users\HiDigi\OneDrive\Desktop\WebDev\FacialRecognition\app_data\temp_images\original_20250628161716551893_foto wedding.jpeg: (sqlalchemy.dialects.postgresql.asyncpg.Error) <class 'asyncpg.exceptions.DataError'>: invalid input for query argument $1: '2025-06-28T16:17:18.093057+07:00' (expected a datetime.date or datetime.datetime instance, got 'str')
[SQL: UPDATE faces SET last_seen=$1::TIMESTAMP WITH TIME ZONE WHERE faces.face_id = $2::INTEGER]
[parameters: ('2025-06-28T16:17:18.093057+07:00', 9)]
(Background on this error at: https://sqlalche.me/e/20/dbapi)
2025-06-28 16:17:20,512 - app.services.face_service - INFO - Deleted temporary preview image: C:\Users\HiDigi\OneDrive\Desktop\WebDev\FacialRecognition\app_data\temp_images\preview_20250628161718099067_foto wedding.jpeg
2025-06-28 16:22:51,872 - app.functions.image_processor - INFO - Detected 2 face(s).
2025-06-28 16:22:51,952 - app.services.face_service - INFO - Original filename: original_20250628162250245273_foto wedding.jpeg
2025-06-28 16:22:51,983 - app.functions.image_processor - INFO - Image saved successfully to: C:\Users\HiDigi\OneDrive\Desktop\WebDev\FacialRecognition\app_data\temp_images\preview_20250628162251953548_foto wedding.jpeg
2025-06-28 16:22:51,984 - app.services.face_service - INFO - Preview image saved to C:\Users\HiDigi\OneDrive\Desktop\WebDev\FacialRecognition\app_data\temp_images\preview_20250628162251953548_foto wedding.jpeg
2025-06-28 16:22:53,561 - app.services.face_service - INFO - Moved original image from temp to permanent: C:\Users\HiDigi\OneDrive\Desktop\WebDev\FacialRecognition\app_data\permanent_images\original_20250628162250245273_foto wedding.jpeg
2025-06-28 16:22:53,579 - app.services.face_service - INFO - Deleted temporary preview image: C:\Users\HiDigi\OneDrive\Desktop\WebDev\FacialRecognition\app_data\temp_images\preview_20250628162251953548_foto wedding.jpeg
2025-06-28 16:23:01,242 - app.services.image_record_service - INFO - Converting image path C:\Users\HiDigi\OneDrive\Desktop\WebDev\FacialRecognition\app_data\permanent_images\original_20250628162250245273_foto wedding.jpeg to URL
2025-06-28 16:23:01,243 - app.services.image_record_service - INFO - Server image storage root: /public_images
2025-06-28 16:23:01,243 - app.services.image_record_service - INFO - filename: original_20250628162250245273_foto wedding.jpeg
2025-06-28 16:23:01,244 - app.services.image_record_service - INFO - file_url: /public_images\original_20250628162250245273_foto wedding.jpeg
2025-06-28 16:23:01,244 - app.services.image_record_service - INFO - Formatted records: [{'record_id': 63, 'face_id': 9, 'detection_time': datetime.datetime(2025, 6, 28, 9, 22, 51, 872983, tzinfo=datetime.timezone.utc), 'image_path': 'C:\\Users\\HiDigi\\OneDrive\\Desktop\\WebDev\\FacialRecognition\\app_data\\permanent_images\\original_20250628162250245273_foto wedding.jpeg', 'image_url': '/public_images\\original_20250628162250245273_foto wedding.jpeg'}]
2025-06-28 16:23:01,245 - app.services.image_record_service - INFO - Converting image path C:\Users\HiDigi\OneDrive\Desktop\WebDev\FacialRecognition\app_data\permanent_images\original_20250628162250245273_foto wedding.jpeg to URL
2025-06-28 16:23:01,245 - app.services.image_record_service - INFO - Server image storage root: /public_images
2025-06-28 16:23:01,245 - app.services.image_record_service - INFO - filename: original_20250628162250245273_foto wedding.jpeg
2025-06-28 16:23:01,246 - app.services.image_record_service - INFO - file_url: /public_images\original_20250628162250245273_foto wedding.jpeg
2025-06-28 16:30:55,545 - app.functions.image_processor - INFO - Detected 2 face(s).
2025-06-28 16:30:55,553 - app.services.face_service - INFO - Original filename: original_20250628163053985163_foto wedding.jpeg
2025-06-28 16:30:55,585 - app.functions.image_processor - INFO - Image saved successfully to: C:\Users\HiDigi\OneDrive\Desktop\WebDev\FacialRecognition\app_data\temp_images\preview_20250628163055553631_foto wedding.jpeg
2025-06-28 16:30:55,586 - app.services.face_service - INFO - Preview image saved to C:\Users\HiDigi\OneDrive\Desktop\WebDev\FacialRecognition\app_data\temp_images\preview_20250628163055553631_foto wedding.jpeg
2025-06-28 16:30:57,651 - app.services.face_service - INFO - Moved original image from temp to permanent: C:\Users\HiDigi\OneDrive\Desktop\WebDev\FacialRecognition\app_data\permanent_images\original_20250628163053985163_foto wedding.jpeg
2025-06-28 16:30:57,672 - app.services.face_service - INFO - Deleted temporary preview image: C:\Users\HiDigi\OneDrive\Desktop\WebDev\FacialRecognition\app_data\temp_images\preview_20250628163055553631_foto wedding.jpeg
2025-06-28 16:31:25,714 - app.services.image_record_service - INFO - Converting image path C:\Users\HiDigi\OneDrive\Desktop\WebDev\FacialRecognition\app_data\permanent_images\original_20250628162250245273_foto wedding.jpeg to URL
2025-06-28 16:31:25,715 - app.services.image_record_service - INFO - Server image storage root: /public_images
2025-06-28 16:31:25,715 - app.services.image_record_service - INFO - filename: original_20250628162250245273_foto wedding.jpeg
2025-06-28 16:31:25,716 - app.services.image_record_service - INFO - file_url: /public_images\original_20250628162250245273_foto wedding.jpeg
2025-06-28 16:31:25,716 - app.services.image_record_service - INFO - Converting image path C:\Users\HiDigi\OneDrive\Desktop\WebDev\FacialRecognition\app_data\permanent_images\original_20250628163053985163_foto wedding.jpeg to URL
2025-06-28 16:31:25,716 - app.services.image_record_service - INFO - Server image storage root: /public_images
2025-06-28 16:31:25,716 - app.services.image_record_service - INFO - filename: original_20250628163053985163_foto wedding.jpeg
2025-06-28 16:31:25,717 - app.services.image_record_service - INFO - file_url: /public_images\original_20250628163053985163_foto wedding.jpeg
2025-06-28 16:31:25,717 - app.services.image_record_service - INFO - Formatted records: [{'record_id': 63, 'face_id': 9, 'detection_time': datetime.datetime(2025, 6, 28, 9, 22, 51, 872983, tzinfo=datetime.timezone.utc), 'image_path': 'C:\\Users\\HiDigi\\OneDrive\\Desktop\\WebDev\\FacialRecognition\\app_data\\permanent_images\\original_20250628162250245273_foto wedding.jpeg', 'image_url': '/public_images\\original_20250628162250245273_foto wedding.jpeg'}, {'record_id': 65, 'face_id': 9, 'detection_time': datetime.datetime(2025, 6, 28, 9, 30, 55, 546449, tzinfo=datetime.timezone.utc), 'image_path': 'C:\\Users\\HiDigi\\OneDrive\\Desktop\\WebDev\\FacialRecognition\\app_data\\permanent_images\\original_20250628163053985163_foto wedding.jpeg', 'image_url': '/public_images\\original_20250628163053985163_foto wedding.jpeg'}]
2025-06-28 16:31:25,717 - app.services.image_record_service - INFO - Converting image path C:\Users\HiDigi\OneDrive\Desktop\WebDev\FacialRecognition\app_data\permanent_images\original_20250628162250245273_foto wedding.jpeg to URL
2025-06-28 16:31:25,718 - app.services.image_record_service - INFO - Server image storage root: /public_images
2025-06-28 16:31:25,718 - app.services.image_record_service - INFO - filename: original_20250628162250245273_foto wedding.jpeg
2025-06-28 16:31:25,719 - app.services.image_record_service - INFO - file_url: /public_images\original_20250628162250245273_foto wedding.jpeg
2025-06-28 16:31:25,719 - app.services.image_record_service - INFO - Converting image path C:\Users\HiDigi\OneDrive\Desktop\WebDev\FacialRecognition\app_data\permanent_images\original_20250628163053985163_foto wedding.jpeg to URL
2025-06-28 16:31:25,719 - app.services.image_record_service - INFO - Server image storage root: /public_images
2025-06-28 16:31:25,720 - app.services.image_record_service - INFO - filename: original_20250628163053985163_foto wedding.jpeg
2025-06-28 16:31:25,720 - app.services.image_record_service - INFO - file_url: /public_images\original_20250628163053985163_foto wedding.jpeg
2025-06-28 16:34:31,034 - app.functions.image_processor - INFO - Detected 2 face(s).
2025-06-28 16:34:31,043 - app.services.face_service - INFO - Original filename: original_20250628163429473881_foto wedding.jpeg
2025-06-28 16:34:31,075 - app.functions.image_processor - INFO - Image saved successfully to: C:\Users\HiDigi\OneDrive\Desktop\WebDev\FacialRecognition\app_data\temp_images\preview_20250628163431044944_foto wedding.jpeg
2025-06-28 16:34:31,075 - app.services.face_service - INFO - Preview image saved to C:\Users\HiDigi\OneDrive\Desktop\WebDev\FacialRecognition\app_data\temp_images\preview_20250628163431044944_foto wedding.jpeg
2025-06-28 16:34:32,974 - app.services.face_service - INFO - Moved original image from temp to permanent: C:\Users\HiDigi\OneDrive\Desktop\WebDev\FacialRecognition\app_data\permanent_images\original_20250628163429473881_foto wedding.jpeg
2025-06-28 16:34:32,992 - app.services.face_service - INFO - Deleted temporary preview image: C:\Users\HiDigi\OneDrive\Desktop\WebDev\FacialRecognition\app_data\temp_images\preview_20250628163431044944_foto wedding.jpeg
2025-06-28 16:34:37,442 - app.services.image_record_service - INFO - Converting image path C:\Users\HiDigi\OneDrive\Desktop\WebDev\FacialRecognition\app_data\permanent_images\original_20250628162250245273_foto wedding.jpeg to URL
2025-06-28 16:34:37,443 - app.services.image_record_service - INFO - Server image storage root: /public_images
2025-06-28 16:34:37,443 - app.services.image_record_service - INFO - filename: original_20250628162250245273_foto wedding.jpeg
2025-06-28 16:34:37,443 - app.services.image_record_service - INFO - file_url: /public_images\original_20250628162250245273_foto wedding.jpeg
2025-06-28 16:34:37,444 - app.services.image_record_service - INFO - Converting image path C:\Users\HiDigi\OneDrive\Desktop\WebDev\FacialRecognition\app_data\permanent_images\original_20250628163053985163_foto wedding.jpeg to URL
2025-06-28 16:34:37,444 - app.services.image_record_service - INFO - Server image storage root: /public_images
2025-06-28 16:34:37,444 - app.services.image_record_service - INFO - filename: original_20250628163053985163_foto wedding.jpeg
2025-06-28 16:34:37,445 - app.services.image_record_service - INFO - file_url: /public_images\original_20250628163053985163_foto wedding.jpeg
2025-06-28 16:34:37,445 - app.services.image_record_service - INFO - Converting image path C:\Users\HiDigi\OneDrive\Desktop\WebDev\FacialRecognition\app_data\permanent_images\original_20250628163429473881_foto wedding.jpeg to URL
2025-06-28 16:34:37,445 - app.services.image_record_service - INFO - Server image storage root: /public_images
2025-06-28 16:34:37,446 - app.services.image_record_service - INFO - filename: original_20250628163429473881_foto wedding.jpeg
2025-06-28 16:34:37,446 - app.services.image_record_service - INFO - file_url: /public_images\original_20250628163429473881_foto wedding.jpeg
2025-06-28 16:34:37,446 - app.services.image_record_service - INFO - Formatted records: [{'record_id': 63, 'face_id': 9, 'detection_time': datetime.datetime(2025, 6, 28, 9, 22, 51, 872983, tzinfo=datetime.timezone.utc), 'image_path': 'C:\\Users\\HiDigi\\OneDrive\\Desktop\\WebDev\\FacialRecognition\\app_data\\permanent_images\\original_20250628162250245273_foto wedding.jpeg', 'image_url': '/public_images\\original_20250628162250245273_foto wedding.jpeg'}, {'record_id': 65, 'face_id': 9, 'detection_time': datetime.datetime(2025, 6, 28, 9, 30, 55, 546449, tzinfo=datetime.timezone.utc), 'image_path': 'C:\\Users\\HiDigi\\OneDrive\\Desktop\\WebDev\\FacialRecognition\\app_data\\permanent_images\\original_20250628163053985163_foto wedding.jpeg', 'image_url': '/public_images\\original_20250628163053985163_foto wedding.jpeg'}, {'record_id': 67, 'face_id': 9, 'detection_time': datetime.datetime(2025, 6, 28, 9, 34, 31, 35936, tzinfo=datetime.timezone.utc), 'image_path': 'C:\\Users\\HiDigi\\OneDrive\\Desktop\\WebDev\\FacialRecognition\\app_data\\permanent_images\\original_20250628163429473881_foto wedding.jpeg', 'image_url': '/public_images\\original_20250628163429473881_foto wedding.jpeg'}]
2025-06-28 16:34:37,447 - app.services.image_record_service - INFO - Converting image path C:\Users\HiDigi\OneDrive\Desktop\WebDev\FacialRecognition\app_data\permanent_images\original_20250628162250245273_foto wedding.jpeg to URL
2025-06-28 16:34:37,447 - app.services.image_record_service - INFO - Server image storage root: /public_images
2025-06-28 16:34:37,447 - app.services.image_record_service - INFO - filename: original_20250628162250245273_foto wedding.jpeg
2025-06-28 16:34:37,447 - app.services.image_record_service - INFO - file_url: /public_images\original_20250628162250245273_foto wedding.jpeg
2025-06-28 16:34:37,448 - app.services.image_record_service - INFO - Converting image path C:\Users\HiDigi\OneDrive\Desktop\WebDev\FacialRecognition\app_data\permanent_images\original_20250628163053985163_foto wedding.jpeg to URL
2025-06-28 16:34:37,448 - app.services.image_record_service - INFO - Server image storage root: /public_images
2025-06-28 16:34:37,448 - app.services.image_record_service - INFO - filename: original_20250628163053985163_foto wedding.jpeg
2025-06-28 16:34:37,449 - app.services.image_record_service - INFO - file_url: /public_images\original_20250628163053985163_foto wedding.jpeg
2025-06-28 16:34:37,449 - app.services.image_record_service - INFO - Converting image path C:\Users\HiDigi\OneDrive\Desktop\WebDev\FacialRecognition\app_data\permanent_images\original_20250628163429473881_foto wedding.jpeg to URL
2025-06-28 16:34:37,449 - app.services.image_record_service - INFO - Server image storage root: /public_images
2025-06-28 16:34:37,450 - app.services.image_record_service - INFO - filename: original_20250628163429473881_foto wedding.jpeg
2025-06-28 16:34:37,450 - app.services.image_record_service - INFO - file_url: /public_images\original_20250628163429473881_foto wedding.jpeg
2025-06-28 16:39:14,161 - app.services.image_record_service - INFO - Converting image path C:\Users\HiDigi\OneDrive\Desktop\WebDev\FacialRecognition\app_data\permanent_images\original_20250628162250245273_foto wedding.jpeg to URL
2025-06-28 16:39:14,161 - app.services.image_record_service - INFO - Server image storage root: /public_images
2025-06-28 16:39:14,162 - app.services.image_record_service - INFO - filename: original_20250628162250245273_foto wedding.jpeg
2025-06-28 16:39:14,162 - app.services.image_record_service - INFO - file_url: /public_images\original_20250628162250245273_foto wedding.jpeg
2025-06-28 16:39:14,163 - app.services.image_record_service - INFO - Converting image path C:\Users\HiDigi\OneDrive\Desktop\WebDev\FacialRecognition\app_data\permanent_images\original_20250628163053985163_foto wedding.jpeg to URL
2025-06-28 16:39:14,163 - app.services.image_record_service - INFO - Server image storage root: /public_images
2025-06-28 16:39:14,163 - app.services.image_record_service - INFO - filename: original_20250628163053985163_foto wedding.jpeg
2025-06-28 16:39:14,163 - app.services.image_record_service - INFO - file_url: /public_images\original_20250628163053985163_foto wedding.jpeg
2025-06-28 16:39:14,164 - app.services.image_record_service - INFO - Converting image path C:\Users\HiDigi\OneDrive\Desktop\WebDev\FacialRecognition\app_data\permanent_images\original_20250628163429473881_foto wedding.jpeg to URL
2025-06-28 16:39:14,164 - app.services.image_record_service - INFO - Server image storage root: /public_images
2025-06-28 16:39:14,164 - app.services.image_record_service - INFO - filename: original_20250628163429473881_foto wedding.jpeg
2025-06-28 16:39:14,164 - app.services.image_record_service - INFO - file_url: /public_images\original_20250628163429473881_foto wedding.jpeg
2025-06-28 16:39:14,165 - app.services.image_record_service - INFO - Formatted records: [{'record_id': 63, 'face_id': 9, 'detection_time': datetime.datetime(2025, 6, 28, 9, 22, 51, 872983, tzinfo=datetime.timezone.utc), 'image_path': 'C:\\Users\\HiDigi\\OneDrive\\Desktop\\WebDev\\FacialRecognition\\app_data\\permanent_images\\original_20250628162250245273_foto wedding.jpeg', 'image_url': '/public_images\\original_20250628162250245273_foto wedding.jpeg'}, {'record_id': 65, 'face_id': 9, 'detection_time': datetime.datetime(2025, 6, 28, 9, 30, 55, 546449, tzinfo=datetime.timezone.utc), 'image_path': 'C:\\Users\\HiDigi\\OneDrive\\Desktop\\WebDev\\FacialRecognition\\app_data\\permanent_images\\original_20250628163053985163_foto wedding.jpeg', 'image_url': '/public_images\\original_20250628163053985163_foto wedding.jpeg'}, {'record_id': 67, 'face_id': 9, 'detection_time': datetime.datetime(2025, 6, 28, 9, 34, 31, 35936, tzinfo=datetime.timezone.utc), 'image_path': 'C:\\Users\\HiDigi\\OneDrive\\Desktop\\WebDev\\FacialRecognition\\app_data\\permanent_images\\original_20250628163429473881_foto wedding.jpeg', 'image_url': '/public_images\\original_20250628163429473881_foto wedding.jpeg'}]
2025-06-28 16:39:14,165 - app.services.image_record_service - INFO - Converting image path C:\Users\HiDigi\OneDrive\Desktop\WebDev\FacialRecognition\app_data\permanent_images\original_20250628162250245273_foto wedding.jpeg to URL
2025-06-28 16:39:14,165 - app.services.image_record_service - INFO - Server image storage root: /public_images
2025-06-28 16:39:14,166 - app.services.image_record_service - INFO - filename: original_20250628162250245273_foto wedding.jpeg
2025-06-28 16:39:14,166 - app.services.image_record_service - INFO - file_url: /public_images\original_20250628162250245273_foto wedding.jpeg
2025-06-28 16:39:14,166 - app.services.image_record_service - INFO - Converting image path C:\Users\HiDigi\OneDrive\Desktop\WebDev\FacialRecognition\app_data\permanent_images\original_20250628163053985163_foto wedding.jpeg to URL
2025-06-28 16:39:14,167 - app.services.image_record_service - INFO - Server image storage root: /public_images
2025-06-28 16:39:14,167 - app.services.image_record_service - INFO - filename: original_20250628163053985163_foto wedding.jpeg
2025-06-28 16:39:14,167 - app.services.image_record_service - INFO - file_url: /public_images\original_20250628163053985163_foto wedding.jpeg
2025-06-28 16:39:14,167 - app.services.image_record_service - INFO - Converting image path C:\Users\HiDigi\OneDrive\Desktop\WebDev\FacialRecognition\app_data\permanent_images\original_20250628163429473881_foto wedding.jpeg to URL
2025-06-28 16:39:14,168 - app.services.image_record_service - INFO - Server image storage root: /public_images
2025-06-28 16:39:14,168 - app.services.image_record_service - INFO - filename: original_20250628163429473881_foto wedding.jpeg
2025-06-28 16:39:14,168 - app.services.image_record_service - INFO - file_url: /public_images\original_20250628163429473881_foto wedding.jpeg
2025-06-28 16:39:31,737 - app.services.image_record_service - INFO - Converting image path C:\Users\HiDigi\OneDrive\Desktop\WebDev\FacialRecognition\app_data\permanent_images\original_20250628162250245273_foto wedding.jpeg to URL
2025-06-28 16:39:31,738 - app.services.image_record_service - INFO - Server image storage root: /public_images
2025-06-28 16:39:31,738 - app.services.image_record_service - INFO - filename: original_20250628162250245273_foto wedding.jpeg
2025-06-28 16:39:31,738 - app.services.image_record_service - INFO - file_url: /public_images\original_20250628162250245273_foto wedding.jpeg
2025-06-28 16:39:31,739 - app.services.image_record_service - INFO - Converting image path C:\Users\HiDigi\OneDrive\Desktop\WebDev\FacialRecognition\app_data\permanent_images\original_20250628163053985163_foto wedding.jpeg to URL
2025-06-28 16:39:31,739 - app.services.image_record_service - INFO - Server image storage root: /public_images
2025-06-28 16:39:31,739 - app.services.image_record_service - INFO - filename: original_20250628163053985163_foto wedding.jpeg
2025-06-28 16:39:31,739 - app.services.image_record_service - INFO - file_url: /public_images\original_20250628163053985163_foto wedding.jpeg
2025-06-28 16:39:31,740 - app.services.image_record_service - INFO - Converting image path C:\Users\HiDigi\OneDrive\Desktop\WebDev\FacialRecognition\app_data\permanent_images\original_20250628163429473881_foto wedding.jpeg to URL
2025-06-28 16:39:31,740 - app.services.image_record_service - INFO - Server image storage root: /public_images
2025-06-28 16:39:31,740 - app.services.image_record_service - INFO - filename: original_20250628163429473881_foto wedding.jpeg
2025-06-28 16:39:31,741 - app.services.image_record_service - INFO - file_url: /public_images\original_20250628163429473881_foto wedding.jpeg
2025-06-28 16:39:31,741 - app.services.image_record_service - INFO - Formatted records: [{'record_id': 63, 'face_id': 9, 'detection_time': datetime.datetime(2025, 6, 28, 9, 22, 51, 872983, tzinfo=datetime.timezone.utc), 'image_path': 'C:\\Users\\HiDigi\\OneDrive\\Desktop\\WebDev\\FacialRecognition\\app_data\\permanent_images\\original_20250628162250245273_foto wedding.jpeg', 'image_url': '/public_images\\original_20250628162250245273_foto wedding.jpeg'}, {'record_id': 65, 'face_id': 9, 'detection_time': datetime.datetime(2025, 6, 28, 9, 30, 55, 546449, tzinfo=datetime.timezone.utc), 'image_path': 'C:\\Users\\HiDigi\\OneDrive\\Desktop\\WebDev\\FacialRecognition\\app_data\\permanent_images\\original_20250628163053985163_foto wedding.jpeg', 'image_url': '/public_images\\original_20250628163053985163_foto wedding.jpeg'}, {'record_id': 67, 'face_id': 9, 'detection_time': datetime.datetime(2025, 6, 28, 9, 34, 31, 35936, tzinfo=datetime.timezone.utc), 'image_path': 'C:\\Users\\HiDigi\\OneDrive\\Desktop\\WebDev\\FacialRecognition\\app_data\\permanent_images\\original_20250628163429473881_foto wedding.jpeg', 'image_url': '/public_images\\original_20250628163429473881_foto wedding.jpeg'}]
2025-06-28 16:39:31,741 - app.services.image_record_service - INFO - Converting image path C:\Users\HiDigi\OneDrive\Desktop\WebDev\FacialRecognition\app_data\permanent_images\original_20250628162250245273_foto wedding.jpeg to URL
2025-06-28 16:39:31,741 - app.services.image_record_service - INFO - Server image storage root: /public_images
2025-06-28 16:39:31,742 - app.services.image_record_service - INFO - filename: original_20250628162250245273_foto wedding.jpeg
2025-06-28 16:39:31,742 - app.services.image_record_service - INFO - file_url: /public_images\original_20250628162250245273_foto wedding.jpeg
2025-06-28 16:39:31,742 - app.services.image_record_service - INFO - Converting image path C:\Users\HiDigi\OneDrive\Desktop\WebDev\FacialRecognition\app_data\permanent_images\original_20250628163053985163_foto wedding.jpeg to URL
2025-06-28 16:39:31,743 - app.services.image_record_service - INFO - Server image storage root: /public_images
2025-06-28 16:39:31,743 - app.services.image_record_service - INFO - filename: original_20250628163053985163_foto wedding.jpeg
2025-06-28 16:39:31,743 - app.services.image_record_service - INFO - file_url: /public_images\original_20250628163053985163_foto wedding.jpeg
2025-06-28 16:39:31,744 - app.services.image_record_service - INFO - Converting image path C:\Users\HiDigi\OneDrive\Desktop\WebDev\FacialRecognition\app_data\permanent_images\original_20250628163429473881_foto wedding.jpeg to URL
2025-06-28 16:39:31,744 - app.services.image_record_service - INFO - Server image storage root: /public_images
2025-06-28 16:39:31,744 - app.services.image_record_service - INFO - filename: original_20250628163429473881_foto wedding.jpeg
2025-06-28 16:39:31,745 - app.services.image_record_service - INFO - file_url: /public_images\original_20250628163429473881_foto wedding.jpeg
2025-06-28 16:40:30,180 - app.functions.image_processor - INFO - Detected 2 face(s).
2025-06-28 16:40:30,181 - app.services.face_service - INFO - [process_image_for_review] detection_time=2025-06-28 16:40:30.181865+07:00 tzinfo=Asia/Bangkok
2025-06-28 16:40:30,189 - app.services.face_service - INFO - Original filename: original_20250628164028707848_foto wedding.jpeg
2025-06-28 16:40:30,220 - app.functions.image_processor - INFO - Image saved successfully to: C:\Users\HiDigi\OneDrive\Desktop\WebDev\FacialRecognition\app_data\temp_images\preview_20250628164030190199_foto wedding.jpeg
2025-06-28 16:40:30,221 - app.services.face_service - INFO - Preview image saved to C:\Users\HiDigi\OneDrive\Desktop\WebDev\FacialRecognition\app_data\temp_images\preview_20250628164030190199_foto wedding.jpeg
2025-06-28 16:40:30,222 - app.api.v1.file_router - ERROR - Error processing file foto wedding.jpeg for preview: 'str' object has no attribute 'isoformat'
2025-06-28 16:41:47,051 - app.functions.image_processor - INFO - Detected 2 face(s).
2025-06-28 16:41:47,051 - app.services.face_service - INFO - [process_image_for_review] detection_time=2025-06-28 16:41:47.051772+07:00 tzinfo=Asia/Bangkok
2025-06-28 16:41:47,143 - app.services.face_service - INFO - Original filename: original_20250628164145500441_foto wedding.jpeg
2025-06-28 16:41:47,174 - app.functions.image_processor - INFO - Image saved successfully to: C:\Users\HiDigi\OneDrive\Desktop\WebDev\FacialRecognition\app_data\temp_images\preview_20250628164147143908_foto wedding.jpeg
2025-06-28 16:41:47,175 - app.services.face_service - INFO - Preview image saved to C:\Users\HiDigi\OneDrive\Desktop\WebDev\FacialRecognition\app_data\temp_images\preview_20250628164147143908_foto wedding.jpeg
2025-06-28 16:41:47,176 - app.api.v1.file_router - INFO - [upload-preview] Returning detection_time=2025-06-28T16:41:47.051772+07:00 for file=foto wedding.jpeg
2025-06-28 16:41:50,247 - app.services.face_service - INFO - Moved original image from temp to permanent: C:\Users\HiDigi\OneDrive\Desktop\WebDev\FacialRecognition\app_data\permanent_images\original_20250628164145500441_foto wedding.jpeg
2025-06-28 16:41:50,265 - app.services.face_service - INFO - Deleted temporary preview image: C:\Users\HiDigi\OneDrive\Desktop\WebDev\FacialRecognition\app_data\temp_images\preview_20250628164147143908_foto wedding.jpeg
2025-06-28 16:45:52,915 - app.functions.image_processor - INFO - Detected 2 face(s).
2025-06-28 16:45:52,916 - app.services.face_service - INFO - [process_image_for_review] detection_time=2025-06-28 16:45:52.915397+07:00 tzinfo=Asia/Bangkok
2025-06-28 16:45:52,925 - app.services.face_service - INFO - Original filename: original_20250628164551337718_foto wedding.jpeg
2025-06-28 16:45:52,957 - app.functions.image_processor - INFO - Image saved successfully to: C:\Users\HiDigi\OneDrive\Desktop\WebDev\FacialRecognition\app_data\temp_images\preview_20250628164552925390_foto wedding.jpeg
2025-06-28 16:45:52,957 - app.services.face_service - INFO - Preview image saved to C:\Users\HiDigi\OneDrive\Desktop\WebDev\FacialRecognition\app_data\temp_images\preview_20250628164552925390_foto wedding.jpeg
2025-06-28 16:45:52,958 - app.api.v1.file_router - INFO - [upload-preview] Returning detection_time=2025-06-28T16:45:52.915397+07:00 for file=foto wedding.jpeg
2025-06-28 16:45:54,928 - app.services.face_service - INFO - Moved original image from temp to permanent: C:\Users\HiDigi\OneDrive\Desktop\WebDev\FacialRecognition\app_data\permanent_images\original_20250628164551337718_foto wedding.jpeg
2025-06-28 16:45:54,982 - app.services.face_service - INFO - Deleted temporary preview image: C:\Users\HiDigi\OneDrive\Desktop\WebDev\FacialRecognition\app_data\temp_images\preview_20250628164552925390_foto wedding.jpeg
2025-06-28 16:45:59,491 - app.services.image_record_service - INFO - Converting image path C:\Users\HiDigi\OneDrive\Desktop\WebDev\FacialRecognition\app_data\permanent_images\original_20250628164551337718_foto wedding.jpeg to URL
2025-06-28 16:45:59,492 - app.services.image_record_service - INFO - Server image storage root: /public_images
2025-06-28 16:45:59,492 - app.services.image_record_service - INFO - filename: original_20250628164551337718_foto wedding.jpeg
2025-06-28 16:45:59,492 - app.services.image_record_service - INFO - file_url: /public_images\original_20250628164551337718_foto wedding.jpeg
2025-06-28 16:45:59,493 - app.services.image_record_service - INFO - Formatted records: [{'record_id': 71, 'face_id': 9, 'detection_time': datetime.datetime(2025, 6, 28, 9, 45, 52, 915397, tzinfo=datetime.timezone.utc), 'image_path': 'C:\\Users\\HiDigi\\OneDrive\\Desktop\\WebDev\\FacialRecognition\\app_data\\permanent_images\\original_20250628164551337718_foto wedding.jpeg', 'image_url': '/public_images\\original_20250628164551337718_foto wedding.jpeg'}]
2025-06-28 16:45:59,493 - app.services.image_record_service - INFO - Converting image path C:\Users\HiDigi\OneDrive\Desktop\WebDev\FacialRecognition\app_data\permanent_images\original_20250628164551337718_foto wedding.jpeg to URL
2025-06-28 16:45:59,493 - app.services.image_record_service - INFO - Server image storage root: /public_images
2025-06-28 16:45:59,494 - app.services.image_record_service - INFO - filename: original_20250628164551337718_foto wedding.jpeg
2025-06-28 16:45:59,494 - app.services.image_record_service - INFO - file_url: /public_images\original_20250628164551337718_foto wedding.jpeg
2025-06-28 16:49:43,866 - app.functions.image_processor - INFO - Detected 2 face(s).
2025-06-28 16:49:43,868 - app.services.face_service - INFO - [process_image_for_review] detection_time=2025-06-28 16:49:43.868198+07:00 tzinfo=Asia/Bangkok
2025-06-28 16:49:43,876 - app.services.face_service - INFO - Original filename: original_20250628164942320723_foto wedding.jpeg
2025-06-28 16:49:43,907 - app.functions.image_processor - INFO - Image saved successfully to: C:\Users\HiDigi\OneDrive\Desktop\WebDev\FacialRecognition\app_data\temp_images\preview_20250628164943877169_foto wedding.jpeg
2025-06-28 16:49:43,907 - app.services.face_service - INFO - Preview image saved to C:\Users\HiDigi\OneDrive\Desktop\WebDev\FacialRecognition\app_data\temp_images\preview_20250628164943877169_foto wedding.jpeg
2025-06-28 16:49:43,909 - app.api.v1.file_router - INFO - [upload-preview] Returning detection_time=2025-06-28T16:49:43.868198+07:00 for file=foto wedding.jpeg
2025-06-28 16:49:46,208 - app.services.face_service - INFO - Moved original image from temp to permanent: C:\Users\HiDigi\OneDrive\Desktop\WebDev\FacialRecognition\app_data\permanent_images\original_20250628164942320723_foto wedding.jpeg
2025-06-28 16:49:46,231 - app.services.face_service - INFO - Deleted temporary preview image: C:\Users\HiDigi\OneDrive\Desktop\WebDev\FacialRecognition\app_data\temp_images\preview_20250628164943877169_foto wedding.jpeg
2025-06-28 16:49:51,744 - app.services.image_record_service - INFO - Converting image path C:\Users\HiDigi\OneDrive\Desktop\WebDev\FacialRecognition\app_data\permanent_images\original_20250628164942320723_foto wedding.jpeg to URL
2025-06-28 16:49:51,744 - app.services.image_record_service - INFO - Server image storage root: /public_images
2025-06-28 16:49:51,744 - app.services.image_record_service - INFO - filename: original_20250628164942320723_foto wedding.jpeg
2025-06-28 16:49:51,745 - app.services.image_record_service - INFO - file_url: /public_images\original_20250628164942320723_foto wedding.jpeg
2025-06-28 16:49:51,745 - app.services.image_record_service - INFO - Formatted records: [{'record_id': 73, 'face_id': 9, 'detection_time': datetime.datetime(2025, 6, 28, 9, 49, 43, 868198, tzinfo=datetime.timezone.utc), 'image_path': 'C:\\Users\\HiDigi\\OneDrive\\Desktop\\WebDev\\FacialRecognition\\app_data\\permanent_images\\original_20250628164942320723_foto wedding.jpeg', 'image_url': '/public_images\\original_20250628164942320723_foto wedding.jpeg'}]
2025-06-28 16:49:51,745 - app.services.image_record_service - INFO - Converting image path C:\Users\HiDigi\OneDrive\Desktop\WebDev\FacialRecognition\app_data\permanent_images\original_20250628164942320723_foto wedding.jpeg to URL
2025-06-28 16:49:51,746 - app.services.image_record_service - INFO - Server image storage root: /public_images
2025-06-28 16:49:51,746 - app.services.image_record_service - INFO - filename: original_20250628164942320723_foto wedding.jpeg
2025-06-28 16:49:51,746 - app.services.image_record_service - INFO - file_url: /public_images\original_20250628164942320723_foto wedding.jpeg
2025-06-28 16:49:51,746 - app.api.v1.image_record_router - INFO - [listRecordsByPerson] Returning detection_time=2025-06-28 09:49:43.868198+00:00 for record_id=73
2025-06-28 16:53:39,042 - app.services.image_record_service - INFO - Converting image path C:\Users\HiDigi\OneDrive\Desktop\WebDev\FacialRecognition\app_data\permanent_images\original_20250628164942320723_foto wedding.jpeg to URL
2025-06-28 16:53:39,043 - app.services.image_record_service - INFO - Server image storage root: /public_images
2025-06-28 16:53:39,043 - app.services.image_record_service - INFO - filename: original_20250628164942320723_foto wedding.jpeg
2025-06-28 16:53:39,044 - app.services.image_record_service - INFO - file_url: /public_images\original_20250628164942320723_foto wedding.jpeg
2025-06-28 16:53:39,044 - app.services.image_record_service - INFO - Formatted records: [{'record_id': 73, 'face_id': 9, 'detection_time': datetime.datetime(2025, 6, 28, 9, 49, 43, 868198, tzinfo=datetime.timezone.utc), 'image_path': 'C:\\Users\\HiDigi\\OneDrive\\Desktop\\WebDev\\FacialRecognition\\app_data\\permanent_images\\original_20250628164942320723_foto wedding.jpeg', 'image_url': '/public_images\\original_20250628164942320723_foto wedding.jpeg'}]
2025-06-28 16:53:39,044 - app.services.image_record_service - INFO - Converting image path C:\Users\HiDigi\OneDrive\Desktop\WebDev\FacialRecognition\app_data\permanent_images\original_20250628164942320723_foto wedding.jpeg to URL
2025-06-28 16:53:39,045 - app.services.image_record_service - INFO - Server image storage root: /public_images
2025-06-28 16:53:39,045 - app.services.image_record_service - INFO - filename: original_20250628164942320723_foto wedding.jpeg
2025-06-28 16:53:39,045 - app.services.image_record_service - INFO - file_url: /public_images\original_20250628164942320723_foto wedding.jpeg
2025-06-28 16:53:39,045 - app.api.v1.image_record_router - INFO - [listRecordsByPerson] Returning detection_time=2025-06-28 09:49:43.868198+00:00 for record_id=73
2025-06-28 16:53:40,736 - app.services.image_record_service - INFO - Converting image path C:\Users\HiDigi\OneDrive\Desktop\WebDev\FacialRecognition\app_data\permanent_images\original_20250628164942320723_foto wedding.jpeg to URL
2025-06-28 16:53:40,736 - app.services.image_record_service - INFO - Server image storage root: /public_images
2025-06-28 16:53:40,736 - app.services.image_record_service - INFO - filename: original_20250628164942320723_foto wedding.jpeg
2025-06-28 16:53:40,737 - app.services.image_record_service - INFO - file_url: /public_images\original_20250628164942320723_foto wedding.jpeg
2025-06-28 16:53:40,737 - app.services.image_record_service - INFO - Formatted records: [{'record_id': 73, 'face_id': 9, 'detection_time': datetime.datetime(2025, 6, 28, 9, 49, 43, 868198, tzinfo=datetime.timezone.utc), 'image_path': 'C:\\Users\\HiDigi\\OneDrive\\Desktop\\WebDev\\FacialRecognition\\app_data\\permanent_images\\original_20250628164942320723_foto wedding.jpeg', 'image_url': '/public_images\\original_20250628164942320723_foto wedding.jpeg'}]
2025-06-28 16:53:40,737 - app.services.image_record_service - INFO - Converting image path C:\Users\HiDigi\OneDrive\Desktop\WebDev\FacialRecognition\app_data\permanent_images\original_20250628164942320723_foto wedding.jpeg to URL
2025-06-28 16:53:40,738 - app.services.image_record_service - INFO - Server image storage root: /public_images
2025-06-28 16:53:40,738 - app.services.image_record_service - INFO - filename: original_20250628164942320723_foto wedding.jpeg
2025-06-28 16:53:40,738 - app.services.image_record_service - INFO - file_url: /public_images\original_20250628164942320723_foto wedding.jpeg
2025-06-28 16:53:40,738 - app.api.v1.image_record_router - INFO - [listRecordsByPerson] Returning detection_time=2025-06-28 09:49:43.868198+00:00 for record_id=73
2025-06-28 16:53:58,089 - app.services.image_record_service - INFO - Converting image path C:\Users\HiDigi\OneDrive\Desktop\WebDev\FacialRecognition\app_data\permanent_images\original_20250628164942320723_foto wedding.jpeg to URL
2025-06-28 16:53:58,089 - app.services.image_record_service - INFO - Server image storage root: /public_images
2025-06-28 16:53:58,089 - app.services.image_record_service - INFO - filename: original_20250628164942320723_foto wedding.jpeg
2025-06-28 16:53:58,090 - app.services.image_record_service - INFO - file_url: /public_images\original_20250628164942320723_foto wedding.jpeg
2025-06-28 16:53:58,090 - app.services.image_record_service - INFO - Formatted records: [{'record_id': 72, 'face_id': 10, 'detection_time': datetime.datetime(2025, 6, 28, 9, 49, 43, 868198, tzinfo=datetime.timezone.utc), 'image_path': 'C:\\Users\\HiDigi\\OneDrive\\Desktop\\WebDev\\FacialRecognition\\app_data\\permanent_images\\original_20250628164942320723_foto wedding.jpeg', 'image_url': '/public_images\\original_20250628164942320723_foto wedding.jpeg'}]
2025-06-28 16:53:58,090 - app.services.image_record_service - INFO - Converting image path C:\Users\HiDigi\OneDrive\Desktop\WebDev\FacialRecognition\app_data\permanent_images\original_20250628164942320723_foto wedding.jpeg to URL
2025-06-28 16:53:58,091 - app.services.image_record_service - INFO - Server image storage root: /public_images
2025-06-28 16:53:58,091 - app.services.image_record_service - INFO - filename: original_20250628164942320723_foto wedding.jpeg
2025-06-28 16:53:58,091 - app.services.image_record_service - INFO - file_url: /public_images\original_20250628164942320723_foto wedding.jpeg
2025-06-28 16:53:58,092 - app.api.v1.image_record_router - INFO - [listRecordsByPerson] Returning detection_time=2025-06-28 09:49:43.868198+00:00 for record_id=72
2025-06-28 18:26:26,424 - app.functions.image_processor - INFO - Detected 1 face(s).
2025-06-28 18:26:26,426 - app.services.face_service - INFO - [process_image_for_review] detection_time=2025-06-28 18:26:26.426927+07:00 tzinfo=Asia/Bangkok
2025-06-28 18:26:26,445 - app.services.face_service - INFO - Original filename: original_20250628182625421319_pose.jpeg
2025-06-28 18:26:26,497 - app.functions.image_processor - INFO - Image saved successfully to: C:\Users\HiDigi\OneDrive\Desktop\WebDev\FacialRecognition\app_data\temp_images\preview_20250628182626445928_pose.jpeg
2025-06-28 18:26:26,498 - app.services.face_service - INFO - Preview image saved to C:\Users\HiDigi\OneDrive\Desktop\WebDev\FacialRecognition\app_data\temp_images\preview_20250628182626445928_pose.jpeg
2025-06-28 18:26:26,498 - app.api.v1.file_router - INFO - [upload-preview] Returning detection_time=2025-06-28T18:26:26.426927+07:00 for file=pose.jpeg
2025-06-28 20:21:12,687 - app.functions.image_processor - INFO - Detected 2 face(s).
2025-06-28 20:21:12,688 - app.services.face_service - INFO - [process_image_for_review] detection_time=2025-06-28 20:21:12.688433+07:00 tzinfo=Asia/Bangkok
2025-06-28 20:21:12,703 - app.services.face_service - INFO - Original filename: original_20250628202110915349_foto wedding.jpeg
2025-06-28 20:21:12,752 - app.functions.image_processor - INFO - Image saved successfully to: C:\Users\HiDigi\OneDrive\Desktop\WebDev\FacialRecognition\app_data\temp_images\preview_20250628202112703415_foto wedding.jpeg
2025-06-28 20:21:12,752 - app.services.face_service - INFO - Preview image saved to C:\Users\HiDigi\OneDrive\Desktop\WebDev\FacialRecognition\app_data\temp_images\preview_20250628202112703415_foto wedding.jpeg
2025-06-28 20:21:12,754 - app.api.v1.file_router - INFO - [upload-preview] Returning detection_time=2025-06-28T20:21:12.688433+07:00 for file=foto wedding.jpeg
2025-06-28 20:21:15,539 - app.services.face_service - INFO - Moved original image from temp to permanent: C:\Users\HiDigi\OneDrive\Desktop\WebDev\FacialRecognition\app_data\permanent_images\original_20250628202110915349_foto wedding.jpeg
2025-06-28 20:21:15,561 - app.services.face_service - INFO - Deleted temporary preview image: C:\Users\HiDigi\OneDrive\Desktop\WebDev\FacialRecognition\app_data\temp_images\preview_20250628202112703415_foto wedding.jpeg
2025-07-01 21:21:30,032 - app.functions.image_processor - INFO - Detected 2 face(s).
2025-07-01 21:21:30,033 - app.services.face_service - INFO - [process_image_for_review] detection_time=2025-07-01 21:21:30.033476+07:00 tzinfo=Asia/Bangkok
2025-07-01 21:21:30,045 - app.services.face_service - INFO - Original filename: original_20250701212128123875_foto wedding.jpeg
2025-07-01 21:21:30,094 - app.functions.image_processor - INFO - Image saved successfully to: C:\Users\HiDigi\OneDrive\Desktop\WebDev\FacialRecognition\app_data\temp_images\preview_20250701212130045468_foto wedding.jpeg
2025-07-01 21:21:30,095 - app.services.face_service - INFO - Preview image saved to C:\Users\HiDigi\OneDrive\Desktop\WebDev\FacialRecognition\app_data\temp_images\preview_20250701212130045468_foto wedding.jpeg
2025-07-01 21:21:30,096 - app.api.v1.file_router - INFO - [upload-preview] Returning detection_time=2025-07-01T21:21:30.033476+07:00 for file=foto wedding.jpeg
2025-07-01 21:21:49,797 - app.functions.image_processor - INFO - Detected 2 face(s).
2025-07-01 21:21:49,798 - app.services.face_service - INFO - [process_image_for_review] detection_time=2025-07-01 21:21:49.798897+07:00 tzinfo=Asia/Bangkok
2025-07-01 21:21:49,803 - app.services.face_service - INFO - Original filename: original_20250701212148246582_foto wedding.jpeg
2025-07-01 21:21:49,829 - app.functions.image_processor - INFO - Image saved successfully to: C:\Users\HiDigi\OneDrive\Desktop\WebDev\FacialRecognition\app_data\temp_images\preview_20250701212149804904_foto wedding.jpeg
2025-07-01 21:21:49,830 - app.services.face_service - INFO - Preview image saved to C:\Users\HiDigi\OneDrive\Desktop\WebDev\FacialRecognition\app_data\temp_images\preview_20250701212149804904_foto wedding.jpeg
2025-07-01 21:21:49,831 - app.api.v1.file_router - INFO - [upload-preview] Returning detection_time=2025-07-01T21:21:49.798897+07:00 for file=foto wedding.jpeg
2025-07-01 22:01:34,847 - app.functions.image_processor - INFO - Detected 2 face(s).
2025-07-01 22:01:34,848 - app.services.face_service - INFO - [process_image_for_review] detection_time=2025-07-01 22:01:34.848992+07:00 tzinfo=Asia/Bangkok
2025-07-01 22:01:34,939 - app.services.face_service - INFO - Original filename: original_20250701220133193133_foto wedding.jpeg
2025-07-01 22:01:34,972 - app.functions.image_processor - INFO - Image saved successfully to: C:\Users\HiDigi\OneDrive\Desktop\WebDev\FacialRecognition\app_data\temp_images\preview_20250701220134940185_foto wedding.jpeg
2025-07-01 22:01:34,972 - app.services.face_service - INFO - Preview image saved to C:\Users\HiDigi\OneDrive\Desktop\WebDev\FacialRecognition\app_data\temp_images\preview_20250701220134940185_foto wedding.jpeg
2025-07-01 22:01:34,973 - app.api.v1.file_router - INFO - [upload-preview] Returning detection_time=2025-07-01T22:01:34.848992+07:00 for file=foto wedding.jpeg
2025-07-01 22:01:44,760 - app.services.face_service - INFO - Moved original image from temp to permanent: C:\Users\HiDigi\OneDrive\Desktop\WebDev\FacialRecognition\app_data\permanent_images\original_20250701220133193133_foto wedding.jpeg
2025-07-01 22:01:44,785 - app.services.face_service - INFO - Deleted temporary preview image: C:\Users\HiDigi\OneDrive\Desktop\WebDev\FacialRecognition\app_data\temp_images\preview_20250701220134940185_foto wedding.jpeg
2025-07-01 22:02:12,995 - app.functions.image_processor - INFO - Detected 2 face(s).
2025-07-01 22:02:12,996 - app.services.face_service - INFO - [process_image_for_review] detection_time=2025-07-01 22:02:12.996700+07:00 tzinfo=Asia/Bangkok
2025-07-01 22:02:13,001 - app.services.face_service - INFO - Original filename: original_20250701220211468347_foto wedding.jpeg
2025-07-01 22:02:13,025 - app.functions.image_processor - INFO - Image saved successfully to: C:\Users\HiDigi\OneDrive\Desktop\WebDev\FacialRecognition\app_data\temp_images\preview_20250701220213002010_foto wedding.jpeg
2025-07-01 22:02:13,026 - app.services.face_service - INFO - Preview image saved to C:\Users\HiDigi\OneDrive\Desktop\WebDev\FacialRecognition\app_data\temp_images\preview_20250701220213002010_foto wedding.jpeg
2025-07-01 22:02:13,027 - app.api.v1.file_router - INFO - [upload-preview] Returning detection_time=2025-07-01T22:02:12.996700+07:00 for file=foto wedding.jpeg
2025-07-01 22:02:21,404 - app.services.face_service - INFO - Moved original image from temp to permanent: C:\Users\HiDigi\OneDrive\Desktop\WebDev\FacialRecognition\app_data\permanent_images\original_20250701220211468347_foto wedding.jpeg
2025-07-01 22:02:21,418 - app.services.face_service - INFO - Deleted temporary preview image: C:\Users\HiDigi\OneDrive\Desktop\WebDev\FacialRecognition\app_data\temp_images\preview_20250701220213002010_foto wedding.jpeg
2025-07-02 09:33:18,077 - app.api.v1.file_router - INFO - [upload-preview] Received batch_tag=Ku3
2025-07-02 09:33:18,079 - app.api.v1.file_router - INFO - [upload-preview] Processed file result: {'original_filename': 'foto wedding.jpeg', 'status': 'processing', 'message': '', 'preview_image_url': None, 'face_detections': [], 'batch_tag': 'Ku3'}
2025-07-02 09:33:19,998 - app.functions.image_processor - INFO - Detected 2 face(s).
2025-07-02 09:33:19,999 - app.services.face_service - INFO - [process_image_for_review] detection_time=2025-07-02 09:33:19.998037+07:00 tzinfo=Asia/Bangkok
2025-07-02 09:33:20,012 - app.services.face_service - INFO - Original filename: original_20250702093318080197_foto wedding.jpeg
2025-07-02 09:33:20,077 - app.functions.image_processor - INFO - Image saved successfully to: C:\Users\HiDigi\OneDrive\Desktop\WebDev\FacialRecognition\app_data\temp_images\preview_20250702093320012099_foto wedding.jpeg
2025-07-02 09:33:20,078 - app.services.face_service - INFO - Preview image saved to C:\Users\HiDigi\OneDrive\Desktop\WebDev\FacialRecognition\app_data\temp_images\preview_20250702093320012099_foto wedding.jpeg
2025-07-02 09:33:20,079 - app.api.v1.file_router - INFO - [upload-preview] Returning detection_time=2025-07-02T09:33:19.998037+07:00 for file=foto wedding.jpeg
2025-07-02 09:33:26,110 - app.api.v1.file_router - INFO - [confirm-save] Received data: [ConfirmSaveRequest(original_image_path_server='C:\\Users\\HiDigi\\OneDrive\\Desktop\\WebDev\\FacialRecognition\\app_data\\temp_images\\original_20250702093318080197_foto wedding.jpeg', preview_image_path_server='C:\\Users\\HiDigi\\OneDrive\\Desktop\\WebDev\\FacialRecognition\\app_data\\temp_images\\preview_20250702093320012099_foto wedding.jpeg', detection_time='2025-07-02T09:33:19.998037+07:00', face_detections=[{'face_index': 0, 'suggested_face_id': 10, 'suggested_person_name': 'Evan Lysandra', 'is_new_face_candidate': False, 'face_location': [582, 665, 689, 557], 'face_encoding': [-0.09356160461902618, 0.11831045895814896, 0.0039033093489706516, -0.0839310809969902, -0.1769781857728958, -0.02517963945865631, -0.08188515901565552, -0.15781019628047943, 0.12565810978412628, -0.12391860783100128, 0.17591972649097443, -0.11268732696771622, -0.23237654566764832, -0.03349979966878891, -0.10209691524505615, 0.23478901386260986, -0.15827131271362305, -0.1820230334997177, -0.02363840490579605, -0.027536947280168533, 0.12899695336818695, -0.022594379261136055, -0.0321182943880558, 0.11481249332427979, -0.09410074353218079, -0.28035852313041687, -0.13221514225006104, 0.023197975009679794, -0.04798920825123787, -0.1274963766336441, -0.027115877717733383, 0.12113602459430695, -0.23695127665996552, -0.021862981840968132, -0.00822111964225769, 0.17022491991519928, 0.004335967358201742, -0.11046372354030609, 0.10000662505626678, 0.003245464526116848, -0.2720140516757965, 0.06481307744979858, 0.11478668451309204, 0.2212715595960617, 0.13441170752048492, 0.0010577760403975844, -0.02547205053269863, -0.18301254510879517, 0.07050532847642899, -0.1263546347618103, 0.0762377381324768, 0.1761385053396225, 0.062476497143507004, 0.07255258411169052, -0.022489134222269058, -0.12870466709136963, 0.055510811507701874, 0.11645984649658203, -0.15489459037780762, -0.044914040714502335, 0.15945301949977875, -0.09886129200458527, -0.006873673293739557, -0.21863946318626404, 0.19119031727313995, 0.14092054963111877, -0.0728626400232315, -0.2312530279159546, 0.13329404592514038, -0.14996443688869476, -0.11717186123132706, 0.09861402958631516, -0.13003109395503998, -0.15993472933769226, -0.3076535165309906, 0.03403310477733612, 0.36559510231018066, 0.15316498279571533, -0.1460966318845749, 0.06513390690088272, -0.008590074256062508, -0.058472342789173126, 0.06817828118801117, 0.17494432628154755, 0.018313908949494362, 0.06200499087572098, -0.0879259929060936, 0.08144989609718323, 0.23222987353801727, -0.0323861688375473, -0.003036605194211006, 0.2297951877117157, 0.01780286245048046, 0.04114197939634323, 0.01329260878264904, 0.02656896971166134, -0.08550867438316345, 0.0635366216301918, -0.14832819998264313, -0.00946667417883873, -0.062152355909347534, -0.0424300953745842, -0.06566591560840607, 0.09120497852563858, -0.08798933029174805, 0.12170790880918503, 0.009322553873062134, 0.0009485958144068718, -0.0875350832939148, -0.02724594622850418, -0.1096673533320427, -0.03862135857343674, 0.1368376463651657, -0.23386076092720032, 0.17875219881534576, 0.10886015743017197, 0.10216698050498962, 0.08124381303787231, 0.13397850096225739, 0.18663454055786133, -0.011412926949560642, -0.12203202396631241, -0.21685481071472168, 0.023422356694936752, 0.16775795817375183, -0.097234807908535, 0.09907366335391998, 0.04423806816339493], 'image_width': 1066, 'image_height': 1600, 'batch_tag': 'Ku3'}, {'face_index': 1, 'suggested_face_id': 9, 'suggested_person_name': 'Dedy Ariansyah', 'is_new_face_candidate': False, 'face_location': [712, 526, 841, 397], 'face_encoding': [-0.1072390004992485, 0.06961607933044434, -0.03868839144706726, -0.022046785801649094, -0.11710648238658905, -0.10055022686719894, -0.029660962522029877, -0.13609343767166138, 0.11401750892400742, -0.06077592074871063, 0.25176241993904114, -0.059688374400138855, -0.20515823364257812, -0.09730619192123413, -0.046884238719940186, 0.1980673223733902, -0.2404787540435791, -0.0881350189447403, -0.062378279864788055, -0.04099642112851143, 0.07302165776491165, -0.04445763677358627, 0.01910489983856678, 0.05768603831529617, -0.10839632153511047, -0.3508714735507965, -0.05680707097053528, -0.13847295939922333, 0.009116506204009056, -0.021961720660328865, 0.006298854481428862, 0.06818459182977676, -0.18020223081111908, -0.09846625477075577, 0.027447279542684555, 0.09427771717309952, -0.02576921135187149, -0.028849152848124504, 0.1933743804693222, -0.03008660301566124, -0.2195490598678589, -0.01807677373290062, 0.05563779175281525, 0.25636979937553406, 0.16789871454238892, 0.05224800109863281, 0.051795054227113724, -0.10474896430969238, 0.12540951371192932, -0.19850410521030426, 0.014681735076010227, 0.1137392520904541, 0.07700929790735245, 0.050290245562791824, -0.0035576410591602325, -0.11510211229324341, 0.06710201501846313, 0.11740472912788391, -0.21060830354690552, -0.0016311716753989458, 0.12451894581317902, -0.09718722105026245, -0.000652075745165348, -0.05176033079624176, 0.3171076774597168, 0.07469042390584946, -0.15292829275131226, -0.07271101325750351, 0.13058096170425415, -0.12928512692451477, -0.0789760872721672, -0.014499783515930176, -0.1374354213476181, -0.20658056437969208, -0.3852453827857971, 0.03296784684062004, 0.42225244641304016, 0.08169251680374146, -0.13993243873119354, 0.03650270402431488, -0.06143307313323021, -0.01054295152425766, 0.16979727149009705, 0.14656174182891846, -0.0031519848853349686, -0.010536749847233295, -0.09200980514287949, 0.019625794142484665, 0.205721914768219, -0.08973608165979385, -0.03683758154511452, 0.18914036452770233, -0.0398622527718544, 0.062240902334451675, 0.006081712897866964, 0.06690538674592972, -0.08262698352336884, 0.055384937673807144, -0.08212290704250336, 0.0705975890159607, 0.06462171673774719, -0.057484909892082214, 0.02408657968044281, 0.07333492487668991, -0.11022390425205231, 0.0624416247010231, -0.008426569402217865, 0.044611379504203796, 0.002245049923658371, -0.03833809122443199, -0.12789586186408997, -0.0892784520983696, 0.12507104873657227, -0.21962900459766388, 0.2818884253501892, 0.1879139095544815, 0.025906069204211235, 0.13720937073230743, 0.10815708339214325, 0.042700499296188354, -0.014524650759994984, -0.025754649192094803, -0.21674169600009918, -0.017674550414085388, 0.1102013811469078, -0.02793312631547451, 0.09388432651758194, 0.009572139009833336], 'image_width': 1066, 'image_height': 1600, 'batch_tag': 'Ku3'}], batch_tag=None)]
2025-07-02 09:33:26,116 - app.services.face_service - INFO - Moved original image from temp to permanent: C:\Users\HiDigi\OneDrive\Desktop\WebDev\FacialRecognition\app_data\permanent_images\original_20250702093318080197_foto wedding.jpeg
2025-07-02 09:33:26,143 - app.services.face_service - INFO - Deleted temporary preview image: C:\Users\HiDigi\OneDrive\Desktop\WebDev\FacialRecognition\app_data\temp_images\preview_20250702093320012099_foto wedding.jpeg
2025-07-02 09:38:00,993 - app.api.v1.file_router - INFO - [upload-preview] Received batch_tag=
2025-07-02 09:38:00,994 - app.api.v1.file_router - INFO - [upload-preview] Processed file result: {'original_filename': 'foto wedding.jpeg', 'status': 'processing', 'message': '', 'preview_image_url': None, 'face_detections': [], 'batch_tag': ''}
2025-07-02 09:38:02,591 - app.functions.image_processor - INFO - Detected 2 face(s).
2025-07-02 09:38:02,593 - app.services.face_service - INFO - [process_image_for_review] detection_time=2025-07-02 09:38:02.593145+07:00 tzinfo=Asia/Bangkok
2025-07-02 09:38:02,600 - app.services.face_service - INFO - Original filename: original_20250702093800994337_foto wedding.jpeg
2025-07-02 09:38:02,632 - app.functions.image_processor - INFO - Image saved successfully to: C:\Users\HiDigi\OneDrive\Desktop\WebDev\FacialRecognition\app_data\temp_images\preview_20250702093802601155_foto wedding.jpeg
2025-07-02 09:38:02,633 - app.services.face_service - INFO - Preview image saved to C:\Users\HiDigi\OneDrive\Desktop\WebDev\FacialRecognition\app_data\temp_images\preview_20250702093802601155_foto wedding.jpeg
2025-07-02 09:38:02,635 - app.api.v1.file_router - INFO - [upload-preview] Returning detection_time=2025-07-02T09:38:02.593145+07:00 for file=foto wedding.jpeg
2025-07-02 09:39:10,122 - app.api.v1.file_router - INFO - [upload-preview] Received batch_tag=Ku2
2025-07-02 09:39:10,123 - app.api.v1.file_router - INFO - [upload-preview] Processed file result: {'original_filename': 'foto wedding.jpeg', 'status': 'processing', 'message': '', 'preview_image_url': None, 'face_detections': [], 'batch_tag': 'Ku2'}
2025-07-02 09:39:11,902 - app.functions.image_processor - INFO - Detected 2 face(s).
2025-07-02 09:39:11,902 - app.services.face_service - INFO - [process_image_for_review] detection_time=2025-07-02 09:39:11.902942+07:00 tzinfo=Asia/Bangkok
2025-07-02 09:39:12,005 - app.services.face_service - INFO - Original filename: original_20250702093910123225_foto wedding.jpeg
2025-07-02 09:39:12,044 - app.functions.image_processor - INFO - Image saved successfully to: C:\Users\HiDigi\OneDrive\Desktop\WebDev\FacialRecognition\app_data\temp_images\preview_20250702093912005200_foto wedding.jpeg
2025-07-02 09:39:12,044 - app.services.face_service - INFO - Preview image saved to C:\Users\HiDigi\OneDrive\Desktop\WebDev\FacialRecognition\app_data\temp_images\preview_20250702093912005200_foto wedding.jpeg
2025-07-02 09:39:12,046 - app.api.v1.file_router - INFO - [upload-preview] Returning detection_time=2025-07-02T09:39:11.902942+07:00 for file=foto wedding.jpeg
2025-07-02 09:39:36,565 - app.api.v1.file_router - INFO - [upload-preview] Received batch_tag=Ku2
2025-07-02 09:39:36,566 - app.api.v1.file_router - INFO - [upload-preview] Processed file result: {'original_filename': 'foto wedding.jpeg', 'status': 'processing', 'message': '', 'preview_image_url': None, 'face_detections': [], 'batch_tag': 'Ku2'}
2025-07-02 09:39:38,182 - app.functions.image_processor - INFO - Detected 2 face(s).
2025-07-02 09:39:38,183 - app.services.face_service - INFO - [process_image_for_review] detection_time=2025-07-02 09:39:38.183252+07:00 tzinfo=Asia/Bangkok
2025-07-02 09:39:38,271 - app.services.face_service - INFO - Original filename: original_20250702093936567545_foto wedding.jpeg
2025-07-02 09:39:38,304 - app.functions.image_processor - INFO - Image saved successfully to: C:\Users\HiDigi\OneDrive\Desktop\WebDev\FacialRecognition\app_data\temp_images\preview_20250702093938272507_foto wedding.jpeg
2025-07-02 09:39:38,304 - app.services.face_service - INFO - Preview image saved to C:\Users\HiDigi\OneDrive\Desktop\WebDev\FacialRecognition\app_data\temp_images\preview_20250702093938272507_foto wedding.jpeg
2025-07-02 09:39:38,305 - app.api.v1.file_router - INFO - [upload-preview] Returning detection_time=2025-07-02T09:39:38.183252+07:00 for file=foto wedding.jpeg
2025-07-02 09:39:40,455 - app.services.face_service - INFO - Moved original image from temp to permanent: C:\Users\HiDigi\OneDrive\Desktop\WebDev\FacialRecognition\app_data\permanent_images\original_20250702093936567545_foto wedding.jpeg
2025-07-02 09:39:40,472 - app.services.face_service - INFO - Deleted temporary preview image: C:\Users\HiDigi\OneDrive\Desktop\WebDev\FacialRecognition\app_data\temp_images\preview_20250702093938272507_foto wedding.jpeg
2025-07-02 09:41:10,380 - app.api.v1.file_router - INFO - [upload-preview] Received batch_tag=Ku2
2025-07-02 09:41:10,381 - app.api.v1.file_router - INFO - [upload-preview] Processed file result: {'original_filename': 'WhatsApp Image 2025-03-06 at 19.44.58.jpeg', 'status': 'processing', 'message': '', 'preview_image_url': None, 'face_detections': [], 'batch_tag': 'Ku2'}
2025-07-02 09:41:11,695 - app.functions.image_processor - INFO - Detected 1 face(s).
2025-07-02 09:41:11,696 - app.services.face_service - INFO - [process_image_for_review] detection_time=2025-07-02 09:41:11.696330+07:00 tzinfo=Asia/Bangkok
2025-07-02 09:41:11,698 - app.services.face_service - INFO - Original filename: original_20250702094110381759_WhatsApp Image 2025-03-06 at 19.44.58.jpeg
2025-07-02 09:41:11,727 - app.functions.image_processor - INFO - Image saved successfully to: C:\Users\HiDigi\OneDrive\Desktop\WebDev\FacialRecognition\app_data\temp_images\preview_20250702094111699477_WhatsApp Image 2025-03-06 at 19.44.58.jpeg
2025-07-02 09:41:11,727 - app.services.face_service - INFO - Preview image saved to C:\Users\HiDigi\OneDrive\Desktop\WebDev\FacialRecognition\app_data\temp_images\preview_20250702094111699477_WhatsApp Image 2025-03-06 at 19.44.58.jpeg
2025-07-02 09:41:11,728 - app.api.v1.file_router - INFO - [upload-preview] Returning detection_time=2025-07-02T09:41:11.696330+07:00 for file=WhatsApp Image 2025-03-06 at 19.44.58.jpeg
2025-07-02 09:41:17,162 - app.services.face_service - INFO - Moved original image from temp to permanent: C:\Users\HiDigi\OneDrive\Desktop\WebDev\FacialRecognition\app_data\permanent_images\original_20250702094110381759_WhatsApp Image 2025-03-06 at 19.44.58.jpeg
2025-07-02 09:41:17,189 - app.services.face_service - INFO - Deleted temporary preview image: C:\Users\HiDigi\OneDrive\Desktop\WebDev\FacialRecognition\app_data\temp_images\preview_20250702094111699477_WhatsApp Image 2025-03-06 at 19.44.58.jpeg
2025-07-02 11:33:26,924 - app.api.v1.file_router - INFO - [upload-preview] Received batch_tag=Ku2
2025-07-02 11:33:26,928 - app.api.v1.file_router - INFO - [upload-preview] Processed file result: {'original_filename': 'WhatsApp Image 2025-03-06 at 19.44.58.jpeg', 'status': 'processing', 'message': '', 'preview_image_url': None, 'face_detections': [], 'batch_tag': 'Ku2'}
2025-07-02 11:33:28,430 - app.functions.image_processor - INFO - Detected 1 face(s).
2025-07-02 11:33:28,431 - app.services.face_service - INFO - [process_image_for_review] detection_time=2025-07-02 11:33:28.430298+07:00 tzinfo=Asia/Bangkok
2025-07-02 11:33:28,441 - app.services.face_service - INFO - Original filename: original_20250702113326928000_WhatsApp Image 2025-03-06 at 19.44.58.jpeg
2025-07-02 11:33:28,499 - app.functions.image_processor - INFO - Image saved successfully to: C:\Users\HiDigi\OneDrive\Desktop\WebDev\FacialRecognition\app_data\temp_images\preview_20250702113328442176_WhatsApp Image 2025-03-06 at 19.44.58.jpeg
2025-07-02 11:33:28,499 - app.services.face_service - INFO - Preview image saved to C:\Users\HiDigi\OneDrive\Desktop\WebDev\FacialRecognition\app_data\temp_images\preview_20250702113328442176_WhatsApp Image 2025-03-06 at 19.44.58.jpeg
2025-07-02 11:33:28,500 - app.api.v1.file_router - INFO - [upload-preview] Returning detection_time=2025-07-02T11:33:28.430298+07:00 for file=WhatsApp Image 2025-03-06 at 19.44.58.jpeg
2025-07-02 11:33:48,816 - app.services.face_service - INFO - Moved original image from temp to permanent: C:\Users\HiDigi\OneDrive\Desktop\WebDev\FacialRecognition\app_data\permanent_images\original_20250702113326928000_WhatsApp Image 2025-03-06 at 19.44.58.jpeg
2025-07-02 11:33:48,840 - app.services.face_service - INFO - Deleted temporary preview image: C:\Users\HiDigi\OneDrive\Desktop\WebDev\FacialRecognition\app_data\temp_images\preview_20250702113328442176_WhatsApp Image 2025-03-06 at 19.44.58.jpeg
2025-07-02 11:39:25,372 - app.api.v1.file_router - INFO - [upload-preview] Received batch_tag=
2025-07-02 11:39:25,373 - app.api.v1.file_router - INFO - [upload-preview] Processed file result: {'original_filename': 'WhatsApp Image 2025-03-06 at 19.44.58.jpeg', 'status': 'processing', 'message': '', 'preview_image_url': None, 'face_detections': [], 'batch_tag': ''}
2025-07-02 11:39:26,736 - app.functions.image_processor - INFO - Detected 1 face(s).
2025-07-02 11:39:26,736 - app.services.face_service - INFO - [process_image_for_review] detection_time=2025-07-02 11:39:26.736767+07:00 tzinfo=Asia/Bangkok
2025-07-02 11:39:26,741 - app.services.face_service - INFO - Original filename: original_20250702113925374127_WhatsApp Image 2025-03-06 at 19.44.58.jpeg
2025-07-02 11:39:26,767 - app.functions.image_processor - INFO - Image saved successfully to: C:\Users\HiDigi\OneDrive\Desktop\WebDev\FacialRecognition\app_data\temp_images\preview_20250702113926741763_WhatsApp Image 2025-03-06 at 19.44.58.jpeg
2025-07-02 11:39:26,768 - app.services.face_service - INFO - Preview image saved to C:\Users\HiDigi\OneDrive\Desktop\WebDev\FacialRecognition\app_data\temp_images\preview_20250702113926741763_WhatsApp Image 2025-03-06 at 19.44.58.jpeg
2025-07-02 11:39:26,769 - app.api.v1.file_router - INFO - [upload-preview] Returning detection_time=2025-07-02T11:39:26.736767+07:00 for file=WhatsApp Image 2025-03-06 at 19.44.58.jpeg
2025-07-02 11:39:36,101 - app.services.face_service - INFO - Moved original image from temp to permanent: C:\Users\HiDigi\OneDrive\Desktop\WebDev\FacialRecognition\app_data\permanent_images\original_20250702113925374127_WhatsApp Image 2025-03-06 at 19.44.58.jpeg
2025-07-02 11:39:36,109 - app.services.face_service - INFO - Deleted temporary preview image: C:\Users\HiDigi\OneDrive\Desktop\WebDev\FacialRecognition\app_data\temp_images\preview_20250702113926741763_WhatsApp Image 2025-03-06 at 19.44.58.jpeg
2025-07-02 12:00:50,317 - app.services.face_service - ERROR - Original temp file not found: C:\Users\HiDigi\OneDrive\Desktop\WebDev\FacialRecognition\app_data\temp_images\original_20250702113925374127_WhatsApp Image 2025-03-06 at 19.44.58.jpeg
2025-07-02 12:01:12,324 - app.api.v1.file_router - INFO - [upload-preview] Received batch_tag=
2025-07-02 12:01:12,325 - app.api.v1.file_router - INFO - [upload-preview] Processed file result: {'original_filename': 'PHR03.jpeg', 'status': 'processing', 'message': '', 'preview_image_url': None, 'face_detections': [], 'batch_tag': ''}
2025-07-02 12:01:13,791 - app.functions.image_processor - INFO - Detected 3 face(s).
2025-07-02 12:01:13,792 - app.services.face_service - INFO - [process_image_for_review] detection_time=2025-07-02 12:01:13.792396+07:00 tzinfo=Asia/Bangkok
2025-07-02 12:01:13,800 - app.services.face_service - INFO - Original filename: original_20250702120112325336_PHR03.jpeg
2025-07-02 12:01:13,812 - app.functions.image_processor - INFO - Image saved successfully to: C:\Users\HiDigi\OneDrive\Desktop\WebDev\FacialRecognition\app_data\temp_images\preview_20250702120113800412_PHR03.jpeg
2025-07-02 12:01:13,813 - app.services.face_service - INFO - Preview image saved to C:\Users\HiDigi\OneDrive\Desktop\WebDev\FacialRecognition\app_data\temp_images\preview_20250702120113800412_PHR03.jpeg
2025-07-02 12:01:13,814 - app.api.v1.file_router - INFO - [upload-preview] Returning detection_time=2025-07-02T12:01:13.792396+07:00 for file=PHR03.jpeg
2025-07-02 12:01:50,318 - app.api.v1.file_router - INFO - [upload-preview] Received batch_tag=
2025-07-02 12:01:50,318 - app.api.v1.file_router - INFO - [upload-preview] Processed file result: {'original_filename': 'foto wedding.jpeg', 'status': 'processing', 'message': '', 'preview_image_url': None, 'face_detections': [], 'batch_tag': ''}
2025-07-02 12:01:51,898 - app.functions.image_processor - INFO - Detected 2 face(s).
2025-07-02 12:01:51,899 - app.services.face_service - INFO - [process_image_for_review] detection_time=2025-07-02 12:01:51.899219+07:00 tzinfo=Asia/Bangkok
2025-07-02 12:01:51,904 - app.services.face_service - INFO - Original filename: original_20250702120150318614_foto wedding.jpeg
2025-07-02 12:01:51,930 - app.functions.image_processor - INFO - Image saved successfully to: C:\Users\HiDigi\OneDrive\Desktop\WebDev\FacialRecognition\app_data\temp_images\preview_20250702120151904217_foto wedding.jpeg
2025-07-02 12:01:51,930 - app.services.face_service - INFO - Preview image saved to C:\Users\HiDigi\OneDrive\Desktop\WebDev\FacialRecognition\app_data\temp_images\preview_20250702120151904217_foto wedding.jpeg
2025-07-02 12:01:51,931 - app.api.v1.file_router - INFO - [upload-preview] Returning detection_time=2025-07-02T12:01:51.899219+07:00 for file=foto wedding.jpeg
2025-07-02 12:02:00,828 - app.api.v1.file_router - INFO - [upload-preview] Received batch_tag=
2025-07-02 12:02:00,829 - app.api.v1.file_router - INFO - [upload-preview] Processed file result: {'original_filename': 'WhatsApp Image 2025-03-06 at 19.44.58.jpeg', 'status': 'processing', 'message': '', 'preview_image_url': None, 'face_detections': [], 'batch_tag': ''}
2025-07-02 12:02:02,141 - app.functions.image_processor - INFO - Detected 1 face(s).
2025-07-02 12:02:02,142 - app.services.face_service - INFO - [process_image_for_review] detection_time=2025-07-02 12:02:02.142033+07:00 tzinfo=Asia/Bangkok
2025-07-02 12:02:02,145 - app.services.face_service - INFO - Original filename: original_20250702120200829306_WhatsApp Image 2025-03-06 at 19.44.58.jpeg
2025-07-02 12:02:02,174 - app.functions.image_processor - INFO - Image saved successfully to: C:\Users\HiDigi\OneDrive\Desktop\WebDev\FacialRecognition\app_data\temp_images\preview_20250702120202146568_WhatsApp Image 2025-03-06 at 19.44.58.jpeg
2025-07-02 12:02:02,175 - app.services.face_service - INFO - Preview image saved to C:\Users\HiDigi\OneDrive\Desktop\WebDev\FacialRecognition\app_data\temp_images\preview_20250702120202146568_WhatsApp Image 2025-03-06 at 19.44.58.jpeg
2025-07-02 12:02:02,176 - app.api.v1.file_router - INFO - [upload-preview] Returning detection_time=2025-07-02T12:02:02.142033+07:00 for file=WhatsApp Image 2025-03-06 at 19.44.58.jpeg
2025-07-02 12:02:14,259 - app.services.face_service - INFO - Moved original image from temp to permanent: C:\Users\HiDigi\OneDrive\Desktop\WebDev\FacialRecognition\app_data\permanent_images\original_20250702120200829306_WhatsApp Image 2025-03-06 at 19.44.58.jpeg
2025-07-02 12:02:14,267 - app.services.face_service - INFO - Deleted temporary preview image: C:\Users\HiDigi\OneDrive\Desktop\WebDev\FacialRecognition\app_data\temp_images\preview_20250702120202146568_WhatsApp Image 2025-03-06 at 19.44.58.jpeg
2025-07-02 12:04:12,270 - app.api.v1.file_router - INFO - [upload-preview] Received batch_tag=
2025-07-02 12:04:12,271 - app.api.v1.file_router - INFO - [upload-preview] Processed file result: {'original_filename': 'PHR03.jpeg', 'status': 'processing', 'message': '', 'preview_image_url': None, 'face_detections': [], 'batch_tag': ''}
2025-07-02 12:04:13,741 - app.functions.image_processor - INFO - Detected 3 face(s).
2025-07-02 12:04:13,742 - app.services.face_service - INFO - [process_image_for_review] detection_time=2025-07-02 12:04:13.742419+07:00 tzinfo=Asia/Bangkok
2025-07-02 12:04:13,748 - app.services.face_service - INFO - Original filename: original_20250702120412271597_PHR03.jpeg
2025-07-02 12:04:13,759 - app.functions.image_processor - INFO - Image saved successfully to: C:\Users\HiDigi\OneDrive\Desktop\WebDev\FacialRecognition\app_data\temp_images\preview_20250702120413748418_PHR03.jpeg
2025-07-02 12:04:13,759 - app.services.face_service - INFO - Preview image saved to C:\Users\HiDigi\OneDrive\Desktop\WebDev\FacialRecognition\app_data\temp_images\preview_20250702120413748418_PHR03.jpeg
2025-07-02 12:04:13,760 - app.api.v1.file_router - INFO - [upload-preview] Returning detection_time=2025-07-02T12:04:13.742419+07:00 for file=PHR03.jpeg
2025-07-02 12:04:29,071 - app.services.people_service - WARNING - Image file not found for deletion: C:\Users\HiDigi\OneDrive\Desktop\WebDev\FacialRecognition\app_data\permanent_images\public\people\images\people\2\08bce891adfc4915b9d6fed04c317367.png
2025-07-02 12:04:46,179 - app.api.v1.file_router - INFO - [upload-preview] Received batch_tag=
2025-07-02 12:04:46,180 - app.api.v1.file_router - INFO - [upload-preview] Processed file result: {'original_filename': 'foto wedding.jpeg', 'status': 'processing', 'message': '', 'preview_image_url': None, 'face_detections': [], 'batch_tag': ''}
2025-07-02 12:04:47,813 - app.functions.image_processor - INFO - Detected 2 face(s).
2025-07-02 12:04:47,814 - app.services.face_service - INFO - [process_image_for_review] detection_time=2025-07-02 12:04:47.814527+07:00 tzinfo=Asia/Bangkok
2025-07-02 12:04:47,819 - app.services.face_service - INFO - Original filename: original_20250702120446180878_foto wedding.jpeg
2025-07-02 12:04:47,844 - app.functions.image_processor - INFO - Image saved successfully to: C:\Users\HiDigi\OneDrive\Desktop\WebDev\FacialRecognition\app_data\temp_images\preview_20250702120447820398_foto wedding.jpeg
2025-07-02 12:04:47,844 - app.services.face_service - INFO - Preview image saved to C:\Users\HiDigi\OneDrive\Desktop\WebDev\FacialRecognition\app_data\temp_images\preview_20250702120447820398_foto wedding.jpeg
2025-07-02 12:04:47,846 - app.api.v1.file_router - INFO - [upload-preview] Returning detection_time=2025-07-02T12:04:47.814527+07:00 for file=foto wedding.jpeg
2025-07-02 13:04:23,514 - app.api.v1.file_router - INFO - [upload-preview] Received batch_tag=
2025-07-02 13:04:23,516 - app.api.v1.file_router - INFO - [upload-preview] Processed file result: {'original_filename': 'najwa_first_frame.png', 'status': 'processing', 'message': '', 'preview_image_url': None, 'face_detections': [], 'batch_tag': ''}
2025-07-02 13:04:24,397 - app.functions.image_processor - INFO - Detected 1 face(s).
2025-07-02 13:04:24,397 - app.services.face_service - INFO - [process_image_for_review] detection_time=2025-07-02 13:04:24.397078+07:00 tzinfo=Asia/Bangkok
2025-07-02 13:04:24,401 - app.services.face_service - INFO - Original filename: original_20250702130423516361_najwa_first_frame.png
2025-07-02 13:04:24,416 - app.functions.image_processor - INFO - Image saved successfully to: C:\Users\HiDigi\OneDrive\Desktop\WebDev\FacialRecognition\app_data\temp_images\preview_20250702130424401097_frame.png
2025-07-02 13:04:24,416 - app.services.face_service - INFO - Preview image saved to C:\Users\HiDigi\OneDrive\Desktop\WebDev\FacialRecognition\app_data\temp_images\preview_20250702130424401097_frame.png
2025-07-02 13:04:24,417 - app.api.v1.file_router - INFO - [upload-preview] Returning detection_time=2025-07-02T13:04:24.397078+07:00 for file=najwa_first_frame.png
2025-07-02 13:05:01,389 - app.api.v1.file_router - INFO - [upload-preview] Received batch_tag=
2025-07-02 13:05:01,390 - app.api.v1.file_router - INFO - [upload-preview] Processed file result: {'original_filename': 'najwa_first_frame.png', 'status': 'processing', 'message': '', 'preview_image_url': None, 'face_detections': [], 'batch_tag': ''}
2025-07-02 13:05:02,215 - app.functions.image_processor - INFO - Detected 1 face(s).
2025-07-02 13:05:02,215 - app.services.face_service - INFO - [process_image_for_review] detection_time=2025-07-02 13:05:02.215396+07:00 tzinfo=Asia/Bangkok
2025-07-02 13:05:02,304 - app.services.face_service - INFO - Original filename: original_20250702130501390089_najwa_first_frame.png
2025-07-02 13:05:02,321 - app.functions.image_processor - INFO - Image saved successfully to: C:\Users\HiDigi\OneDrive\Desktop\WebDev\FacialRecognition\app_data\temp_images\preview_20250702130502305944_frame.png
2025-07-02 13:05:02,322 - app.services.face_service - INFO - Preview image saved to C:\Users\HiDigi\OneDrive\Desktop\WebDev\FacialRecognition\app_data\temp_images\preview_20250702130502305944_frame.png
2025-07-02 13:05:02,323 - app.api.v1.file_router - INFO - [upload-preview] Returning detection_time=2025-07-02T13:05:02.215396+07:00 for file=najwa_first_frame.png
2025-07-02 13:05:08,300 - app.services.face_service - INFO - Moved original image from temp to permanent: C:\Users\HiDigi\OneDrive\Desktop\WebDev\FacialRecognition\app_data\permanent_images\original_20250702130501390089_najwa_first_frame.png
2025-07-02 13:05:08,317 - app.services.face_service - ERROR - Error inserting new face: too many values to unpack (expected 4)
2025-07-02 13:05:08,318 - app.services.face_service - ERROR - Error saving confirmed face data for C:\Users\HiDigi\OneDrive\Desktop\WebDev\FacialRecognition\app_data\temp_images\original_20250702130501390089_najwa_first_frame.png: too many values to unpack (expected 4)
2025-07-02 13:05:08,319 - app.services.face_service - INFO - Deleted temporary preview image: C:\Users\HiDigi\OneDrive\Desktop\WebDev\FacialRecognition\app_data\temp_images\preview_20250702130502305944_frame.png
2025-07-02 13:09:04,505 - app.api.v1.file_router - INFO - [upload-preview] Received batch_tag=
2025-07-02 13:09:04,506 - app.api.v1.file_router - INFO - [upload-preview] Processed file result: {'original_filename': 'najwa_first_frame.png', 'status': 'processing', 'message': '', 'preview_image_url': None, 'face_detections': [], 'batch_tag': ''}
2025-07-02 13:09:05,329 - app.functions.image_processor - INFO - Detected 1 face(s).
2025-07-02 13:09:05,329 - app.services.face_service - INFO - [process_image_for_review] detection_time=2025-07-02 13:09:05.329633+07:00 tzinfo=Asia/Bangkok
2025-07-02 13:09:05,332 - app.services.face_service - INFO - Original filename: original_20250702130904506961_najwa_first_frame.png
2025-07-02 13:09:05,352 - app.functions.image_processor - INFO - Image saved successfully to: C:\Users\HiDigi\OneDrive\Desktop\WebDev\FacialRecognition\app_data\temp_images\preview_20250702130905333693_frame.png
2025-07-02 13:09:05,352 - app.services.face_service - INFO - Preview image saved to C:\Users\HiDigi\OneDrive\Desktop\WebDev\FacialRecognition\app_data\temp_images\preview_20250702130905333693_frame.png
2025-07-02 13:09:05,353 - app.api.v1.file_router - INFO - [upload-preview] Returning detection_time=2025-07-02T13:09:05.329633+07:00 for file=najwa_first_frame.png
2025-07-02 13:09:07,609 - app.services.face_service - INFO - Moved original image from temp to permanent: C:\Users\HiDigi\OneDrive\Desktop\WebDev\FacialRecognition\app_data\permanent_images\original_20250702130904506961_najwa_first_frame.png
2025-07-02 13:09:07,615 - app.services.face_service - INFO - Saving face crop for face 13
2025-07-02 13:09:07,629 - app.services.face_service - ERROR - Error inserting new face: too many values to unpack (expected 4)
2025-07-02 13:09:07,630 - app.services.face_service - ERROR - Error saving confirmed face data for C:\Users\HiDigi\OneDrive\Desktop\WebDev\FacialRecognition\app_data\temp_images\original_20250702130904506961_najwa_first_frame.png: too many values to unpack (expected 4)
2025-07-02 13:09:07,631 - app.services.face_service - INFO - Deleted temporary preview image: C:\Users\HiDigi\OneDrive\Desktop\WebDev\FacialRecognition\app_data\temp_images\preview_20250702130905333693_frame.png
2025-07-02 13:19:35,866 - app.api.v1.file_router - INFO - [upload-preview] Received batch_tag=
2025-07-02 13:19:35,866 - app.api.v1.file_router - INFO - [upload-preview] Processed file result: {'original_filename': 'najwa_first_frame.png', 'status': 'processing', 'message': '', 'preview_image_url': None, 'face_detections': [], 'batch_tag': ''}
2025-07-02 13:19:36,717 - app.functions.image_processor - INFO - Detected 1 face(s).
2025-07-02 13:19:36,717 - app.services.face_service - INFO - [process_image_for_review] detection_time=2025-07-02 13:19:36.717914+07:00 tzinfo=Asia/Bangkok
2025-07-02 13:19:36,722 - app.services.face_service - INFO - Original filename: original_20250702131935867482_najwa_first_frame.png
2025-07-02 13:19:36,739 - app.functions.image_processor - INFO - Image saved successfully to: C:\Users\HiDigi\OneDrive\Desktop\WebDev\FacialRecognition\app_data\temp_images\preview_20250702131936722013_frame.png
2025-07-02 13:19:36,739 - app.services.face_service - INFO - Preview image saved to C:\Users\HiDigi\OneDrive\Desktop\WebDev\FacialRecognition\app_data\temp_images\preview_20250702131936722013_frame.png
2025-07-02 13:19:36,740 - app.api.v1.file_router - INFO - [upload-preview] Returning detection_time=2025-07-02T13:19:36.717914+07:00 for file=najwa_first_frame.png
2025-07-02 13:19:39,381 - app.services.face_service - INFO - Moved original image from temp to permanent: C:\Users\HiDigi\OneDrive\Desktop\WebDev\FacialRecognition\app_data\permanent_images\original_20250702131935867482_najwa_first_frame.png
2025-07-02 13:19:39,390 - app.services.face_service - ERROR - Error inserting new face: string indices must be integers
2025-07-02 13:19:39,391 - app.services.face_service - ERROR - Error saving confirmed face data for C:\Users\HiDigi\OneDrive\Desktop\WebDev\FacialRecognition\app_data\temp_images\original_20250702131935867482_najwa_first_frame.png: string indices must be integers
2025-07-02 13:19:39,391 - app.services.face_service - INFO - Deleted temporary preview image: C:\Users\HiDigi\OneDrive\Desktop\WebDev\FacialRecognition\app_data\temp_images\preview_20250702131936722013_frame.png
2025-07-02 13:21:35,938 - app.api.v1.file_router - INFO - [upload-preview] Received batch_tag=
2025-07-02 13:21:35,938 - app.api.v1.file_router - INFO - [upload-preview] Processed file result: {'original_filename': 'najwa_first_frame.png', 'status': 'processing', 'message': '', 'preview_image_url': None, 'face_detections': [], 'batch_tag': ''}
2025-07-02 13:21:36,803 - app.functions.image_processor - INFO - Detected 1 face(s).
2025-07-02 13:21:36,803 - app.services.face_service - INFO - [process_image_for_review] detection_time=2025-07-02 13:21:36.803915+07:00 tzinfo=Asia/Bangkok
2025-07-02 13:21:36,807 - app.services.face_service - INFO - Original filename: original_20250702132135939247_najwa_first_frame.png
2025-07-02 13:21:36,827 - app.functions.image_processor - INFO - Image saved successfully to: C:\Users\HiDigi\OneDrive\Desktop\WebDev\FacialRecognition\app_data\temp_images\preview_20250702132136807916_frame.png
2025-07-02 13:21:36,827 - app.services.face_service - INFO - Preview image saved to C:\Users\HiDigi\OneDrive\Desktop\WebDev\FacialRecognition\app_data\temp_images\preview_20250702132136807916_frame.png
2025-07-02 13:21:36,828 - app.api.v1.file_router - INFO - [upload-preview] Returning detection_time=2025-07-02T13:21:36.803915+07:00 for file=najwa_first_frame.png
2025-07-02 13:21:38,833 - app.services.face_service - INFO - Moved original image from temp to permanent: C:\Users\HiDigi\OneDrive\Desktop\WebDev\FacialRecognition\app_data\permanent_images\original_20250702132135939247_najwa_first_frame.png
2025-07-02 13:21:38,839 - app.services.face_service - ERROR - Error inserting new face: string indices must be integers
2025-07-02 13:21:38,840 - app.services.face_service - ERROR - Error saving confirmed face data for C:\Users\HiDigi\OneDrive\Desktop\WebDev\FacialRecognition\app_data\temp_images\original_20250702132135939247_najwa_first_frame.png: string indices must be integers
2025-07-02 13:21:38,841 - app.services.face_service - INFO - Deleted temporary preview image: C:\Users\HiDigi\OneDrive\Desktop\WebDev\FacialRecognition\app_data\temp_images\preview_20250702132136807916_frame.png
2025-07-02 13:25:29,273 - app.api.v1.file_router - INFO - [upload-preview] Received batch_tag=
2025-07-02 13:25:29,274 - app.api.v1.file_router - INFO - [upload-preview] Processed file result: {'original_filename': 'najwa_first_frame.png', 'status': 'processing', 'message': '', 'preview_image_url': None, 'face_detections': [], 'batch_tag': ''}
2025-07-02 13:25:30,153 - app.functions.image_processor - INFO - Detected 1 face(s).
2025-07-02 13:25:30,154 - app.services.face_service - INFO - [process_image_for_review] detection_time=2025-07-02 13:25:30.154783+07:00 tzinfo=Asia/Bangkok
2025-07-02 13:25:30,157 - app.services.face_service - INFO - Original filename: original_20250702132529274641_najwa_first_frame.png
2025-07-02 13:25:30,175 - app.functions.image_processor - INFO - Image saved successfully to: C:\Users\HiDigi\OneDrive\Desktop\WebDev\FacialRecognition\app_data\temp_images\preview_20250702132530157787_frame.png
2025-07-02 13:25:30,175 - app.services.face_service - INFO - Preview image saved to C:\Users\HiDigi\OneDrive\Desktop\WebDev\FacialRecognition\app_data\temp_images\preview_20250702132530157787_frame.png
2025-07-02 13:25:30,177 - app.api.v1.file_router - INFO - [upload-preview] Returning detection_time=2025-07-02T13:25:30.154783+07:00 for file=najwa_first_frame.png
2025-07-02 13:25:31,864 - app.services.face_service - INFO - Moved original image from temp to permanent: C:\Users\HiDigi\OneDrive\Desktop\WebDev\FacialRecognition\app_data\permanent_images\original_20250702132529274641_najwa_first_frame.png
2025-07-02 13:25:31,871 - app.services.face_service - INFO - Face location: [125, 712, 254, 583]
2025-07-02 13:25:31,871 - app.services.face_service - INFO - Saving face crop for face 16
2025-07-02 13:25:31,885 - app.services.face_service - ERROR - Error inserting new face: too many values to unpack (expected 4)
2025-07-02 13:25:31,886 - app.services.face_service - ERROR - Error saving confirmed face data for C:\Users\HiDigi\OneDrive\Desktop\WebDev\FacialRecognition\app_data\temp_images\original_20250702132529274641_najwa_first_frame.png: too many values to unpack (expected 4)
2025-07-02 13:25:31,887 - app.services.face_service - INFO - Deleted temporary preview image: C:\Users\HiDigi\OneDrive\Desktop\WebDev\FacialRecognition\app_data\temp_images\preview_20250702132530157787_frame.png
2025-07-02 13:30:22,984 - app.api.v1.file_router - INFO - [upload-preview] Received batch_tag=
2025-07-02 13:30:22,985 - app.api.v1.file_router - INFO - [upload-preview] Processed file result: {'original_filename': 'najwa_first_frame.png', 'status': 'processing', 'message': '', 'preview_image_url': None, 'face_detections': [], 'batch_tag': ''}
2025-07-02 13:30:23,840 - app.functions.image_processor - INFO - Detected 1 face(s).
2025-07-02 13:30:23,841 - app.services.face_service - INFO - [process_image_for_review] detection_time=2025-07-02 13:30:23.841528+07:00 tzinfo=Asia/Bangkok
2025-07-02 13:30:23,844 - app.services.face_service - INFO - Original filename: original_20250702133022986950_najwa_first_frame.png
2025-07-02 13:30:23,862 - app.functions.image_processor - INFO - Image saved successfully to: C:\Users\HiDigi\OneDrive\Desktop\WebDev\FacialRecognition\app_data\temp_images\preview_20250702133023845925_frame.png
2025-07-02 13:30:23,863 - app.services.face_service - INFO - Preview image saved to C:\Users\HiDigi\OneDrive\Desktop\WebDev\FacialRecognition\app_data\temp_images\preview_20250702133023845925_frame.png
2025-07-02 13:30:23,864 - app.api.v1.file_router - INFO - [upload-preview] Returning detection_time=2025-07-02T13:30:23.841528+07:00 for file=najwa_first_frame.png
2025-07-02 13:30:25,794 - app.services.face_service - INFO - Moved original image from temp to permanent: C:\Users\HiDigi\OneDrive\Desktop\WebDev\FacialRecognition\app_data\permanent_images\original_20250702133022986950_najwa_first_frame.png
2025-07-02 13:30:25,801 - app.services.face_service - INFO - [insert_new_face] Face inserted with ID: 17
2025-07-02 13:30:25,801 - app.services.face_service - INFO - [insert_new_face] Face location (raw): [125, 712, 254, 583] | type=<class 'str'>
2025-07-02 13:30:25,801 - app.services.face_service - INFO - [insert_new_face] Preparing to save face crop for face_id 17
2025-07-02 13:30:25,814 - app.services.face_service - ERROR - [insert_new_face] Failed during cropping/saving: face_location is not list/tuple: <class 'str'>
2025-07-02 13:30:25,815 - app.services.face_service - ERROR - [insert_new_face] Error inserting new face: face_location is not list/tuple: <class 'str'>
2025-07-02 13:30:25,816 - app.services.face_service - ERROR - Error saving confirmed face data for C:\Users\HiDigi\OneDrive\Desktop\WebDev\FacialRecognition\app_data\temp_images\original_20250702133022986950_najwa_first_frame.png: face_location is not list/tuple: <class 'str'>
2025-07-02 13:30:25,816 - app.services.face_service - INFO - Deleted temporary preview image: C:\Users\HiDigi\OneDrive\Desktop\WebDev\FacialRecognition\app_data\temp_images\preview_20250702133023845925_frame.png
2025-07-02 13:32:20,594 - app.api.v1.file_router - INFO - [upload-preview] Received batch_tag=
2025-07-02 13:32:20,595 - app.api.v1.file_router - INFO - [upload-preview] Processed file result: {'original_filename': 'najwa_first_frame.png', 'status': 'processing', 'message': '', 'preview_image_url': None, 'face_detections': [], 'batch_tag': ''}
2025-07-02 13:32:21,549 - app.functions.image_processor - INFO - Detected 1 face(s).
2025-07-02 13:32:21,549 - app.services.face_service - INFO - [process_image_for_review] detection_time=2025-07-02 13:32:21.549913+07:00 tzinfo=Asia/Bangkok
2025-07-02 13:32:21,553 - app.services.face_service - INFO - Original filename: original_20250702133220596508_najwa_first_frame.png
2025-07-02 13:32:21,576 - app.functions.image_processor - INFO - Image saved successfully to: C:\Users\HiDigi\OneDrive\Desktop\WebDev\FacialRecognition\app_data\temp_images\preview_20250702133221553453_frame.png
2025-07-02 13:32:21,576 - app.services.face_service - INFO - Preview image saved to C:\Users\HiDigi\OneDrive\Desktop\WebDev\FacialRecognition\app_data\temp_images\preview_20250702133221553453_frame.png
2025-07-02 13:32:21,577 - app.api.v1.file_router - INFO - [upload-preview] Returning detection_time=2025-07-02T13:32:21.549913+07:00 for file=najwa_first_frame.png
2025-07-02 13:32:23,699 - app.services.face_service - INFO - Moved original image from temp to permanent: C:\Users\HiDigi\OneDrive\Desktop\WebDev\FacialRecognition\app_data\permanent_images\original_20250702133220596508_najwa_first_frame.png
2025-07-02 13:32:23,708 - app.services.face_service - INFO - [insert_new_face] Face inserted with ID: 18
2025-07-02 13:32:23,708 - app.services.face_service - INFO - [insert_new_face] Face location (raw): [125, 712, 254, 583] | type=<class 'list'>
2025-07-02 13:32:23,709 - app.services.face_service - INFO - [insert_new_face] Preparing to save face crop for face_id 18
2025-07-02 13:32:23,729 - app.services.face_service - INFO - [insert_new_face] Saved face crop at: C:\Users\HiDigi\OneDrive\Desktop\WebDev\FacialRecognition\app_data\face_crops\face_18.jpg
2025-07-02 13:32:23,730 - app.services.face_service - INFO - New face detected: <app.db.models.attendance.Face object at 0x0000025B0D97D1B0>
2025-07-02 13:32:23,737 - app.services.face_service - INFO - Deleted temporary preview image: C:\Users\HiDigi\OneDrive\Desktop\WebDev\FacialRecognition\app_data\temp_images\preview_20250702133221553453_frame.png
2025-07-02 13:42:19,389 - app.functions.image_processor - INFO - Detected 1 face(s).
2025-07-02 13:42:34,755 - app.services.face_service - INFO - Face ID 19 disassociated.
2025-07-02 13:43:31,682 - app.services.face_service - INFO - Face ID 18 associated with Person ID 4.
2025-07-02 13:43:44,568 - app.api.v1.file_router - INFO - [upload-preview] Received batch_tag=
2025-07-02 13:43:44,570 - app.api.v1.file_router - INFO - [upload-preview] Processed file result: {'original_filename': 'najwa_first_frame.png', 'status': 'processing', 'message': '', 'preview_image_url': None, 'face_detections': [], 'batch_tag': ''}
2025-07-02 13:43:45,483 - app.functions.image_processor - INFO - Detected 1 face(s).
2025-07-02 13:43:45,483 - app.services.face_service - INFO - [process_image_for_review] detection_time=2025-07-02 13:43:45.483752+07:00 tzinfo=Asia/Bangkok
2025-07-02 13:43:45,490 - app.services.face_service - INFO - Original filename: original_20250702134344570022_najwa_first_frame.png
2025-07-02 13:43:45,503 - app.functions.image_processor - INFO - Image saved successfully to: C:\Users\HiDigi\OneDrive\Desktop\WebDev\FacialRecognition\app_data\temp_images\preview_20250702134345491407_frame.png
2025-07-02 13:43:45,503 - app.services.face_service - INFO - Preview image saved to C:\Users\HiDigi\OneDrive\Desktop\WebDev\FacialRecognition\app_data\temp_images\preview_20250702134345491407_frame.png
2025-07-02 13:43:45,504 - app.api.v1.file_router - INFO - [upload-preview] Returning detection_time=2025-07-02T13:43:45.483752+07:00 for file=najwa_first_frame.png
2025-07-02 14:00:00,122 - app.services.people_service - WARNING - Image file not found for deletion: C:\Users\HiDigi\OneDrive\Desktop\WebDev\FacialRecognition\app_data\permanent_images\public\people\images\people\4\49d4c8ef380340e9b10bf08fc4ebd037.png
2025-07-02 14:54:00,282 - app.api.v1.file_router - INFO - [upload-preview] Received batch_tag=
2025-07-02 14:54:00,283 - app.api.v1.file_router - INFO - [upload-preview] Processed file result: {'original_filename': 'foto wedding.jpeg', 'status': 'processing', 'message': '', 'preview_image_url': None, 'face_detections': [], 'batch_tag': ''}
2025-07-02 14:54:02,094 - app.functions.image_processor - INFO - Detected 2 face(s).
2025-07-02 14:54:02,095 - app.services.face_service - INFO - [process_image_for_review] detection_time=2025-07-02 14:54:02.095760+07:00 tzinfo=Asia/Bangkok
2025-07-02 14:54:02,104 - app.services.face_service - INFO - Original filename: original_20250702145400283038_foto wedding.jpeg
2025-07-02 14:54:02,156 - app.functions.image_processor - INFO - Image saved successfully to: C:\Users\HiDigi\OneDrive\Desktop\WebDev\FacialRecognition\app_data\temp_images\preview_20250702145402105654_foto wedding.jpeg
2025-07-02 14:54:02,156 - app.services.face_service - INFO - Preview image saved to C:\Users\HiDigi\OneDrive\Desktop\WebDev\FacialRecognition\app_data\temp_images\preview_20250702145402105654_foto wedding.jpeg
2025-07-02 14:54:02,157 - app.api.v1.file_router - INFO - [upload-preview] Returning detection_time=2025-07-02T14:54:02.095760+07:00 for file=foto wedding.jpeg
2025-07-02 14:54:11,035 - app.services.face_service - INFO - Moved original image from temp to permanent: C:\Users\HiDigi\OneDrive\Desktop\WebDev\FacialRecognition\app_data\permanent_images\original_20250702145400283038_foto wedding.jpeg
2025-07-02 14:54:11,044 - app.services.face_service - INFO - [insert_new_face] Face inserted with ID: 20
2025-07-02 14:54:11,045 - app.services.face_service - INFO - [insert_new_face] Face location (raw): [582, 665, 689, 557] | type=<class 'list'>
2025-07-02 14:54:11,046 - app.services.face_service - INFO - [insert_new_face] Preparing to save face crop for face_id 20
2025-07-02 14:54:11,062 - app.services.face_service - INFO - [insert_new_face] Saved face crop at: C:\Users\HiDigi\OneDrive\Desktop\WebDev\FacialRecognition\app_data\face_crops\face_20.jpg
2025-07-02 14:54:11,062 - app.services.face_service - INFO - New face detected: <app.db.models.attendance.Face object at 0x000001D87FE4E2C0>
2025-07-02 14:54:11,078 - app.services.face_service - INFO - Deleted temporary preview image: C:\Users\HiDigi\OneDrive\Desktop\WebDev\FacialRecognition\app_data\temp_images\preview_20250702145402105654_foto wedding.jpeg
2025-07-02 14:55:04,431 - app.functions.image_processor - INFO - Detected 1 face(s).
2025-07-02 14:55:27,827 - app.services.face_service - INFO - Face ID 20 associated with Person ID 5.
2025-07-02 14:57:05,065 - app.api.v1.file_router - INFO - [upload-preview] Received batch_tag=
2025-07-02 14:57:05,065 - app.api.v1.file_router - INFO - [upload-preview] Processed file result: {'original_filename': 'KTP evan.PNG', 'status': 'processing', 'message': '', 'preview_image_url': None, 'face_detections': [], 'batch_tag': ''}
2025-07-02 14:57:05,759 - app.functions.image_processor - INFO - Detected 1 face(s).
2025-07-02 14:57:05,759 - app.services.face_service - INFO - [process_image_for_review] detection_time=2025-07-02 14:57:05.759073+07:00 tzinfo=Asia/Bangkok
2025-07-02 14:57:05,764 - app.services.face_service - INFO - Original filename: original_20250702145705066000_KTP evan.PNG
2025-07-02 14:57:05,796 - app.functions.image_processor - INFO - Image saved successfully to: C:\Users\HiDigi\OneDrive\Desktop\WebDev\FacialRecognition\app_data\temp_images\preview_20250702145705764061_KTP evan.PNG
2025-07-02 14:57:05,796 - app.services.face_service - INFO - Preview image saved to C:\Users\HiDigi\OneDrive\Desktop\WebDev\FacialRecognition\app_data\temp_images\preview_20250702145705764061_KTP evan.PNG
2025-07-02 14:57:05,797 - app.api.v1.file_router - INFO - [upload-preview] Returning detection_time=2025-07-02T14:57:05.759073+07:00 for file=KTP evan.PNG
2025-07-02 14:57:19,286 - app.services.face_service - INFO - Moved original image from temp to permanent: C:\Users\HiDigi\OneDrive\Desktop\WebDev\FacialRecognition\app_data\permanent_images\original_20250702145705066000_KTP evan.PNG
2025-07-02 14:57:19,295 - app.services.face_service - INFO - Deleted temporary preview image: C:\Users\HiDigi\OneDrive\Desktop\WebDev\FacialRecognition\app_data\temp_images\preview_20250702145705764061_KTP evan.PNG
2025-07-02 14:59:00,051 - app.services.people_service - WARNING - Image file not found for deletion: C:\Users\HiDigi\OneDrive\Desktop\WebDev\FacialRecognition\app_data\permanent_images\public\people\images\people\5\03230b72a2104891b8e369350cfab605.png
2025-07-02 15:10:12,290 - app.api.v1.file_router - INFO - [upload-preview] Received batch_tag=
2025-07-02 15:10:12,291 - app.api.v1.file_router - INFO - [upload-preview] Processed file result: {'original_filename': 'foto wedding.jpeg', 'status': 'processing', 'message': '', 'preview_image_url': None, 'face_detections': [], 'batch_tag': ''}
2025-07-02 15:10:14,030 - app.functions.image_processor - INFO - Detected 2 face(s).
2025-07-02 15:10:14,031 - app.services.face_service - INFO - [process_image_for_review] detection_time=2025-07-02 15:10:14.031139+07:00 tzinfo=Asia/Bangkok
2025-07-02 15:10:14,037 - app.services.face_service - INFO - Original filename: original_20250702151012292543_foto wedding.jpeg
2025-07-02 15:10:14,069 - app.functions.image_processor - INFO - Image saved successfully to: C:\Users\HiDigi\OneDrive\Desktop\WebDev\FacialRecognition\app_data\temp_images\preview_20250702151014037145_foto wedding.jpeg
2025-07-02 15:10:14,069 - app.services.face_service - INFO - Preview image saved to C:\Users\HiDigi\OneDrive\Desktop\WebDev\FacialRecognition\app_data\temp_images\preview_20250702151014037145_foto wedding.jpeg
2025-07-02 15:10:14,071 - app.api.v1.file_router - INFO - [upload-preview] Returning detection_time=2025-07-02T15:10:14.031139+07:00 for file=foto wedding.jpeg
2025-07-02 15:10:16,789 - app.services.face_service - INFO - Moved original image from temp to permanent: C:\Users\HiDigi\OneDrive\Desktop\WebDev\FacialRecognition\app_data\permanent_images\original_20250702151012292543_foto wedding.jpeg
2025-07-02 15:10:16,794 - app.services.face_service - INFO - [insert_new_face] Face inserted with ID: 22
2025-07-02 15:10:16,795 - app.services.face_service - INFO - [insert_new_face] Face location (raw): [582, 665, 689, 557] | type=<class 'list'>
2025-07-02 15:10:16,795 - app.services.face_service - INFO - [insert_new_face] Preparing to save face crop for face_id 22
2025-07-02 15:10:16,813 - app.services.face_service - INFO - [insert_new_face] Saved face crop at: C:\Users\HiDigi\OneDrive\Desktop\WebDev\FacialRecognition\app_data\face_crops\face_22.jpg
2025-07-02 15:10:16,813 - app.services.face_service - INFO - New face detected: <app.db.models.attendance.Face object at 0x0000024440B83A30>
2025-07-02 15:10:16,828 - app.services.face_service - INFO - Deleted temporary preview image: C:\Users\HiDigi\OneDrive\Desktop\WebDev\FacialRecognition\app_data\temp_images\preview_20250702151014037145_foto wedding.jpeg
2025-07-02 15:10:53,837 - app.functions.image_processor - INFO - Detected 1 face(s).
2025-07-02 15:10:53,838 - app.services.face_service - INFO - Person ID: 6
2025-07-02 15:10:53,841 - app.services.face_service - INFO - Existing face: None
2025-07-02 15:43:28,550 - app.services.face_service - INFO - Transferring encoding from face 23 to 22
2025-07-02 15:43:28,551 - app.services.face_service - INFO - Deleted old face 23
2025-07-02 15:43:28,561 - app.services.face_service - INFO - Face 22 now associated with person 6
2025-07-02 15:48:55,448 - app.services.people_service - ERROR - Error listing people with face counts: (sqlalchemy.dialects.postgresql.asyncpg.ProgrammingError) <class 'asyncpg.exceptions.UndefinedTableError'>: relation "people" does not exist
[SQL: SELECT people.person_id, people.name, people.date_of_birth, people.address, people.contact_number, people.image_path, people.registered_at, people.updated_at, count(faces_1.face_id) AS face_count 
FROM people LEFT OUTER JOIN faces AS faces_1 ON people.person_id = faces_1.person_id GROUP BY people.person_id]
(Background on this error at: https://sqlalche.me/e/20/f405)
2025-07-02 16:00:39,241 - app.main - INFO - Initializing database...
2025-07-02 16:00:39,434 - app.main - INFO - Database initialized.
2025-07-02 16:02:17,310 - app.functions.image_processor - INFO - Detected 1 face(s).
2025-07-02 16:02:17,311 - app.services.face_service - INFO - Person ID: 1
2025-07-02 16:02:17,315 - app.services.face_service - INFO - Existing face: None
2025-07-02 16:03:21,766 - app.main - INFO - Shutting down...
2025-07-02 16:03:26,107 - app.main - INFO - Initializing database...
2025-07-02 16:03:26,186 - app.main - INFO - Database initialized.
2025-07-02 16:03:48,191 - app.functions.image_processor - INFO - Detected 1 face(s).
2025-07-02 16:03:48,191 - app.services.face_service - INFO - Person ID: 2
2025-07-02 16:03:48,196 - app.services.face_service - INFO - Existing face: None
2025-07-02 16:03:53,169 - app.services.people_service - WARNING - Image file not found for deletion: C:\Users\HiDigi\OneDrive\Desktop\WebDev\FacialRecognition\app_data\permanent_images\public\people\images\people\1\a672aa7380f2412e91505319ff291561.jpeg
2025-07-02 16:03:54,391 - app.services.people_service - WARNING - Image file not found for deletion: C:\Users\HiDigi\OneDrive\Desktop\WebDev\FacialRecognition\app_data\permanent_images\public\people\images\people\2\9f30f49f15184c5fa22947de134426a7.jpeg
2025-07-02 16:04:14,167 - app.functions.image_processor - INFO - Detected 1 face(s).
2025-07-02 16:04:14,168 - app.services.face_service - INFO - Person ID: 3
2025-07-02 16:04:14,170 - app.services.face_service - INFO - Existing face: None
2025-07-02 16:10:06,249 - app.main - INFO - Shutting down...
2025-07-02 16:20:03,725 - app.main - INFO - Initializing database...
2025-07-02 16:20:03,812 - app.main - INFO - Database initialized.
2025-07-02 16:20:40,011 - app.services.base_service - WARNING - Integrity error while creating Person
2025-07-02 16:21:15,872 - app.services.base_service - WARNING - Integrity error while creating Person
2025-07-02 16:23:18,502 - app.services.base_service - WARNING - Integrity error while creating Person
2025-07-02 16:26:44,347 - app.main - INFO - Shutting down...
2025-07-02 16:26:48,044 - app.main - INFO - Initializing database...
2025-07-02 16:26:48,119 - app.main - INFO - Database initialized.
2025-07-02 16:26:53,297 - app.services.people_service - ERROR - Unexpected error while creating Person: 409: Person with same name, date of birth, and contact number already exists.
2025-07-02 16:27:22,742 - app.services.people_service - ERROR - Unexpected error while creating Person: 409: Person with same name, date of birth, and contact number already exists.
2025-07-02 16:29:02,075 - app.main - INFO - Shutting down...
2025-07-02 16:29:05,436 - app.main - INFO - Initializing database...
2025-07-02 16:29:05,525 - app.main - INFO - Database initialized.
2025-07-02 16:32:09,065 - app.main - INFO - Shutting down...
2025-07-02 16:32:12,505 - app.main - INFO - Initializing database...
2025-07-02 16:32:12,593 - app.main - INFO - Database initialized.
2025-07-02 16:32:22,999 - app.api.v1.file_router - INFO - [upload-preview] Received batch_tag=
2025-07-02 16:32:22,999 - app.api.v1.file_router - INFO - [upload-preview] Processed file result: {'original_filename': 'foto wedding.jpeg', 'status': 'processing', 'message': '', 'preview_image_url': None, 'face_detections': [], 'batch_tag': ''}
2025-07-02 16:32:24,755 - app.functions.image_processor - INFO - Detected 2 face(s).
2025-07-02 16:32:24,756 - app.services.face_service - INFO - [process_image_for_review] detection_time=2025-07-02 16:32:24.756938+07:00 tzinfo=Asia/Bangkok
2025-07-02 16:32:24,767 - app.services.face_service - INFO - Original filename: original_20250702163223000327_foto wedding.jpeg
2025-07-02 16:32:24,821 - app.functions.image_processor - INFO - Image saved successfully to: C:\Users\HiDigi\OneDrive\Desktop\WebDev\FacialRecognition\app_data\temp_images\preview_20250702163224768888_foto wedding.jpeg
2025-07-02 16:32:24,822 - app.services.face_service - INFO - Preview image saved to C:\Users\HiDigi\OneDrive\Desktop\WebDev\FacialRecognition\app_data\temp_images\preview_20250702163224768888_foto wedding.jpeg
2025-07-02 16:32:24,823 - app.api.v1.file_router - INFO - [upload-preview] Returning detection_time=2025-07-02T16:32:24.756938+07:00 for file=foto wedding.jpeg
2025-07-02 16:32:41,746 - app.services.face_service - INFO - Moved original image from temp to permanent: C:\Users\HiDigi\OneDrive\Desktop\WebDev\FacialRecognition\app_data\permanent_images\original_20250702163223000327_foto wedding.jpeg
2025-07-02 16:32:41,758 - app.services.face_service - INFO - [insert_new_face] Face inserted with ID: 3
2025-07-02 16:32:41,758 - app.services.face_service - INFO - [insert_new_face] Face location (raw): [582, 665, 689, 557] | type=<class 'list'>
2025-07-02 16:32:41,759 - app.services.face_service - INFO - [insert_new_face] Preparing to save face crop for face_id 3
2025-07-02 16:32:41,775 - app.services.face_service - INFO - [insert_new_face] Saved face crop at: C:\Users\HiDigi\OneDrive\Desktop\WebDev\FacialRecognition\app_data\face_crops\face_3.jpg
2025-07-02 16:32:41,776 - app.services.face_service - INFO - New face detected: <app.db.models.attendance.Face object at 0x000001B0B4996410>
2025-07-02 16:32:41,790 - app.services.face_service - INFO - Deleted temporary preview image: C:\Users\HiDigi\OneDrive\Desktop\WebDev\FacialRecognition\app_data\temp_images\preview_20250702163224768888_foto wedding.jpeg
2025-07-02 16:32:55,073 - app.services.face_service - INFO - Face 3 now associated with person 6
2025-07-02 16:33:48,692 - app.functions.image_processor - INFO - Detected 1 face(s).
2025-07-02 16:33:48,693 - app.services.face_service - INFO - Person ID: 6
2025-07-02 16:33:48,696 - app.services.face_service - INFO - Existing face: <app.db.models.attendance.Face object at 0x000001B0B4995090>
2025-07-02 16:33:48,697 - app.services.face_service - INFO - Overwriting existing face for person_id 6
2025-07-02 16:35:10,173 - app.services.people_service - WARNING - Image file not found for deletion: C:\Users\HiDigi\OneDrive\Desktop\WebDev\FacialRecognition\app_data\permanent_images\public\people\images\people\6\7b3a04c41c1d4873a7a9c2edccbf4bf7.png
2025-07-02 16:35:10,182 - app.services.base_service - ERROR - Failed to delete Person with ID 6: (sqlalchemy.dialects.postgresql.asyncpg.IntegrityError) <class 'asyncpg.exceptions.NotNullViolationError'>: null value in column "face_id" of relation "image_records" violates not-null constraint
DETAIL:  Failing row contains (1, C:\Users\HiDigi\OneDrive\Desktop\WebDev\FacialRecognition\app_da..., null, 2025-07-02 16:32:24.756938+07, [582, 665, 689, 557], 1066, 1600, ).
[SQL: UPDATE image_records SET face_id=$1::INTEGER WHERE image_records.record_id = $2::INTEGER]
[parameters: (None, 1)]
(Background on this error at: https://sqlalche.me/e/20/gkpj)
2025-07-02 16:38:57,242 - app.main - INFO - Shutting down...
2025-07-02 16:40:03,935 - app.main - INFO - Initializing database...
2025-07-02 16:40:04,022 - app.main - INFO - Database initialized.
2025-07-02 16:40:10,646 - app.services.people_service - WARNING - Image file not found for deletion: C:\Users\HiDigi\OneDrive\Desktop\WebDev\FacialRecognition\app_data\permanent_images\public\people\images\people\6\7b3a04c41c1d4873a7a9c2edccbf4bf7.png
2025-07-02 16:40:10,668 - app.services.base_service - ERROR - Failed to delete Person with ID 6: (sqlalchemy.dialects.postgresql.asyncpg.IntegrityError) <class 'asyncpg.exceptions.NotNullViolationError'>: null value in column "face_id" of relation "image_records" violates not-null constraint
DETAIL:  Failing row contains (1, C:\Users\HiDigi\OneDrive\Desktop\WebDev\FacialRecognition\app_da..., null, 2025-07-02 16:32:24.756938+07, [582, 665, 689, 557], 1066, 1600, ).
[SQL: UPDATE image_records SET face_id=$1::INTEGER WHERE image_records.record_id = $2::INTEGER]
[parameters: (None, 1)]
(Background on this error at: https://sqlalche.me/e/20/gkpj)
2025-07-02 16:41:30,381 - app.main - INFO - Shutting down...
2025-07-02 16:43:32,786 - app.main - INFO - Initializing database...
2025-07-02 16:43:32,864 - app.main - INFO - Database initialized.
2025-07-02 16:43:38,140 - app.services.people_service - WARNING - Image file not found for deletion: C:\Users\HiDigi\OneDrive\Desktop\WebDev\FacialRecognition\app_data\permanent_images\public\people\images\people\6\7b3a04c41c1d4873a7a9c2edccbf4bf7.png
2025-07-02 16:43:38,151 - app.services.base_service - ERROR - Failed to delete Person with ID 6: (sqlalchemy.dialects.postgresql.asyncpg.IntegrityError) <class 'asyncpg.exceptions.NotNullViolationError'>: null value in column "face_id" of relation "image_records" violates not-null constraint
DETAIL:  Failing row contains (1, C:\Users\HiDigi\OneDrive\Desktop\WebDev\FacialRecognition\app_da..., null, 2025-07-02 16:32:24.756938+07, [582, 665, 689, 557], 1066, 1600, ).
[SQL: UPDATE image_records SET face_id=$1::INTEGER WHERE image_records.record_id = $2::INTEGER]
[parameters: (None, 1)]
(Background on this error at: https://sqlalche.me/e/20/gkpj)
2025-07-02 20:08:35,602 - app.main - INFO - Initializing database...
2025-07-02 20:08:35,733 - app.main - INFO - Database initialized.
2025-07-02 20:43:16,193 - app.main - INFO - Shutting down...
2025-07-02 20:43:24,858 - app.main - INFO - Initializing database...
2025-07-02 20:43:24,944 - app.main - INFO - Database initialized.
2025-07-02 20:43:34,793 - app.services.people_service - INFO - Deleted image file: C:\Users\HiDigi\OneDrive\Desktop\WebDev\FacialRecognition\app_data\public_people_images\people\6\7b3a04c41c1d4873a7a9c2edccbf4bf7.png
2025-07-02 20:43:34,810 - app.services.base_service - ERROR - Failed to delete Person with ID 6: (sqlalchemy.dialects.postgresql.asyncpg.IntegrityError) <class 'asyncpg.exceptions.NotNullViolationError'>: null value in column "face_id" of relation "image_records" violates not-null constraint
DETAIL:  Failing row contains (1, C:\Users\HiDigi\OneDrive\Desktop\WebDev\FacialRecognition\app_da..., null, 2025-07-02 16:32:24.756938+07, [582, 665, 689, 557], 1066, 1600, ).
[SQL: UPDATE image_records SET face_id=$1::INTEGER WHERE image_records.record_id = $2::INTEGER]
[parameters: (None, 1)]
(Background on this error at: https://sqlalche.me/e/20/gkpj)
2025-07-02 20:48:23,832 - app.main - INFO - Shutting down...
2025-07-02 20:49:30,612 - app.main - INFO - Initializing database...
2025-07-02 20:49:30,687 - app.main - INFO - Database initialized.
2025-07-02 20:49:42,726 - app.services.people_service - WARNING - Image file not found for deletion: C:\Users\HiDigi\OneDrive\Desktop\WebDev\FacialRecognition\app_data\public_people_images\people\6\7b3a04c41c1d4873a7a9c2edccbf4bf7.png
2025-07-02 21:06:44,200 - app.api.v1.file_router - INFO - [upload-preview] Received batch_tag=
2025-07-02 21:06:44,201 - app.api.v1.file_router - INFO - [upload-preview] Processed file result: {'original_filename': 'foto wedding.jpeg', 'status': 'processing', 'message': '', 'preview_image_url': None, 'face_detections': [], 'batch_tag': ''}
2025-07-02 21:06:46,063 - app.functions.image_processor - INFO - Detected 2 face(s).
2025-07-02 21:06:46,064 - app.services.face_service - INFO - [process_image_for_review] detection_time=2025-07-02 21:06:46.064378+07:00 tzinfo=Asia/Bangkok
2025-07-02 21:06:46,070 - app.services.face_service - INFO - Original filename: original_20250702210644201247_foto wedding.jpeg
2025-07-02 21:06:46,127 - app.functions.image_processor - INFO - Image saved successfully to: C:\Users\HiDigi\OneDrive\Desktop\WebDev\FacialRecognition\app_data\temp_images\preview_20250702210646070320_foto wedding.jpeg
2025-07-02 21:06:46,127 - app.services.face_service - INFO - Preview image saved to C:\Users\HiDigi\OneDrive\Desktop\WebDev\FacialRecognition\app_data\temp_images\preview_20250702210646070320_foto wedding.jpeg
2025-07-02 21:06:46,128 - app.api.v1.file_router - INFO - [upload-preview] Returning detection_time=2025-07-02T21:06:46.064378+07:00 for file=foto wedding.jpeg
2025-07-02 21:06:49,000 - app.services.face_service - INFO - Moved original image from temp to permanent: C:\Users\HiDigi\OneDrive\Desktop\WebDev\FacialRecognition\app_data\permanent_images\original_20250702210644201247_foto wedding.jpeg
2025-07-02 21:06:49,014 - app.services.face_service - INFO - [insert_new_face] Face inserted with ID: 4
2025-07-02 21:06:49,015 - app.services.face_service - INFO - [insert_new_face] Face location (raw): [582, 665, 689, 557] | type=<class 'list'>
2025-07-02 21:06:49,015 - app.services.face_service - INFO - [insert_new_face] Preparing to save face crop for face_id 4
2025-07-02 21:06:49,031 - app.services.face_service - INFO - [insert_new_face] Saved face crop at: C:\Users\HiDigi\OneDrive\Desktop\WebDev\FacialRecognition\app_data\face_crops\face_4.jpg
2025-07-02 21:06:49,032 - app.services.face_service - INFO - New face detected: <app.db.models.attendance.Face object at 0x0000019667E830D0>
2025-07-02 21:06:49,044 - app.services.face_service - INFO - Deleted temporary preview image: C:\Users\HiDigi\OneDrive\Desktop\WebDev\FacialRecognition\app_data\temp_images\preview_20250702210646070320_foto wedding.jpeg
2025-07-02 21:17:29,836 - app.main - INFO - Shutting down...
2025-07-02 21:18:30,759 - app.main - INFO - Initializing database...
2025-07-02 21:18:30,839 - app.main - INFO - Database initialized.
2025-07-02 21:18:45,811 - app.services.base_service - ERROR - Error fetching Face by ID 6: 404: Face with ID 6 not found
2025-07-02 21:19:50,454 - app.api.v1.file_router - INFO - [upload-preview] Received batch_tag=
2025-07-02 21:19:50,455 - app.api.v1.file_router - INFO - [upload-preview] Processed file result: {'original_filename': 'foto wedding.jpeg', 'status': 'processing', 'message': '', 'preview_image_url': None, 'face_detections': [], 'batch_tag': ''}
2025-07-02 21:19:51,975 - app.functions.image_processor - INFO - Detected 2 face(s).
2025-07-02 21:19:51,977 - app.services.face_service - INFO - [process_image_for_review] detection_time=2025-07-02 21:19:51.977320+07:00 tzinfo=Asia/Bangkok
2025-07-02 21:19:51,984 - app.services.face_service - INFO - Original filename: original_20250702211950455955_foto wedding.jpeg
2025-07-02 21:19:52,015 - app.functions.image_processor - INFO - Image saved successfully to: C:\Users\HiDigi\OneDrive\Desktop\WebDev\FacialRecognition\app_data\temp_images\preview_20250702211951984628_foto wedding.jpeg
2025-07-02 21:19:52,016 - app.services.face_service - INFO - Preview image saved to C:\Users\HiDigi\OneDrive\Desktop\WebDev\FacialRecognition\app_data\temp_images\preview_20250702211951984628_foto wedding.jpeg
2025-07-02 21:19:52,017 - app.api.v1.file_router - INFO - [upload-preview] Returning detection_time=2025-07-02T21:19:51.977320+07:00 for file=foto wedding.jpeg
2025-07-02 21:19:55,054 - app.services.face_service - INFO - Moved original image from temp to permanent: C:\Users\HiDigi\OneDrive\Desktop\WebDev\FacialRecognition\app_data\permanent_images\original_20250702211950455955_foto wedding.jpeg
2025-07-02 21:19:55,061 - app.services.face_service - INFO - [insert_new_face] Face inserted with ID: 5
2025-07-02 21:19:55,061 - app.services.face_service - INFO - [insert_new_face] Face location (raw): [582, 665, 689, 557] | type=<class 'list'>
2025-07-02 21:19:55,062 - app.services.face_service - INFO - [insert_new_face] Preparing to save face crop for face_id 5
2025-07-02 21:19:55,077 - app.services.face_service - INFO - [insert_new_face] Saved face crop at: C:\Users\HiDigi\OneDrive\Desktop\WebDev\FacialRecognition\app_data\face_crops\face_5.jpg
2025-07-02 21:19:55,078 - app.services.face_service - INFO - New face detected: <app.db.models.attendance.Face object at 0x0000025CCBFD45B0>
2025-07-02 21:19:55,089 - app.services.face_service - INFO - Deleted temporary preview image: C:\Users\HiDigi\OneDrive\Desktop\WebDev\FacialRecognition\app_data\temp_images\preview_20250702211951984628_foto wedding.jpeg
2025-07-03 09:20:02,710 - app.main - INFO - Initializing database...
2025-07-03 09:20:03,315 - app.main - INFO - Database initialized.
2025-07-03 09:34:19,878 - app.main - INFO - Shutting down...
2025-07-03 09:34:24,582 - app.main - INFO - Initializing database...
2025-07-03 09:34:24,685 - app.main - INFO - Database initialized.
2025-07-03 09:36:58,441 - app.functions.image_processor - INFO - Detected 1 face(s).
2025-07-03 09:36:58,442 - app.services.face_service - INFO - Person ID: 10
2025-07-03 09:36:58,445 - app.services.face_service - INFO - Existing face: None
2025-07-03 09:37:06,113 - app.services.face_service - INFO - Transferring encoding from face 6 to 5
2025-07-03 09:37:06,114 - app.services.face_service - INFO - Deleted old face 6
2025-07-03 09:37:06,121 - app.services.face_service - INFO - Face 5 now associated with person 10
2025-07-03 10:10:29,419 - app.main - INFO - Shutting down...
2025-07-03 10:10:37,915 - app.main - INFO - Initializing database...
2025-07-03 10:10:38,009 - app.main - INFO - Database initialized.
2025-07-03 10:10:50,655 - app.services.people_service - INFO - Deleted image file: C:\Users\HiDigi\OneDrive\Desktop\WebDev\FacialRecognition\app_data\public_people_images\people\10\1e95c938755c44598e2643f064751635.png
2025-07-03 10:11:12,812 - app.api.v1.file_router - INFO - [upload-preview] Received batch_tag=
2025-07-03 10:11:12,813 - app.api.v1.file_router - INFO - [upload-preview] Processed file result: {'original_filename': 'foto wedding.jpeg', 'status': 'processing', 'message': '', 'preview_image_url': None, 'face_detections': [], 'batch_tag': ''}
2025-07-03 10:11:14,477 - app.functions.image_processor - INFO - Detected 2 face(s).
2025-07-03 10:11:14,477 - app.services.face_service - INFO - [process_image_for_review] detection_time=2025-07-03 10:11:14.477487+07:00 tzinfo=Asia/Bangkok
2025-07-03 10:11:14,484 - app.services.face_service - INFO - Original filename: original_20250703101112814946_foto wedding.jpeg
2025-07-03 10:11:14,534 - app.functions.image_processor - INFO - Image saved successfully to: C:\Users\HiDigi\OneDrive\Desktop\WebDev\FacialRecognition\app_data\temp_images\preview_20250703101114484501_foto wedding.jpeg
2025-07-03 10:11:14,536 - app.services.face_service - INFO - Preview image saved to C:\Users\HiDigi\OneDrive\Desktop\WebDev\FacialRecognition\app_data\temp_images\preview_20250703101114484501_foto wedding.jpeg
2025-07-03 10:11:14,537 - app.api.v1.file_router - INFO - [upload-preview] Returning detection_time=2025-07-03T10:11:14.477487+07:00 for file=foto wedding.jpeg
2025-07-03 10:11:32,188 - app.services.face_service - INFO - Moved original image from temp to permanent: C:\Users\HiDigi\OneDrive\Desktop\WebDev\FacialRecognition\app_data\permanent_images\original_20250703101112814946_foto wedding.jpeg
2025-07-03 10:11:32,199 - app.services.face_service - INFO - [insert_new_face] Face inserted with ID: 7
2025-07-03 10:11:32,200 - app.services.face_service - INFO - [insert_new_face] Face location (raw): [582, 665, 689, 557] | type=<class 'list'>
2025-07-03 10:11:32,200 - app.services.face_service - INFO - [insert_new_face] Preparing to save face crop for face_id 7
2025-07-03 10:11:32,216 - app.services.face_service - INFO - [insert_new_face] Saved face crop at: C:\Users\HiDigi\OneDrive\Desktop\WebDev\FacialRecognition\app_data\face_crops\face_7.jpg
2025-07-03 10:11:32,217 - app.services.face_service - INFO - New face detected: <app.db.models.attendance.Face object at 0x000002DCF4F550F0>
2025-07-03 10:11:32,228 - app.services.face_service - INFO - Deleted temporary preview image: C:\Users\HiDigi\OneDrive\Desktop\WebDev\FacialRecognition\app_data\temp_images\preview_20250703101114484501_foto wedding.jpeg
2025-07-03 10:12:04,108 - app.functions.image_processor - INFO - Detected 1 face(s).
2025-07-03 10:12:04,108 - app.services.face_service - INFO - Person ID: 11
2025-07-03 10:12:04,110 - app.services.face_service - INFO - Existing face: None
2025-07-03 10:12:13,951 - app.services.face_service - INFO - Transferring encoding from face 8 to 7
2025-07-03 10:12:13,951 - app.services.face_service - WARNING - No crop image to copy from face 8
2025-07-03 10:12:13,952 - app.services.face_service - INFO - Deleted old face 8
2025-07-03 10:12:13,957 - app.services.face_service - INFO - Face 7 now associated with person 11
2025-07-03 10:14:13,183 - app.main - INFO - Shutting down...
2025-07-03 10:14:16,835 - app.main - INFO - Initializing database...
2025-07-03 10:14:16,919 - app.main - INFO - Database initialized.
2025-07-03 10:14:21,383 - app.services.people_service - INFO - Deleted image file: C:\Users\HiDigi\OneDrive\Desktop\WebDev\FacialRecognition\app_data\public_people_images\people\11\e2cd744024c84ef8a28b9e2ebc0cde31.png
2025-07-03 10:14:34,637 - app.api.v1.file_router - INFO - [upload-preview] Received batch_tag=
2025-07-03 10:14:34,638 - app.api.v1.file_router - INFO - [upload-preview] Processed file result: {'original_filename': 'foto wedding.jpeg', 'status': 'processing', 'message': '', 'preview_image_url': None, 'face_detections': [], 'batch_tag': ''}
2025-07-03 10:14:36,338 - app.functions.image_processor - INFO - Detected 2 face(s).
2025-07-03 10:14:36,338 - app.services.face_service - INFO - [process_image_for_review] detection_time=2025-07-03 10:14:36.338351+07:00 tzinfo=Asia/Bangkok
2025-07-03 10:14:36,345 - app.services.face_service - INFO - Original filename: original_20250703101434638626_foto wedding.jpeg
2025-07-03 10:14:36,377 - app.functions.image_processor - INFO - Image saved successfully to: C:\Users\HiDigi\OneDrive\Desktop\WebDev\FacialRecognition\app_data\temp_images\preview_20250703101436345351_foto wedding.jpeg
2025-07-03 10:14:36,377 - app.services.face_service - INFO - Preview image saved to C:\Users\HiDigi\OneDrive\Desktop\WebDev\FacialRecognition\app_data\temp_images\preview_20250703101436345351_foto wedding.jpeg
2025-07-03 10:14:36,379 - app.api.v1.file_router - INFO - [upload-preview] Returning detection_time=2025-07-03T10:14:36.338351+07:00 for file=foto wedding.jpeg
2025-07-03 10:14:42,880 - app.services.face_service - INFO - Moved original image from temp to permanent: C:\Users\HiDigi\OneDrive\Desktop\WebDev\FacialRecognition\app_data\permanent_images\original_20250703101434638626_foto wedding.jpeg
2025-07-03 10:14:42,890 - app.services.face_service - INFO - [insert_new_face] Face inserted with ID: 9
2025-07-03 10:14:42,890 - app.services.face_service - INFO - [insert_new_face] Face location (raw): [582, 665, 689, 557] | type=<class 'list'>
2025-07-03 10:14:42,891 - app.services.face_service - INFO - [insert_new_face] Preparing to save face crop for face_id 9
2025-07-03 10:14:42,911 - app.services.face_service - INFO - [insert_new_face] Saved face crop at: C:\Users\HiDigi\OneDrive\Desktop\WebDev\FacialRecognition\app_data\face_crops\face_9.jpg
2025-07-03 10:14:42,911 - app.services.face_service - INFO - New face detected: <app.db.models.attendance.Face object at 0x0000022B383CC3D0>
2025-07-03 10:14:42,923 - app.services.face_service - INFO - Deleted temporary preview image: C:\Users\HiDigi\OneDrive\Desktop\WebDev\FacialRecognition\app_data\temp_images\preview_20250703101436345351_foto wedding.jpeg
2025-07-03 10:15:18,827 - app.functions.image_processor - INFO - Detected 1 face(s).
2025-07-03 10:15:18,827 - app.services.face_service - INFO - Person ID: 12
2025-07-03 10:15:18,830 - app.services.face_service - INFO - Existing face: None
2025-07-03 10:15:35,126 - app.services.face_service - INFO - Transferring encoding from face 10 to 9
2025-07-03 10:15:35,127 - app.services.face_service - INFO - Copying crop image from C:\Users\HiDigi\OneDrive\Desktop\WebDev\FacialRecognition\app_data\face_crops\face_10.jpg to 9
2025-07-03 10:15:35,128 - app.services.face_service - INFO - Copying crop image from C:\Users\HiDigi\OneDrive\Desktop\WebDev\FacialRecognition\app_data\face_crops\face_10.jpg to C:\Users\HiDigi\OneDrive\Desktop\WebDev\FacialRecognition\app_data\face_crops\face_9.jpg
2025-07-03 10:15:35,129 - app.services.face_service - INFO - Copied crop image from face 10 to 9 as .jpg
2025-07-03 10:15:35,130 - app.services.face_service - INFO - Deleted original crop image for face 10
2025-07-03 10:15:35,130 - app.services.face_service - INFO - Deleted old face 10
2025-07-03 10:15:35,136 - app.services.face_service - INFO - Face 9 now associated with person 12
2025-07-03 10:22:57,405 - app.services.people_service - INFO - Deleted image file: C:\Users\HiDigi\OneDrive\Desktop\WebDev\FacialRecognition\app_data\public_people_images\people\12\734dbd85e1ef43eeafded3cc5d3760d8.png
2025-07-03 10:23:07,753 - app.api.v1.file_router - INFO - [upload-preview] Received batch_tag=
2025-07-03 10:23:07,754 - app.api.v1.file_router - INFO - [upload-preview] Processed file result: {'original_filename': 'foto wedding.jpeg', 'status': 'processing', 'message': '', 'preview_image_url': None, 'face_detections': [], 'batch_tag': ''}
2025-07-03 10:23:09,300 - app.functions.image_processor - INFO - Detected 2 face(s).
2025-07-03 10:23:09,301 - app.services.face_service - INFO - [process_image_for_review] detection_time=2025-07-03 10:23:09.301246+07:00 tzinfo=Asia/Bangkok
2025-07-03 10:23:09,304 - app.services.face_service - INFO - Original filename: original_20250703102307754503_foto wedding.jpeg
2025-07-03 10:23:09,328 - app.functions.image_processor - INFO - Image saved successfully to: C:\Users\HiDigi\OneDrive\Desktop\WebDev\FacialRecognition\app_data\temp_images\preview_20250703102309305245_foto wedding.jpeg
2025-07-03 10:23:09,329 - app.services.face_service - INFO - Preview image saved to C:\Users\HiDigi\OneDrive\Desktop\WebDev\FacialRecognition\app_data\temp_images\preview_20250703102309305245_foto wedding.jpeg
2025-07-03 10:23:09,331 - app.api.v1.file_router - INFO - [upload-preview] Returning detection_time=2025-07-03T10:23:09.301246+07:00 for file=foto wedding.jpeg
2025-07-03 10:23:12,171 - app.services.face_service - INFO - Moved original image from temp to permanent: C:\Users\HiDigi\OneDrive\Desktop\WebDev\FacialRecognition\app_data\permanent_images\original_20250703102307754503_foto wedding.jpeg
2025-07-03 10:23:12,175 - app.services.face_service - INFO - [insert_new_face] Face inserted with ID: 11
2025-07-03 10:23:12,175 - app.services.face_service - INFO - [insert_new_face] Face location (raw): [582, 665, 689, 557] | type=<class 'list'>
2025-07-03 10:23:12,176 - app.services.face_service - INFO - [insert_new_face] Preparing to save face crop for face_id 11
2025-07-03 10:23:12,196 - app.services.face_service - INFO - [insert_new_face] Saved face crop at: C:\Users\HiDigi\OneDrive\Desktop\WebDev\FacialRecognition\app_data\face_crops\face_11.jpg
2025-07-03 10:23:12,197 - app.services.face_service - INFO - New face detected: <app.db.models.attendance.Face object at 0x0000022B384B8AF0>
2025-07-03 10:23:12,213 - app.services.face_service - INFO - Deleted temporary preview image: C:\Users\HiDigi\OneDrive\Desktop\WebDev\FacialRecognition\app_data\temp_images\preview_20250703102309305245_foto wedding.jpeg
2025-07-03 10:23:34,865 - app.functions.image_processor - INFO - Detected 1 face(s).
2025-07-03 10:23:34,866 - app.services.face_service - INFO - Person ID: 13
2025-07-03 10:23:34,868 - app.services.face_service - INFO - Existing face: None
2025-07-03 10:23:42,117 - app.services.face_service - INFO - Transferring encoding from face 12 to 11
2025-07-03 10:23:42,118 - app.services.face_service - INFO - Copying crop image from C:\Users\HiDigi\OneDrive\Desktop\WebDev\FacialRecognition\app_data\face_crops\face_12.jpg to 11
2025-07-03 10:23:42,119 - app.services.face_service - INFO - Copying crop image from C:\Users\HiDigi\OneDrive\Desktop\WebDev\FacialRecognition\app_data\face_crops\face_12.jpg to C:\Users\HiDigi\OneDrive\Desktop\WebDev\FacialRecognition\app_data\face_crops\face_11.jpg
2025-07-03 10:23:42,120 - app.services.face_service - INFO - Copied crop image from face 12 to 11 as .jpg
2025-07-03 10:23:42,121 - app.services.face_service - INFO - Deleted original crop image for face 12
2025-07-03 10:23:42,122 - app.services.face_service - INFO - Deleted old face 12
2025-07-03 10:23:42,126 - app.services.face_service - INFO - Face 11 now associated with person 13
2025-07-03 11:41:51,947 - app.main - INFO - Shutting down...
2025-07-03 12:19:37,012 - app.main - INFO - Initializing database...
2025-07-03 12:19:37,117 - app.main - INFO - Database initialized.
2025-07-03 12:21:11,978 - app.main - INFO - Shutting down...
2025-07-03 12:21:16,209 - app.main - INFO - Initializing database...
2025-07-03 12:21:16,327 - app.main - INFO - Database initialized.
2025-07-03 13:50:49,801 - app.main - INFO - Shutting down...
2025-07-03 14:36:12,949 - app.main - INFO - Initializing database...
2025-07-03 14:36:13,145 - app.main - INFO - Database initialized.
2025-07-03 14:37:10,170 - app.main - INFO - Shutting down...
2025-07-03 14:37:14,018 - app.main - INFO - Initializing database...
2025-07-03 14:37:14,093 - app.main - INFO - Database initialized.
2025-07-03 14:38:48,258 - app.main - INFO - Shutting down...
2025-07-03 14:38:51,672 - app.main - INFO - Initializing database...
2025-07-03 14:38:51,748 - app.main - INFO - Database initialized.
2025-07-03 14:39:21,692 - app.services.image_count_service - ERROR - Failed to list ImageCounts: (sqlalchemy.dialects.postgresql.asyncpg.ProgrammingError) <class 'asyncpg.exceptions.UndefinedColumnError'>: column image_counts.image_count_id does not exist
[SQL: SELECT image_counts.image_count_id, image_counts.image_id, image_counts.face_count, image_counts.processed_time 
FROM image_counts JOIN images ON images.image_id = image_counts.image_id]
(Background on this error at: https://sqlalche.me/e/20/f405)
2025-07-03 14:44:29,441 - app.main - INFO - Shutting down...
2025-07-03 14:46:45,738 - app.main - INFO - Initializing database...
2025-07-03 14:46:45,824 - app.main - INFO - Database initialized.
2025-07-03 14:47:12,654 - app.services.people_service - INFO - Deleted image file: C:\Users\HiDigi\OneDrive\Desktop\WebDev\FacialRecognition\app_data\public_people_images\people\13\aadcd970c1bf4f0a89e9b2fd62ed0a41.png
2025-07-03 14:57:20,235 - app.main - INFO - Shutting down...
2025-07-03 14:57:31,404 - app.main - INFO - Initializing database...
2025-07-03 14:57:31,485 - app.main - INFO - Database initialized.
2025-07-03 14:58:00,664 - app.api.v1.file_router - INFO - [upload-preview] Received batch_tag=
2025-07-03 14:58:00,664 - app.api.v1.file_router - INFO - [upload-preview] Processed file result: {'original_filename': 'foto wedding.jpeg', 'status': 'processing', 'message': '', 'preview_image_url': None, 'face_detections': [], 'batch_tag': ''}
2025-07-03 14:58:02,524 - app.functions.image_processor - INFO - Detected 2 face(s).
2025-07-03 14:58:02,525 - app.services.face_service - INFO - [process_image_for_review] detection_time=2025-07-03 14:58:02.525217+07:00 tzinfo=Asia/Bangkok
2025-07-03 14:58:02,539 - app.services.face_service - INFO - Original filename: original_20250703145800665496_foto wedding.jpeg
2025-07-03 14:58:02,589 - app.functions.image_processor - INFO - Image saved successfully to: C:\Users\HiDigi\OneDrive\Desktop\WebDev\FacialRecognition\app_data\temp_images\preview_20250703145802539048_foto wedding.jpeg
2025-07-03 14:58:02,590 - app.services.face_service - INFO - Preview image saved to C:\Users\HiDigi\OneDrive\Desktop\WebDev\FacialRecognition\app_data\temp_images\preview_20250703145802539048_foto wedding.jpeg
2025-07-03 14:58:02,591 - app.api.v1.file_router - INFO - [upload-preview] Returning detection_time=2025-07-03T14:58:02.525217+07:00 for file=foto wedding.jpeg
2025-07-03 14:58:08,199 - app.services.face_service - INFO - Moved original image from temp to permanent: C:\Users\HiDigi\OneDrive\Desktop\WebDev\FacialRecognition\app_data\permanent_images\original_20250703145800665496_foto wedding.jpeg
2025-07-03 14:58:08,210 - app.services.face_service - INFO - [insert_new_face] Face inserted with ID: 13
2025-07-03 14:58:08,210 - app.services.face_service - INFO - [insert_new_face] Face location (raw): [582, 665, 689, 557] | type=<class 'list'>
2025-07-03 14:58:08,211 - app.services.face_service - INFO - [insert_new_face] Preparing to save face crop for face_id 13
2025-07-03 14:58:08,227 - app.services.face_service - INFO - [insert_new_face] Saved face crop at: C:\Users\HiDigi\OneDrive\Desktop\WebDev\FacialRecognition\app_data\face_crops\face_13.jpg
2025-07-03 14:58:08,227 - app.services.face_service - INFO - New face detected: <app.db.models.attendance.Face object at 0x000002309C9C5420>
2025-07-03 14:58:08,228 - app.services.face_service - ERROR - Error saving confirmed face data for C:\Users\HiDigi\OneDrive\Desktop\WebDev\FacialRecognition\app_data\temp_images\original_20250703145800665496_foto wedding.jpeg: ImageRecordService.insert_image_record() got an unexpected keyword argument 'image_path'
2025-07-03 14:58:08,235 - app.services.face_service - ERROR - Error saving confirmed face data for C:\Users\HiDigi\OneDrive\Desktop\WebDev\FacialRecognition\app_data\temp_images\original_20250703145800665496_foto wedding.jpeg: ImageRecordService.insert_image_record() got an unexpected keyword argument 'image_path'
2025-07-03 14:58:08,238 - app.services.face_service - WARNING - Failed to store image count for C:\Users\HiDigi\OneDrive\Desktop\WebDev\FacialRecognition\app_data\permanent_images\original_20250703145800665496_foto wedding.jpeg: Image not found for path: C:\Users\HiDigi\OneDrive\Desktop\WebDev\FacialRecognition\app_data\permanent_images\original_20250703145800665496_foto wedding.jpeg
2025-07-03 14:58:08,238 - app.services.face_service - INFO - Deleted temporary preview image: C:\Users\HiDigi\OneDrive\Desktop\WebDev\FacialRecognition\app_data\temp_images\preview_20250703145802539048_foto wedding.jpeg
2025-07-03 15:05:19,535 - app.main - INFO - Shutting down...
2025-07-03 15:06:27,261 - app.main - INFO - Initializing database...
2025-07-03 15:06:27,352 - app.main - INFO - Database initialized.
2025-07-03 15:06:35,644 - app.api.v1.file_router - INFO - [upload-preview] Received batch_tag=
2025-07-03 15:06:35,645 - app.api.v1.file_router - INFO - [upload-preview] Processed file result: {'original_filename': 'foto wedding.jpeg', 'status': 'processing', 'message': '', 'preview_image_url': None, 'face_detections': [], 'batch_tag': ''}
2025-07-03 15:06:37,211 - app.functions.image_processor - INFO - Detected 2 face(s).
2025-07-03 15:06:37,211 - app.services.face_service - INFO - [process_image_for_review] detection_time=2025-07-03 15:06:37.211607+07:00 tzinfo=Asia/Bangkok
2025-07-03 15:06:37,233 - app.services.face_service - INFO - Original filename: original_20250703150635646676_foto wedding.jpeg
2025-07-03 15:06:37,267 - app.functions.image_processor - INFO - Image saved successfully to: C:\Users\HiDigi\OneDrive\Desktop\WebDev\FacialRecognition\app_data\temp_images\preview_20250703150637233395_foto wedding.jpeg
2025-07-03 15:06:37,267 - app.services.face_service - INFO - Preview image saved to C:\Users\HiDigi\OneDrive\Desktop\WebDev\FacialRecognition\app_data\temp_images\preview_20250703150637233395_foto wedding.jpeg
2025-07-03 15:06:37,269 - app.api.v1.file_router - INFO - [upload-preview] Returning detection_time=2025-07-03T15:06:37.211607+07:00 for file=foto wedding.jpeg
2025-07-03 15:06:42,929 - app.services.face_service - INFO - Moved original image from temp to permanent: C:\Users\HiDigi\OneDrive\Desktop\WebDev\FacialRecognition\app_data\permanent_images\original_20250703150635646676_foto wedding.jpeg
2025-07-03 15:06:42,969 - app.services.face_service - WARNING - Failed to store image count for C:\Users\HiDigi\OneDrive\Desktop\WebDev\FacialRecognition\app_data\permanent_images\original_20250703150635646676_foto wedding.jpeg: (sqlalchemy.dialects.postgresql.asyncpg.IntegrityError) <class 'asyncpg.exceptions.NotNullViolationError'>: null value in column "image_path" of relation "image_counts" violates not-null constraint
DETAIL:  Failing row contains (1, null, 2, 2025-07-03 15:06:37.211607+07, null, 1).
[SQL: INSERT INTO image_counts (image_id, face_count, processed_time) VALUES ($1::INTEGER, $2::INTEGER, $3::TIMESTAMP WITH TIME ZONE) RETURNING image_counts.image_count_id]
[parameters: (1, 2, datetime.datetime(2025, 7, 3, 15, 6, 37, 211607, tzinfo=<DstTzInfo 'Asia/Bangkok' +07+7:00:00 STD>))]
(Background on this error at: https://sqlalche.me/e/20/gkpj)
2025-07-03 15:06:42,970 - app.services.face_service - INFO - Deleted temporary preview image: C:\Users\HiDigi\OneDrive\Desktop\WebDev\FacialRecognition\app_data\temp_images\preview_20250703150637233395_foto wedding.jpeg
2025-07-03 15:08:44,756 - app.main - INFO - Shutting down...
2025-07-03 15:08:48,689 - app.main - INFO - Initializing database...
2025-07-03 15:08:48,767 - app.main - INFO - Database initialized.
2025-07-03 15:12:09,336 - app.main - INFO - Shutting down...
2025-07-03 15:12:13,260 - app.main - INFO - Initializing database...
2025-07-03 15:12:13,359 - app.main - INFO - Database initialized.
2025-07-03 15:13:03,204 - app.main - INFO - Shutting down...
2025-07-03 15:13:08,899 - app.main - INFO - Initializing database...
2025-07-03 15:13:08,984 - app.main - INFO - Database initialized.
2025-07-03 15:15:47,967 - app.main - INFO - Shutting down...
2025-07-03 15:15:51,335 - app.main - INFO - Initializing database...
2025-07-03 15:15:51,444 - app.main - INFO - Database initialized.
2025-07-03 15:37:23,798 - app.main - INFO - Shutting down...
2025-07-03 15:37:27,971 - app.main - INFO - Initializing database...
2025-07-03 15:37:28,052 - app.main - INFO - Database initialized.
2025-07-03 15:38:24,725 - app.api.v1.file_router - INFO - [upload-preview] Received batch_tag=
2025-07-03 15:38:24,726 - app.api.v1.file_router - INFO - [upload-preview] Processed file result: {'original_filename': 'foto wedding.jpeg', 'status': 'processing', 'message': '', 'preview_image_url': None, 'face_detections': [], 'batch_tag': ''}
2025-07-03 15:38:26,433 - app.functions.image_processor - INFO - Detected 2 face(s).
2025-07-03 15:38:26,434 - app.services.face_service - INFO - [process_image_for_review] detection_time=2025-07-03 15:38:26.434368+07:00 tzinfo=Asia/Bangkok
2025-07-03 15:38:26,445 - app.services.face_service - INFO - Original filename: original_20250703153824727677_foto wedding.jpeg
2025-07-03 15:38:26,499 - app.functions.image_processor - INFO - Image saved successfully to: C:\Users\HiDigi\OneDrive\Desktop\WebDev\FacialRecognition\app_data\temp_images\preview_20250703153826445583_foto wedding.jpeg
2025-07-03 15:38:26,499 - app.services.face_service - INFO - Preview image saved to C:\Users\HiDigi\OneDrive\Desktop\WebDev\FacialRecognition\app_data\temp_images\preview_20250703153826445583_foto wedding.jpeg
2025-07-03 15:38:26,501 - app.api.v1.file_router - INFO - [upload-preview] Returning detection_time=2025-07-03T15:38:26.434368+07:00 for file=foto wedding.jpeg
2025-07-03 15:38:28,996 - app.services.face_service - INFO - Moved original image from temp to permanent: C:\Users\HiDigi\OneDrive\Desktop\WebDev\FacialRecognition\app_data\permanent_images\original_20250703153824727677_foto wedding.jpeg
2025-07-03 15:38:29,008 - app.services.face_service - INFO - [insert_new_face] Face inserted with ID: 14
2025-07-03 15:38:29,008 - app.services.face_service - INFO - [insert_new_face] Face location (raw): [582, 665, 689, 557] | type=<class 'list'>
2025-07-03 15:38:29,009 - app.services.face_service - INFO - [insert_new_face] Preparing to save face crop for face_id 14
2025-07-03 15:38:29,031 - app.services.face_service - INFO - [insert_new_face] Saved face crop at: C:\Users\HiDigi\OneDrive\Desktop\WebDev\FacialRecognition\app_data\face_crops\face_14.jpg
2025-07-03 15:38:29,032 - app.services.face_service - INFO - New face detected: <app.db.models.attendance.Face object at 0x000002B2E705A530>
2025-07-03 15:38:29,057 - app.services.face_service - INFO - Deleted temporary preview image: C:\Users\HiDigi\OneDrive\Desktop\WebDev\FacialRecognition\app_data\temp_images\preview_20250703153826445583_foto wedding.jpeg
2025-07-03 15:41:41,514 - app.main - INFO - Shutting down...
2025-07-03 15:41:46,091 - app.main - INFO - Initializing database...
2025-07-03 15:41:46,202 - app.main - INFO - Database initialized.
2025-07-03 15:41:55,024 - app.api.v1.file_router - INFO - [upload-preview] Received batch_tag=
2025-07-03 15:41:55,025 - app.api.v1.file_router - INFO - [upload-preview] Processed file result: {'original_filename': 'foto wedding.jpeg', 'status': 'processing', 'message': '', 'preview_image_url': None, 'face_detections': [], 'batch_tag': ''}
2025-07-03 15:41:56,813 - app.functions.image_processor - INFO - Detected 2 face(s).
2025-07-03 15:41:56,814 - app.services.face_service - INFO - [process_image_for_review] detection_time=2025-07-03 15:41:56.814244+07:00 tzinfo=Asia/Bangkok
2025-07-03 15:41:56,821 - app.services.face_service - INFO - Original filename: original_20250703154155025539_foto wedding.jpeg
2025-07-03 15:41:56,860 - app.functions.image_processor - INFO - Image saved successfully to: C:\Users\HiDigi\OneDrive\Desktop\WebDev\FacialRecognition\app_data\temp_images\preview_20250703154156822576_foto wedding.jpeg
2025-07-03 15:41:56,861 - app.services.face_service - INFO - Preview image saved to C:\Users\HiDigi\OneDrive\Desktop\WebDev\FacialRecognition\app_data\temp_images\preview_20250703154156822576_foto wedding.jpeg
2025-07-03 15:41:56,862 - app.api.v1.file_router - INFO - [upload-preview] Returning detection_time=2025-07-03T15:41:56.814244+07:00 for file=foto wedding.jpeg
2025-07-03 15:41:59,122 - app.services.face_service - INFO - Moved original image from temp to permanent: C:\Users\HiDigi\OneDrive\Desktop\WebDev\FacialRecognition\app_data\permanent_images\original_20250703154155025539_foto wedding.jpeg
2025-07-03 15:41:59,167 - app.services.face_service - WARNING - Failed to store image count for C:\Users\HiDigi\OneDrive\Desktop\WebDev\FacialRecognition\app_data\permanent_images\original_20250703154155025539_foto wedding.jpeg: (sqlalchemy.dialects.postgresql.asyncpg.IntegrityError) <class 'asyncpg.exceptions.NotNullViolationError'>: null value in column "image_path" of relation "image_counts" violates not-null constraint
DETAIL:  Failing row contains (3, null, 2, 2025-07-03 15:41:56.814244+07, null, 2).
[SQL: INSERT INTO image_counts (image_id, face_count, processed_time) VALUES ($1::INTEGER, $2::INTEGER, $3::TIMESTAMP WITH TIME ZONE) RETURNING image_counts.image_count_id]
[parameters: (3, 2, datetime.datetime(2025, 7, 3, 15, 41, 56, 814244, tzinfo=<DstTzInfo 'Asia/Bangkok' +07+7:00:00 STD>))]
(Background on this error at: https://sqlalche.me/e/20/gkpj)
2025-07-03 15:41:59,168 - app.services.face_service - INFO - Deleted temporary preview image: C:\Users\HiDigi\OneDrive\Desktop\WebDev\FacialRecognition\app_data\temp_images\preview_20250703154156822576_foto wedding.jpeg
2025-07-03 15:49:09,281 - app.main - INFO - Shutting down...
2025-07-03 15:49:14,933 - app.main - INFO - Initializing database...
2025-07-03 15:49:15,023 - app.main - INFO - Database initialized.
2025-07-03 15:49:32,619 - app.api.v1.file_router - INFO - [upload-preview] Received batch_tag=
2025-07-03 15:49:32,620 - app.api.v1.file_router - INFO - [upload-preview] Processed file result: {'original_filename': 'foto wedding.jpeg', 'status': 'processing', 'message': '', 'preview_image_url': None, 'face_detections': [], 'batch_tag': ''}
2025-07-03 15:49:34,271 - app.functions.image_processor - INFO - Detected 2 face(s).
2025-07-03 15:49:34,272 - app.services.face_service - INFO - [process_image_for_review] detection_time=2025-07-03 15:49:34.272075+07:00 tzinfo=Asia/Bangkok
2025-07-03 15:49:34,280 - app.services.face_service - INFO - Original filename: original_20250703154932620898_foto wedding.jpeg
2025-07-03 15:49:34,311 - app.functions.image_processor - INFO - Image saved successfully to: C:\Users\HiDigi\OneDrive\Desktop\WebDev\FacialRecognition\app_data\temp_images\preview_20250703154934281565_foto wedding.jpeg
2025-07-03 15:49:34,312 - app.services.face_service - INFO - Preview image saved to C:\Users\HiDigi\OneDrive\Desktop\WebDev\FacialRecognition\app_data\temp_images\preview_20250703154934281565_foto wedding.jpeg
2025-07-03 15:49:34,314 - app.api.v1.file_router - INFO - [upload-preview] Returning detection_time=2025-07-03T15:49:34.272075+07:00 for file=foto wedding.jpeg
2025-07-03 15:49:37,112 - app.services.face_service - INFO - Moved original image from temp to permanent: C:\Users\HiDigi\OneDrive\Desktop\WebDev\FacialRecognition\app_data\permanent_images\original_20250703154932620898_foto wedding.jpeg
2025-07-03 15:49:37,149 - app.services.face_service - WARNING - Failed to store image count for C:\Users\HiDigi\OneDrive\Desktop\WebDev\FacialRecognition\app_data\permanent_images\original_20250703154932620898_foto wedding.jpeg: (sqlalchemy.dialects.postgresql.asyncpg.IntegrityError) <class 'asyncpg.exceptions.NotNullViolationError'>: null value in column "image_path" of relation "image_counts" violates not-null constraint
DETAIL:  Failing row contains (4, null, 2, 2025-07-03 15:49:34.272075+07, null, 3).
[SQL: INSERT INTO image_counts (image_id, face_count, processed_time) VALUES ($1::INTEGER, $2::INTEGER, $3::TIMESTAMP WITH TIME ZONE) RETURNING image_counts.image_count_id]
[parameters: (4, 2, datetime.datetime(2025, 7, 3, 15, 49, 34, 272075, tzinfo=<DstTzInfo 'Asia/Bangkok' +07+7:00:00 STD>))]
(Background on this error at: https://sqlalche.me/e/20/gkpj)
2025-07-03 15:49:37,150 - app.services.face_service - INFO - Deleted temporary preview image: C:\Users\HiDigi\OneDrive\Desktop\WebDev\FacialRecognition\app_data\temp_images\preview_20250703154934281565_foto wedding.jpeg
2025-07-03 15:49:58,112 - app.main - INFO - Shutting down...
2025-07-03 15:52:17,343 - app.main - INFO - Initializing database...
2025-07-03 15:52:17,420 - app.main - INFO - Database initialized.
2025-07-03 15:52:27,186 - app.api.v1.file_router - INFO - [upload-preview] Received batch_tag=
2025-07-03 15:52:27,187 - app.api.v1.file_router - INFO - [upload-preview] Processed file result: {'original_filename': 'foto wedding.jpeg', 'status': 'processing', 'message': '', 'preview_image_url': None, 'face_detections': [], 'batch_tag': ''}
2025-07-03 15:52:28,772 - app.functions.image_processor - INFO - Detected 2 face(s).
2025-07-03 15:52:28,772 - app.services.face_service - INFO - [process_image_for_review] detection_time=2025-07-03 15:52:28.772984+07:00 tzinfo=Asia/Bangkok
2025-07-03 15:52:28,781 - app.services.face_service - INFO - Original filename: original_20250703155227187654_foto wedding.jpeg
2025-07-03 15:52:28,812 - app.functions.image_processor - INFO - Image saved successfully to: C:\Users\HiDigi\OneDrive\Desktop\WebDev\FacialRecognition\app_data\temp_images\preview_20250703155228781203_foto wedding.jpeg
2025-07-03 15:52:28,812 - app.services.face_service - INFO - Preview image saved to C:\Users\HiDigi\OneDrive\Desktop\WebDev\FacialRecognition\app_data\temp_images\preview_20250703155228781203_foto wedding.jpeg
2025-07-03 15:52:28,814 - app.api.v1.file_router - INFO - [upload-preview] Returning detection_time=2025-07-03T15:52:28.772984+07:00 for file=foto wedding.jpeg
2025-07-03 15:52:31,783 - app.services.face_service - INFO - Moved original image from temp to permanent: C:\Users\HiDigi\OneDrive\Desktop\WebDev\FacialRecognition\app_data\permanent_images\original_20250703155227187654_foto wedding.jpeg
2025-07-03 15:52:31,822 - app.services.face_service - WARNING - Failed to store image count for C:\Users\HiDigi\OneDrive\Desktop\WebDev\FacialRecognition\app_data\permanent_images\original_20250703155227187654_foto wedding.jpeg: (sqlalchemy.dialects.postgresql.asyncpg.IntegrityError) <class 'asyncpg.exceptions.NotNullViolationError'>: null value in column "record_id" of relation "image_counts" violates not-null constraint
DETAIL:  Failing row contains (5, 2, 2025-07-03 15:52:28.772984+07, null, 4).
[SQL: INSERT INTO image_counts (image_id, face_count, processed_time) VALUES ($1::INTEGER, $2::INTEGER, $3::TIMESTAMP WITH TIME ZONE) RETURNING image_counts.image_count_id]
[parameters: (5, 2, datetime.datetime(2025, 7, 3, 15, 52, 28, 772984, tzinfo=<DstTzInfo 'Asia/Bangkok' +07+7:00:00 STD>))]
(Background on this error at: https://sqlalche.me/e/20/gkpj)
2025-07-03 15:52:31,823 - app.services.face_service - INFO - Deleted temporary preview image: C:\Users\HiDigi\OneDrive\Desktop\WebDev\FacialRecognition\app_data\temp_images\preview_20250703155228781203_foto wedding.jpeg
2025-07-03 15:55:15,621 - app.main - INFO - Shutting down...
2025-07-03 15:55:45,139 - app.main - INFO - Initializing database...
2025-07-03 15:55:45,219 - app.main - INFO - Database initialized.
2025-07-03 15:56:04,979 - app.api.v1.file_router - INFO - [upload-preview] Received batch_tag=
2025-07-03 15:56:04,980 - app.api.v1.file_router - INFO - [upload-preview] Processed file result: {'original_filename': 'foto wedding.jpeg', 'status': 'processing', 'message': '', 'preview_image_url': None, 'face_detections': [], 'batch_tag': ''}
2025-07-03 15:56:06,673 - app.functions.image_processor - INFO - Detected 2 face(s).
2025-07-03 15:56:06,675 - app.services.face_service - INFO - [process_image_for_review] detection_time=2025-07-03 15:56:06.675005+07:00 tzinfo=Asia/Bangkok
2025-07-03 15:56:06,682 - app.services.face_service - INFO - Original filename: original_20250703155604981859_foto wedding.jpeg
2025-07-03 15:56:06,715 - app.functions.image_processor - INFO - Image saved successfully to: C:\Users\HiDigi\OneDrive\Desktop\WebDev\FacialRecognition\app_data\temp_images\preview_20250703155606683384_foto wedding.jpeg
2025-07-03 15:56:06,715 - app.services.face_service - INFO - Preview image saved to C:\Users\HiDigi\OneDrive\Desktop\WebDev\FacialRecognition\app_data\temp_images\preview_20250703155606683384_foto wedding.jpeg
2025-07-03 15:56:06,716 - app.api.v1.file_router - INFO - [upload-preview] Returning detection_time=2025-07-03T15:56:06.675005+07:00 for file=foto wedding.jpeg
2025-07-03 15:56:09,306 - app.services.face_service - INFO - Moved original image from temp to permanent: C:\Users\HiDigi\OneDrive\Desktop\WebDev\FacialRecognition\app_data\permanent_images\original_20250703155604981859_foto wedding.jpeg
2025-07-03 15:56:09,345 - app.services.face_service - INFO - ImageCount stored for C:\Users\HiDigi\OneDrive\Desktop\WebDev\FacialRecognition\app_data\permanent_images\original_20250703155604981859_foto wedding.jpeg
2025-07-03 15:56:09,346 - app.services.face_service - INFO - Deleted temporary preview image: C:\Users\HiDigi\OneDrive\Desktop\WebDev\FacialRecognition\app_data\temp_images\preview_20250703155606683384_foto wedding.jpeg
2025-07-03 15:58:15,749 - app.main - INFO - Shutting down...
2025-07-03 15:58:19,868 - app.main - INFO - Initializing database...
2025-07-03 15:58:19,949 - app.main - INFO - Database initialized.
2025-07-03 16:00:42,411 - app.main - INFO - Shutting down...
2025-07-03 16:00:47,053 - app.main - INFO - Initializing database...
2025-07-03 16:00:47,130 - app.main - INFO - Database initialized.
2025-07-03 16:25:44,175 - app.functions.image_processor - INFO - Detected 1 face(s).
2025-07-03 16:25:44,176 - app.services.face_service - INFO - Person ID: 14
2025-07-03 16:25:44,178 - app.services.face_service - INFO - Existing face: None
2025-07-03 16:25:51,113 - app.services.face_service - INFO - Transferring encoding from face 15 to 14
2025-07-03 16:25:51,113 - app.services.face_service - INFO - Copying crop image from C:\Users\HiDigi\OneDrive\Desktop\WebDev\FacialRecognition\app_data\face_crops\face_15.jpg to 14
2025-07-03 16:25:51,114 - app.services.face_service - INFO - Copying crop image from C:\Users\HiDigi\OneDrive\Desktop\WebDev\FacialRecognition\app_data\face_crops\face_15.jpg to C:\Users\HiDigi\OneDrive\Desktop\WebDev\FacialRecognition\app_data\face_crops\face_14.jpg
2025-07-03 16:25:51,117 - app.services.face_service - INFO - Copied crop image from face 15 to 14 as .jpg
2025-07-03 16:25:51,118 - app.services.face_service - INFO - Deleted original crop image for face 15
2025-07-03 16:25:51,118 - app.services.face_service - INFO - Deleted old face 15
2025-07-03 16:25:51,123 - app.services.face_service - INFO - Face 14 now associated with person 14
2025-07-03 16:26:00,563 - app.services.people_service - INFO - Deleted image file: C:\Users\HiDigi\OneDrive\Desktop\WebDev\FacialRecognition\app_data\public_people_images\people\14\a577fe3283cb4137a9a3f8c1bd1cadac.png
2025-07-03 16:40:16,677 - app.main - INFO - Shutting down...
2025-07-03 16:46:02,438 - app.main - INFO - Initializing database...
2025-07-03 16:46:02,519 - app.main - INFO - Database initialized.
2025-07-03 16:46:53,552 - app.api.v1.file_router - INFO - [upload-preview] Received batch_tag=
2025-07-03 16:46:53,553 - app.api.v1.file_router - INFO - [upload-preview] Processed file result: {'original_filename': 'foto wedding.jpeg', 'status': 'processing', 'message': '', 'preview_image_url': None, 'face_detections': [], 'batch_tag': ''}
2025-07-03 16:46:55,218 - app.functions.image_processor - INFO - Detected 2 face(s).
2025-07-03 16:46:55,219 - app.services.face_service - INFO - [process_image_for_review] detection_time=2025-07-03 16:46:55.219076+07:00 tzinfo=Asia/Bangkok
2025-07-03 16:46:55,227 - app.services.face_service - INFO - Original filename: original_20250703164653554988_foto wedding.jpeg
2025-07-03 16:46:55,286 - app.functions.image_processor - INFO - Image saved successfully to: C:\Users\HiDigi\OneDrive\Desktop\WebDev\FacialRecognition\app_data\temp_images\preview_20250703164655228652_foto wedding.jpeg
2025-07-03 16:46:55,286 - app.services.face_service - INFO - Preview image saved to C:\Users\HiDigi\OneDrive\Desktop\WebDev\FacialRecognition\app_data\temp_images\preview_20250703164655228652_foto wedding.jpeg
2025-07-03 16:46:55,287 - app.api.v1.file_router - INFO - [upload-preview] Returning detection_time=2025-07-03T16:46:55.219076+07:00 for file=foto wedding.jpeg
2025-07-03 16:46:57,432 - app.services.face_service - INFO - Moved original image from temp to permanent: C:\Users\HiDigi\OneDrive\Desktop\WebDev\FacialRecognition\app_data\permanent_images\original_20250703164653554988_foto wedding.jpeg
2025-07-03 16:46:57,438 - app.services.face_service - INFO - [insert_new_face] Face inserted with ID: 16
2025-07-03 16:46:57,439 - app.services.face_service - INFO - [insert_new_face] Face location (raw): [582, 665, 689, 557] | type=<class 'list'>
2025-07-03 16:46:57,439 - app.services.face_service - INFO - [insert_new_face] Preparing to save face crop for face_id 16
2025-07-03 16:46:57,456 - app.services.face_service - INFO - [insert_new_face] Saved face crop at: C:\Users\HiDigi\OneDrive\Desktop\WebDev\FacialRecognition\app_data\face_crops\face_16.jpg
2025-07-03 16:46:57,457 - app.services.face_service - INFO - New face detected: <app.db.models.attendance.Face object at 0x0000022DC9E730D0>
2025-07-03 16:46:57,481 - app.services.face_service - INFO - ImageCount stored for C:\Users\HiDigi\OneDrive\Desktop\WebDev\FacialRecognition\app_data\permanent_images\original_20250703164653554988_foto wedding.jpeg
2025-07-03 16:46:57,482 - app.services.face_service - INFO - Deleted temporary preview image: C:\Users\HiDigi\OneDrive\Desktop\WebDev\FacialRecognition\app_data\temp_images\preview_20250703164655228652_foto wedding.jpeg
2025-07-03 16:50:23,897 - app.main - INFO - Shutting down...
2025-07-03 16:50:34,883 - app.main - INFO - Initializing database...
2025-07-03 16:50:34,959 - app.main - INFO - Database initialized.
2025-07-03 16:50:44,928 - app.api.v1.file_router - INFO - [upload-preview] Received batch_tag=
2025-07-03 16:50:44,929 - app.api.v1.file_router - INFO - [upload-preview] Processed file result: {'original_filename': 'foto wedding.jpeg', 'status': 'processing', 'message': '', 'preview_image_url': None, 'face_detections': [], 'batch_tag': ''}
2025-07-03 16:50:46,615 - app.functions.image_processor - INFO - Detected 2 face(s).
2025-07-03 16:50:46,616 - app.services.face_service - INFO - [process_image_for_review] detection_time=2025-07-03 16:50:46.616977+07:00 tzinfo=Asia/Bangkok
2025-07-03 16:50:46,624 - app.services.face_service - INFO - Original filename: original_20250703165044929856_foto wedding.jpeg
2025-07-03 16:50:46,656 - app.functions.image_processor - INFO - Image saved successfully to: C:\Users\HiDigi\OneDrive\Desktop\WebDev\FacialRecognition\app_data\temp_images\preview_20250703165046624974_foto wedding.jpeg
2025-07-03 16:50:46,656 - app.services.face_service - INFO - Preview image saved to C:\Users\HiDigi\OneDrive\Desktop\WebDev\FacialRecognition\app_data\temp_images\preview_20250703165046624974_foto wedding.jpeg
2025-07-03 16:50:46,658 - app.api.v1.file_router - INFO - [upload-preview] Returning detection_time=2025-07-03T16:50:46.616977+07:00 for file=foto wedding.jpeg
2025-07-03 16:50:48,572 - app.services.face_service - INFO - Moved original image from temp to permanent: C:\Users\HiDigi\OneDrive\Desktop\WebDev\FacialRecognition\app_data\permanent_images\original_20250703165044929856_foto wedding.jpeg
2025-07-03 16:50:48,602 - app.services.face_service - INFO - ImageCount stored for C:\Users\HiDigi\OneDrive\Desktop\WebDev\FacialRecognition\app_data\permanent_images\original_20250703165044929856_foto wedding.jpeg
2025-07-03 16:50:48,603 - app.services.face_service - INFO - Deleted temporary preview image: C:\Users\HiDigi\OneDrive\Desktop\WebDev\FacialRecognition\app_data\temp_images\preview_20250703165046624974_foto wedding.jpeg
2025-07-03 16:52:09,332 - app.api.v1.file_router - INFO - [upload-preview] Received batch_tag=
2025-07-03 16:52:09,333 - app.api.v1.file_router - INFO - [upload-preview] Processed file result: {'original_filename': 'foto wedding.jpeg', 'status': 'processing', 'message': '', 'preview_image_url': None, 'face_detections': [], 'batch_tag': ''}
2025-07-03 16:52:10,861 - app.functions.image_processor - INFO - Detected 2 face(s).
2025-07-03 16:52:10,862 - app.services.face_service - INFO - [process_image_for_review] detection_time=2025-07-03 16:52:10.862254+07:00 tzinfo=Asia/Bangkok
2025-07-03 16:52:10,866 - app.services.face_service - INFO - Original filename: original_20250703165209333728_foto wedding.jpeg
2025-07-03 16:52:10,889 - app.functions.image_processor - INFO - Image saved successfully to: C:\Users\HiDigi\OneDrive\Desktop\WebDev\FacialRecognition\app_data\temp_images\preview_20250703165210866013_foto wedding.jpeg
2025-07-03 16:52:10,890 - app.services.face_service - INFO - Preview image saved to C:\Users\HiDigi\OneDrive\Desktop\WebDev\FacialRecognition\app_data\temp_images\preview_20250703165210866013_foto wedding.jpeg
2025-07-03 16:52:10,891 - app.api.v1.file_router - INFO - [upload-preview] Returning detection_time=2025-07-03T16:52:10.862254+07:00 for file=foto wedding.jpeg
2025-07-03 16:52:13,516 - app.services.face_service - INFO - Moved original image from temp to permanent: C:\Users\HiDigi\OneDrive\Desktop\WebDev\FacialRecognition\app_data\permanent_images\original_20250703165209333728_foto wedding.jpeg
2025-07-03 16:52:13,534 - app.services.face_service - INFO - ImageCount stored for C:\Users\HiDigi\OneDrive\Desktop\WebDev\FacialRecognition\app_data\permanent_images\original_20250703165209333728_foto wedding.jpeg
2025-07-03 16:52:13,536 - app.services.face_service - INFO - Deleted temporary preview image: C:\Users\HiDigi\OneDrive\Desktop\WebDev\FacialRecognition\app_data\temp_images\preview_20250703165210866013_foto wedding.jpeg
2025-07-03 16:54:17,926 - app.main - INFO - Shutting down...
2025-07-03 16:54:21,602 - app.main - INFO - Initializing database...
2025-07-03 16:54:21,690 - app.main - INFO - Database initialized.
2025-07-03 16:54:31,073 - app.api.v1.file_router - INFO - [upload-preview] Received batch_tag=
2025-07-03 16:54:31,074 - app.api.v1.file_router - INFO - [upload-preview] Processed file result: {'original_filename': 'foto wedding.jpeg', 'status': 'processing', 'message': '', 'preview_image_url': None, 'face_detections': [], 'batch_tag': ''}
2025-07-03 16:54:32,749 - app.functions.image_processor - INFO - Detected 2 face(s).
2025-07-03 16:54:32,750 - app.services.face_service - INFO - [process_image_for_review] detection_time=2025-07-03 16:54:32.750153+07:00 tzinfo=Asia/Bangkok
2025-07-03 16:54:32,758 - app.services.face_service - INFO - Original filename: original_20250703165431074803_foto wedding.jpeg
2025-07-03 16:54:32,791 - app.functions.image_processor - INFO - Image saved successfully to: C:\Users\HiDigi\OneDrive\Desktop\WebDev\FacialRecognition\app_data\temp_images\preview_20250703165432759203_foto wedding.jpeg
2025-07-03 16:54:32,791 - app.services.face_service - INFO - Preview image saved to C:\Users\HiDigi\OneDrive\Desktop\WebDev\FacialRecognition\app_data\temp_images\preview_20250703165432759203_foto wedding.jpeg
2025-07-03 16:54:32,793 - app.api.v1.file_router - INFO - [upload-preview] Returning detection_time=2025-07-03T16:54:32.750153+07:00 for file=foto wedding.jpeg
2025-07-03 16:54:35,271 - app.services.face_service - INFO - Moved original image from temp to permanent: C:\Users\HiDigi\OneDrive\Desktop\WebDev\FacialRecognition\app_data\permanent_images\original_20250703165431074803_foto wedding.jpeg
2025-07-03 16:54:35,311 - app.services.face_service - INFO - ImageCount stored for C:\Users\HiDigi\OneDrive\Desktop\WebDev\FacialRecognition\app_data\permanent_images\original_20250703165431074803_foto wedding.jpeg
2025-07-03 16:54:35,313 - app.services.face_service - INFO - Deleted temporary preview image: C:\Users\HiDigi\OneDrive\Desktop\WebDev\FacialRecognition\app_data\temp_images\preview_20250703165432759203_foto wedding.jpeg
2025-07-03 16:54:39,106 - app.services.image_record_service - INFO - [cleanup_orphan_images] Found 9 orphan images
2025-07-03 16:54:39,107 - app.services.image_record_service - INFO - [cleanup_orphan_images] Deleting orphan image ID 1, path=C:\Users\HiDigi\OneDrive\Desktop\WebDev\FacialRecognition\app_data\permanent_images\original_20250703150635646676_foto wedding.jpeg
2025-07-03 16:54:39,107 - app.services.image_record_service - INFO - [cleanup_orphan_images] Deleting orphan image ID 2, path=C:\Users\HiDigi\OneDrive\Desktop\WebDev\FacialRecognition\app_data\permanent_images\original_20250703153824727677_foto wedding.jpeg
2025-07-03 16:54:39,107 - app.services.image_record_service - INFO - [cleanup_orphan_images] Deleting orphan image ID 3, path=C:\Users\HiDigi\OneDrive\Desktop\WebDev\FacialRecognition\app_data\permanent_images\original_20250703154155025539_foto wedding.jpeg
2025-07-03 16:54:39,108 - app.services.image_record_service - INFO - [cleanup_orphan_images] Deleting orphan image ID 4, path=C:\Users\HiDigi\OneDrive\Desktop\WebDev\FacialRecognition\app_data\permanent_images\original_20250703154932620898_foto wedding.jpeg
2025-07-03 16:54:39,108 - app.services.image_record_service - INFO - [cleanup_orphan_images] Deleting orphan image ID 5, path=C:\Users\HiDigi\OneDrive\Desktop\WebDev\FacialRecognition\app_data\permanent_images\original_20250703155227187654_foto wedding.jpeg
2025-07-03 16:54:39,108 - app.services.image_record_service - INFO - [cleanup_orphan_images] Deleting orphan image ID 6, path=C:\Users\HiDigi\OneDrive\Desktop\WebDev\FacialRecognition\app_data\permanent_images\original_20250703155604981859_foto wedding.jpeg
2025-07-03 16:54:39,109 - app.services.image_record_service - INFO - [cleanup_orphan_images] Deleting orphan image ID 7, path=C:\Users\HiDigi\OneDrive\Desktop\WebDev\FacialRecognition\app_data\permanent_images\original_20250703164653554988_foto wedding.jpeg
2025-07-03 16:54:39,109 - app.services.image_record_service - INFO - [cleanup_orphan_images] Deleting orphan image ID 8, path=C:\Users\HiDigi\OneDrive\Desktop\WebDev\FacialRecognition\app_data\permanent_images\original_20250703165044929856_foto wedding.jpeg
2025-07-03 16:54:39,109 - app.services.image_record_service - INFO - [cleanup_orphan_images] Deleting orphan image ID 9, path=C:\Users\HiDigi\OneDrive\Desktop\WebDev\FacialRecognition\app_data\permanent_images\original_20250703165209333728_foto wedding.jpeg
2025-07-03 16:54:39,121 - app.services.image_record_service - ERROR - Error deleting image records for record ID 31: (sqlalchemy.dialects.postgresql.asyncpg.IntegrityError) <class 'asyncpg.exceptions.NotNullViolationError'>: null value in column "image_id" of relation "image_counts" violates not-null constraint
DETAIL:  Failing row contains (null, 2, 2025-07-03 16:46:55.219076+07, 6).
[SQL: UPDATE image_counts SET image_id=$1::INTEGER WHERE image_counts.image_count_id = $2::INTEGER]
[parameters: [(None, 6), (None, 7), (None, 8)]]
(Background on this error at: https://sqlalche.me/e/20/gkpj)
2025-07-03 16:56:42,383 - app.api.v1.file_router - INFO - [upload-preview] Received batch_tag=
2025-07-03 16:56:42,384 - app.api.v1.file_router - INFO - [upload-preview] Processed file result: {'original_filename': 'foto wedding.jpeg', 'status': 'processing', 'message': '', 'preview_image_url': None, 'face_detections': [], 'batch_tag': ''}
2025-07-03 16:56:43,926 - app.functions.image_processor - INFO - Detected 2 face(s).
2025-07-03 16:56:43,927 - app.services.face_service - INFO - [process_image_for_review] detection_time=2025-07-03 16:56:43.926694+07:00 tzinfo=Asia/Bangkok
2025-07-03 16:56:43,931 - app.services.face_service - INFO - Original filename: original_20250703165642384839_foto wedding.jpeg
2025-07-03 16:56:43,955 - app.functions.image_processor - INFO - Image saved successfully to: C:\Users\HiDigi\OneDrive\Desktop\WebDev\FacialRecognition\app_data\temp_images\preview_20250703165643931623_foto wedding.jpeg
2025-07-03 16:56:43,956 - app.services.face_service - INFO - Preview image saved to C:\Users\HiDigi\OneDrive\Desktop\WebDev\FacialRecognition\app_data\temp_images\preview_20250703165643931623_foto wedding.jpeg
2025-07-03 16:56:43,957 - app.api.v1.file_router - INFO - [upload-preview] Returning detection_time=2025-07-03T16:56:43.926694+07:00 for file=foto wedding.jpeg
2025-07-03 16:56:45,960 - app.services.face_service - INFO - Moved original image from temp to permanent: C:\Users\HiDigi\OneDrive\Desktop\WebDev\FacialRecognition\app_data\permanent_images\original_20250703165642384839_foto wedding.jpeg
2025-07-03 16:56:45,987 - app.services.face_service - INFO - ImageCount stored for C:\Users\HiDigi\OneDrive\Desktop\WebDev\FacialRecognition\app_data\permanent_images\original_20250703165642384839_foto wedding.jpeg
2025-07-03 16:56:45,987 - app.services.face_service - INFO - Deleted temporary preview image: C:\Users\HiDigi\OneDrive\Desktop\WebDev\FacialRecognition\app_data\temp_images\preview_20250703165643931623_foto wedding.jpeg
2025-07-03 16:56:55,290 - app.services.image_record_service - INFO - [cleanup_orphan_images] Found 10 orphan images
2025-07-03 16:56:55,291 - app.services.image_record_service - INFO - [cleanup_orphan_images] Deleting orphan image ID 1, path=C:\Users\HiDigi\OneDrive\Desktop\WebDev\FacialRecognition\app_data\permanent_images\original_20250703150635646676_foto wedding.jpeg
2025-07-03 16:56:55,291 - app.services.image_record_service - INFO - [cleanup_orphan_images] Deleting orphan image ID 2, path=C:\Users\HiDigi\OneDrive\Desktop\WebDev\FacialRecognition\app_data\permanent_images\original_20250703153824727677_foto wedding.jpeg
2025-07-03 16:56:55,292 - app.services.image_record_service - INFO - [cleanup_orphan_images] Deleting orphan image ID 3, path=C:\Users\HiDigi\OneDrive\Desktop\WebDev\FacialRecognition\app_data\permanent_images\original_20250703154155025539_foto wedding.jpeg
2025-07-03 16:56:55,292 - app.services.image_record_service - INFO - [cleanup_orphan_images] Deleting orphan image ID 4, path=C:\Users\HiDigi\OneDrive\Desktop\WebDev\FacialRecognition\app_data\permanent_images\original_20250703154932620898_foto wedding.jpeg
2025-07-03 16:56:55,292 - app.services.image_record_service - INFO - [cleanup_orphan_images] Deleting orphan image ID 5, path=C:\Users\HiDigi\OneDrive\Desktop\WebDev\FacialRecognition\app_data\permanent_images\original_20250703155227187654_foto wedding.jpeg
2025-07-03 16:56:55,293 - app.services.image_record_service - INFO - [cleanup_orphan_images] Deleting orphan image ID 6, path=C:\Users\HiDigi\OneDrive\Desktop\WebDev\FacialRecognition\app_data\permanent_images\original_20250703155604981859_foto wedding.jpeg
2025-07-03 16:56:55,293 - app.services.image_record_service - INFO - [cleanup_orphan_images] Deleting orphan image ID 7, path=C:\Users\HiDigi\OneDrive\Desktop\WebDev\FacialRecognition\app_data\permanent_images\original_20250703164653554988_foto wedding.jpeg
2025-07-03 16:56:55,293 - app.services.image_record_service - INFO - [cleanup_orphan_images] Deleting orphan image ID 8, path=C:\Users\HiDigi\OneDrive\Desktop\WebDev\FacialRecognition\app_data\permanent_images\original_20250703165044929856_foto wedding.jpeg
2025-07-03 16:56:55,293 - app.services.image_record_service - INFO - [cleanup_orphan_images] Deleting orphan image ID 9, path=C:\Users\HiDigi\OneDrive\Desktop\WebDev\FacialRecognition\app_data\permanent_images\original_20250703165209333728_foto wedding.jpeg
2025-07-03 16:56:55,294 - app.services.image_record_service - INFO - [cleanup_orphan_images] Deleting orphan image ID 10, path=C:\Users\HiDigi\OneDrive\Desktop\WebDev\FacialRecognition\app_data\permanent_images\original_20250703165431074803_foto wedding.jpeg
2025-07-03 16:56:55,303 - app.services.image_record_service - INFO - [cleanup_orphan_images] Orphan images deleted and committed
2025-07-03 16:56:55,307 - app.services.image_record_service - INFO - [cleanup_orphan_images] Found 1 orphan images
2025-07-03 16:56:55,307 - app.services.image_record_service - INFO - [cleanup_orphan_images] Deleting orphan image ID 11, path=C:\Users\HiDigi\OneDrive\Desktop\WebDev\FacialRecognition\app_data\permanent_images\original_20250703165642384839_foto wedding.jpeg
2025-07-03 16:56:55,311 - app.services.image_record_service - ERROR - Error deleting image records for record ID 34: (sqlalchemy.dialects.postgresql.asyncpg.IntegrityError) <class 'asyncpg.exceptions.NotNullViolationError'>: null value in column "image_id" of relation "image_counts" violates not-null constraint
DETAIL:  Failing row contains (null, 2, 2025-07-03 16:56:43.926694+07, 10).
[SQL: UPDATE image_counts SET image_id=$1::INTEGER WHERE image_counts.image_count_id = $2::INTEGER]
[parameters: (None, 10)]
(Background on this error at: https://sqlalche.me/e/20/gkpj)
2025-07-03 17:00:50,769 - app.main - INFO - Shutting down...
2025-07-03 17:00:54,338 - app.main - INFO - Initializing database...
2025-07-03 17:00:54,554 - app.main - INFO - Database initialized.
2025-07-03 17:01:01,312 - app.api.v1.file_router - INFO - [upload-preview] Received batch_tag=
2025-07-03 17:01:01,313 - app.api.v1.file_router - INFO - [upload-preview] Processed file result: {'original_filename': 'foto wedding.jpeg', 'status': 'processing', 'message': '', 'preview_image_url': None, 'face_detections': [], 'batch_tag': ''}
2025-07-03 17:01:02,853 - app.functions.image_processor - INFO - Detected 2 face(s).
2025-07-03 17:01:02,854 - app.services.face_service - INFO - [process_image_for_review] detection_time=2025-07-03 17:01:02.854729+07:00 tzinfo=Asia/Bangkok
2025-07-03 17:01:02,862 - app.services.face_service - INFO - Original filename: original_20250703170101313039_foto wedding.jpeg
2025-07-03 17:01:02,895 - app.functions.image_processor - INFO - Image saved successfully to: C:\Users\HiDigi\OneDrive\Desktop\WebDev\FacialRecognition\app_data\temp_images\preview_20250703170102862723_foto wedding.jpeg
2025-07-03 17:01:02,896 - app.services.face_service - INFO - Preview image saved to C:\Users\HiDigi\OneDrive\Desktop\WebDev\FacialRecognition\app_data\temp_images\preview_20250703170102862723_foto wedding.jpeg
2025-07-03 17:01:02,897 - app.api.v1.file_router - INFO - [upload-preview] Returning detection_time=2025-07-03T17:01:02.854729+07:00 for file=foto wedding.jpeg
2025-07-03 17:01:04,836 - app.services.face_service - INFO - Moved original image from temp to permanent: C:\Users\HiDigi\OneDrive\Desktop\WebDev\FacialRecognition\app_data\permanent_images\original_20250703170101313039_foto wedding.jpeg
2025-07-03 17:01:04,868 - app.services.face_service - INFO - ImageCount stored for C:\Users\HiDigi\OneDrive\Desktop\WebDev\FacialRecognition\app_data\permanent_images\original_20250703170101313039_foto wedding.jpeg
2025-07-03 17:01:04,869 - app.services.face_service - INFO - Deleted temporary preview image: C:\Users\HiDigi\OneDrive\Desktop\WebDev\FacialRecognition\app_data\temp_images\preview_20250703170102862723_foto wedding.jpeg
2025-07-03 17:01:09,431 - app.services.image_record_service - INFO - [cleanup_orphan_images] Found 1 orphan images
2025-07-03 17:01:09,433 - app.services.image_record_service - ERROR - Error deleting image records for record ID 35: greenlet_spawn has not been called; can't call await_only() here. Was IO attempted in an unexpected place? (Background on this error at: https://sqlalche.me/e/20/xd2s)
2025-07-03 19:34:08,906 - app.main - INFO - Initializing database...
2025-07-03 19:34:11,745 - app.main - INFO - Database initialized.
2025-07-03 19:44:15,042 - app.api.v1.file_router - INFO - [upload-preview] Received batch_tag=
2025-07-03 19:44:15,043 - app.api.v1.file_router - INFO - [upload-preview] Processed file result: {'original_filename': 'foto wedding.jpeg', 'status': 'processing', 'message': '', 'preview_image_url': None, 'face_detections': [], 'batch_tag': ''}
2025-07-03 19:44:16,901 - app.functions.image_processor - INFO - Detected 2 face(s).
2025-07-03 19:44:16,902 - app.services.face_service - INFO - [process_image_for_review] detection_time=2025-07-03 19:44:16.902300+07:00 tzinfo=Asia/Bangkok
2025-07-03 19:44:16,915 - app.services.face_service - INFO - Original filename: original_20250703194415043963_foto wedding.jpeg
2025-07-03 19:44:16,971 - app.functions.image_processor - INFO - Image saved successfully to: C:\Users\HiDigi\OneDrive\Desktop\WebDev\FacialRecognition\app_data\temp_images\preview_20250703194416916292_foto wedding.jpeg
2025-07-03 19:44:16,971 - app.services.face_service - INFO - Preview image saved to C:\Users\HiDigi\OneDrive\Desktop\WebDev\FacialRecognition\app_data\temp_images\preview_20250703194416916292_foto wedding.jpeg
2025-07-03 19:44:16,973 - app.api.v1.file_router - INFO - [upload-preview] Returning detection_time=2025-07-03T19:44:16.902300+07:00 for file=foto wedding.jpeg
2025-07-03 19:44:23,454 - app.services.face_service - INFO - Moved original image from temp to permanent: C:\Users\HiDigi\OneDrive\Desktop\WebDev\FacialRecognition\app_data\permanent_images\original_20250703194415043963_foto wedding.jpeg
2025-07-03 19:44:23,512 - app.services.face_service - INFO - ImageCount stored for C:\Users\HiDigi\OneDrive\Desktop\WebDev\FacialRecognition\app_data\permanent_images\original_20250703194415043963_foto wedding.jpeg
2025-07-03 19:44:23,513 - app.services.face_service - INFO - Deleted temporary preview image: C:\Users\HiDigi\OneDrive\Desktop\WebDev\FacialRecognition\app_data\temp_images\preview_20250703194416916292_foto wedding.jpeg
2025-07-03 19:44:30,974 - app.services.image_record_service - ERROR - Error deleting image records for record ID 37: name 'func' is not defined
2025-07-03 19:45:56,896 - app.main - INFO - Shutting down...
2025-07-03 19:46:05,769 - app.main - INFO - Initializing database...
2025-07-03 19:46:05,861 - app.main - INFO - Database initialized.
2025-07-03 19:46:21,748 - app.api.v1.file_router - INFO - [upload-preview] Received batch_tag=
2025-07-03 19:46:21,749 - app.api.v1.file_router - INFO - [upload-preview] Processed file result: {'original_filename': 'foto wedding.jpeg', 'status': 'processing', 'message': '', 'preview_image_url': None, 'face_detections': [], 'batch_tag': ''}
2025-07-03 19:46:23,542 - app.functions.image_processor - INFO - Detected 2 face(s).
2025-07-03 19:46:23,543 - app.services.face_service - INFO - [process_image_for_review] detection_time=2025-07-03 19:46:23.543660+07:00 tzinfo=Asia/Bangkok
2025-07-03 19:46:23,552 - app.services.face_service - INFO - Original filename: original_20250703194621749574_foto wedding.jpeg
2025-07-03 19:46:23,585 - app.functions.image_processor - INFO - Image saved successfully to: C:\Users\HiDigi\OneDrive\Desktop\WebDev\FacialRecognition\app_data\temp_images\preview_20250703194623553664_foto wedding.jpeg
2025-07-03 19:46:23,586 - app.services.face_service - INFO - Preview image saved to C:\Users\HiDigi\OneDrive\Desktop\WebDev\FacialRecognition\app_data\temp_images\preview_20250703194623553664_foto wedding.jpeg
2025-07-03 19:46:23,587 - app.api.v1.file_router - INFO - [upload-preview] Returning detection_time=2025-07-03T19:46:23.543660+07:00 for file=foto wedding.jpeg
2025-07-03 19:46:26,810 - app.services.face_service - INFO - Moved original image from temp to permanent: C:\Users\HiDigi\OneDrive\Desktop\WebDev\FacialRecognition\app_data\permanent_images\original_20250703194621749574_foto wedding.jpeg
2025-07-03 19:46:26,842 - app.services.face_service - INFO - ImageCount stored for C:\Users\HiDigi\OneDrive\Desktop\WebDev\FacialRecognition\app_data\permanent_images\original_20250703194621749574_foto wedding.jpeg
2025-07-03 19:46:26,843 - app.services.face_service - INFO - Deleted temporary preview image: C:\Users\HiDigi\OneDrive\Desktop\WebDev\FacialRecognition\app_data\temp_images\preview_20250703194623553664_foto wedding.jpeg
2025-07-03 19:46:39,919 - app.services.image_record_service - INFO - [cleanup_orphan_images] Found 1 orphan images
2025-07-03 19:46:39,919 - app.services.image_record_service - INFO - [cleanup_orphan_images] Deleting ImageCount for image ID 11
2025-07-03 19:46:39,920 - app.services.image_record_service - INFO - [cleanup_orphan_images] Deleting orphan image ID 11
2025-07-03 19:46:39,924 - app.services.image_record_service - INFO - [cleanup_orphan_images] Orphan images deleted and committed
2025-07-03 19:46:39,929 - app.services.image_record_service - INFO - [cleanup_orphan_images] Found 1 orphan images
2025-07-03 19:46:39,929 - app.services.image_record_service - INFO - [cleanup_orphan_images] Deleting ImageCount for image ID 14
2025-07-03 19:46:39,929 - app.services.image_record_service - INFO - [cleanup_orphan_images] Deleting orphan image ID 14
2025-07-03 19:46:39,931 - app.services.image_record_service - INFO - [cleanup_orphan_images] Orphan images deleted and committed
2025-07-03 19:46:47,582 - app.services.image_record_service - INFO - [cleanup_orphan_images] Found 1 orphan images
2025-07-03 19:46:47,582 - app.services.image_record_service - INFO - [cleanup_orphan_images] Deleting ImageCount for image ID 13
2025-07-03 19:46:47,583 - app.services.image_record_service - INFO - [cleanup_orphan_images] Deleting orphan image ID 13
2025-07-03 19:46:47,585 - app.services.image_record_service - INFO - [cleanup_orphan_images] Orphan images deleted and committed
2025-07-03 19:46:48,581 - app.services.image_record_service - INFO - [cleanup_orphan_images] Found 1 orphan images
2025-07-03 19:46:48,582 - app.services.image_record_service - INFO - [cleanup_orphan_images] Deleting ImageCount for image ID 12
2025-07-03 19:46:48,582 - app.services.image_record_service - INFO - [cleanup_orphan_images] Deleting orphan image ID 12
2025-07-03 19:46:48,585 - app.services.image_record_service - INFO - [cleanup_orphan_images] Orphan images deleted and committed
2025-07-03 19:53:50,607 - app.main - INFO - Shutting down...
2025-07-03 19:56:02,336 - app.main - INFO - Initializing database...
2025-07-03 19:56:02,512 - app.main - INFO - Database initialized.
2025-07-03 20:00:00,120 - app.api.v1.file_router - INFO - [upload-preview] Received batch_tag=
2025-07-03 20:00:00,121 - app.api.v1.file_router - INFO - [upload-preview] Processed file result: {'original_filename': 'PHR03.jpeg', 'status': 'processing', 'message': '', 'preview_image_url': None, 'face_detections': [], 'batch_tag': ''}
2025-07-03 20:00:01,552 - app.functions.image_processor - INFO - Detected 3 face(s).
2025-07-03 20:00:01,552 - app.services.face_service - INFO - [process_image_for_review] detection_time=2025-07-03 20:00:01.552189+07:00 tzinfo=Asia/Bangkok
2025-07-03 20:00:01,560 - app.services.face_service - INFO - Original filename: original_20250703200000121221_PHR03.jpeg
2025-07-03 20:00:01,578 - app.functions.image_processor - INFO - Image saved successfully to: C:\Users\HiDigi\OneDrive\Desktop\WebDev\FacialRecognition\app_data\temp_images\preview_20250703200001560182_PHR03.jpeg
2025-07-03 20:00:01,578 - app.services.face_service - INFO - Preview image saved to C:\Users\HiDigi\OneDrive\Desktop\WebDev\FacialRecognition\app_data\temp_images\preview_20250703200001560182_PHR03.jpeg
2025-07-03 20:00:01,579 - app.api.v1.file_router - INFO - [upload-preview] Returning detection_time=2025-07-03T20:00:01.552189+07:00 for file=PHR03.jpeg
2025-07-03 20:14:27,411 - app.api.v1.file_router - INFO - [upload-preview] Received batch_tag=
2025-07-03 20:14:27,412 - app.api.v1.file_router - INFO - [upload-preview] Processed file result: {'original_filename': 'foto wedding.jpeg', 'status': 'processing', 'message': '', 'preview_image_url': None, 'face_detections': [], 'batch_tag': ''}
2025-07-03 20:14:29,031 - app.functions.image_processor - INFO - Detected 2 face(s).
2025-07-03 20:14:29,031 - app.services.face_service - INFO - [process_image_for_review] detection_time=2025-07-03 20:14:29.031876+07:00 tzinfo=Asia/Bangkok
2025-07-03 20:14:29,036 - app.services.face_service - INFO - Original filename: original_20250703201427413625_foto wedding.jpeg
2025-07-03 20:14:29,065 - app.functions.image_processor - INFO - Image saved successfully to: C:\Users\HiDigi\OneDrive\Desktop\WebDev\FacialRecognition\app_data\temp_images\preview_20250703201429036866_foto wedding.jpeg
2025-07-03 20:14:29,066 - app.services.face_service - INFO - Preview image saved to C:\Users\HiDigi\OneDrive\Desktop\WebDev\FacialRecognition\app_data\temp_images\preview_20250703201429036866_foto wedding.jpeg
2025-07-03 20:14:29,067 - app.api.v1.file_router - INFO - [upload-preview] Returning detection_time=2025-07-03T20:14:29.031876+07:00 for file=foto wedding.jpeg
2025-07-03 20:18:30,386 - app.main - INFO - Shutting down...
2025-07-03 20:18:34,193 - app.main - INFO - Initializing database...
2025-07-03 20:18:34,275 - app.main - INFO - Database initialized.
2025-07-03 20:18:49,957 - app.api.v1.file_router - INFO - [upload-preview] Received batch_tag=
2025-07-03 20:18:49,957 - app.api.v1.file_router - INFO - [upload-preview] Processed file result: {'original_filename': 'PHR03.jpeg', 'status': 'processing', 'message': '', 'preview_image_url': None, 'face_detections': [], 'batch_tag': ''}
2025-07-03 20:18:51,432 - app.functions.image_processor - INFO - Detected 3 face(s).
2025-07-03 20:18:51,433 - app.services.face_service - INFO - [process_image_for_review] detection_time=2025-07-03 20:18:51.433375+07:00 tzinfo=Asia/Bangkok
2025-07-03 20:18:51,450 - app.services.face_service - INFO - Original filename: original_20250703201849958910_PHR03.jpeg
2025-07-03 20:18:51,468 - app.functions.image_processor - INFO - Image saved successfully to: C:\Users\HiDigi\OneDrive\Desktop\WebDev\FacialRecognition\app_data\temp_images\preview_20250703201851450522_PHR03.jpeg
2025-07-03 20:18:51,468 - app.services.face_service - INFO - Preview image saved to C:\Users\HiDigi\OneDrive\Desktop\WebDev\FacialRecognition\app_data\temp_images\preview_20250703201851450522_PHR03.jpeg
2025-07-03 20:18:51,469 - app.api.v1.file_router - INFO - [upload-preview] Returning detection_time=2025-07-03T20:18:51.433375+07:00 for file=PHR03.jpeg
2025-07-03 20:19:06,352 - app.main - INFO - Shutting down...
2025-07-03 20:19:10,213 - app.main - INFO - Initializing database...
2025-07-03 20:19:10,313 - app.main - INFO - Database initialized.
2025-07-03 20:19:30,387 - app.api.v1.file_router - INFO - [upload-preview] Received batch_tag=
2025-07-03 20:19:30,387 - app.api.v1.file_router - INFO - [upload-preview] Processed file result: {'original_filename': 'PHR03.jpeg', 'status': 'processing', 'message': '', 'preview_image_url': None, 'face_detections': [], 'batch_tag': ''}
2025-07-03 20:19:31,876 - app.functions.image_processor - INFO - Detected 3 face(s).
2025-07-03 20:19:31,877 - app.services.face_service - INFO - [process_image_for_review] detection_time=2025-07-03 20:19:31.876050+07:00 tzinfo=Asia/Bangkok
2025-07-03 20:19:31,893 - app.services.face_service - INFO - Original filename: original_20250703201930388109_PHR03.jpeg
2025-07-03 20:19:31,911 - app.functions.image_processor - INFO - Image saved successfully to: C:\Users\HiDigi\OneDrive\Desktop\WebDev\FacialRecognition\app_data\temp_images\preview_20250703201931894923_PHR03.jpeg
2025-07-03 20:19:31,912 - app.services.face_service - INFO - Preview image saved to C:\Users\HiDigi\OneDrive\Desktop\WebDev\FacialRecognition\app_data\temp_images\preview_20250703201931894923_PHR03.jpeg
2025-07-03 20:19:31,913 - app.api.v1.file_router - INFO - [upload-preview] Returning detection_time=2025-07-03T20:19:31.876050+07:00 for file=PHR03.jpeg
2025-07-03 20:34:14,250 - app.main - INFO - Shutting down...
2025-07-03 20:47:06,882 - app.main - INFO - Initializing database...
2025-07-03 20:47:06,966 - app.main - INFO - Database initialized.
2025-07-03 20:50:17,867 - app.main - INFO - Shutting down...
2025-07-03 20:54:45,647 - app.main - INFO - Initializing database...
2025-07-03 20:54:45,731 - app.main - INFO - Database initialized.
2025-07-03 20:55:30,112 - app.main - INFO - Shutting down...
2025-07-03 20:55:33,938 - app.main - INFO - Initializing database...
2025-07-03 20:55:34,015 - app.main - INFO - Database initialized.
2025-07-03 20:57:16,215 - app.main - INFO - Shutting down...
2025-07-03 20:57:19,886 - app.main - INFO - Initializing database...
2025-07-03 20:57:19,974 - app.main - INFO - Database initialized.
2025-07-03 21:04:46,697 - app.main - INFO - Shutting down...
2025-07-03 21:05:21,393 - app.main - INFO - Initializing database...
2025-07-03 21:05:21,520 - app.main - INFO - Database initialized.
2025-07-03 21:57:50,797 - app.main - INFO - Shutting down...
2025-07-03 21:58:00,690 - app.main - INFO - Initializing database...
2025-07-03 21:58:00,788 - app.main - INFO - Database initialized.
2025-07-03 22:03:07,052 - app.main - INFO - Initializing database...
2025-07-03 22:03:07,129 - app.main - INFO - Starting simulated camera feeds...
2025-07-03 22:09:02,608 - app.main - INFO - Initializing database...
2025-07-03 22:09:02,683 - app.main - INFO - Starting simulated camera feeds...
2025-07-03 22:10:03,329 - app.main - INFO - Shutting down...
2025-07-03 22:10:08,737 - app.main - INFO - Initializing database...
2025-07-03 22:10:08,814 - app.main - INFO - Starting simulated camera feeds...
2025-07-03 22:11:47,766 - app.main - INFO - Shutting down...
2025-07-03 22:11:51,802 - app.main - INFO - Initializing database...
2025-07-03 22:11:51,879 - app.main - INFO - Starting simulated camera feeds...
2025-07-03 22:12:26,233 - asyncio - ERROR - Task exception was never retrieved
future: <Task finished name='Task-4' coro=<start_camera_feeds() done, defined at C:\Users\HiDigi\OneDrive\Desktop\WebDev\FacialRecognition\app\camera\camera_simulator.py:35> exception=WebSocketDisconnect()>
Traceback (most recent call last):
  File "c:\Users\HiDigi\OneDrive\Desktop\WebDev\FacialRecognition\.venv\lib\site-packages\websockets\legacy\protocol.py", line 945, in transfer_data
    message = await self.read_message()
  File "c:\Users\HiDigi\OneDrive\Desktop\WebDev\FacialRecognition\.venv\lib\site-packages\websockets\legacy\protocol.py", line 1015, in read_message
    frame = await self.read_data_frame(max_size=self.max_size)
  File "c:\Users\HiDigi\OneDrive\Desktop\WebDev\FacialRecognition\.venv\lib\site-packages\websockets\legacy\protocol.py", line 1090, in read_data_frame
    frame = await self.read_frame(max_size)
  File "c:\Users\HiDigi\OneDrive\Desktop\WebDev\FacialRecognition\.venv\lib\site-packages\websockets\legacy\protocol.py", line 1147, in read_frame
    frame = await Frame.read(
  File "c:\Users\HiDigi\OneDrive\Desktop\WebDev\FacialRecognition\.venv\lib\site-packages\websockets\legacy\framing.py", line 71, in read
    data = await reader(2)
  File "C:\Users\HiDigi\AppData\Local\Programs\Python\Python310\lib\asyncio\streams.py", line 708, in readexactly
    await self._wait_for_data('readexactly')
  File "C:\Users\HiDigi\AppData\Local\Programs\Python\Python310\lib\asyncio\streams.py", line 502, in _wait_for_data
    await self._waiter
asyncio.exceptions.CancelledError

The above exception was the direct cause of the following exception:

Traceback (most recent call last):
  File "c:\Users\HiDigi\OneDrive\Desktop\WebDev\FacialRecognition\.venv\lib\site-packages\uvicorn\protocols\websockets\websockets_impl.py", line 331, in asgi_send
    await self.send(data)  # type: ignore[arg-type]
  File "c:\Users\HiDigi\OneDrive\Desktop\WebDev\FacialRecognition\.venv\lib\site-packages\websockets\legacy\protocol.py", line 620, in send
    await self.ensure_open()
  File "c:\Users\HiDigi\OneDrive\Desktop\WebDev\FacialRecognition\.venv\lib\site-packages\websockets\legacy\protocol.py", line 921, in ensure_open
    raise self.connection_closed_exc()
websockets.exceptions.ConnectionClosedError: sent 1012 (service restart); no close frame received

The above exception was the direct cause of the following exception:

Traceback (most recent call last):
  File "c:\Users\HiDigi\OneDrive\Desktop\WebDev\FacialRecognition\.venv\lib\site-packages\starlette\websockets.py", line 85, in send
    await self._send(message)
  File "c:\Users\HiDigi\OneDrive\Desktop\WebDev\FacialRecognition\.venv\lib\site-packages\starlette\_exception_handler.py", line 48, in sender
    await send(message)
  File "c:\Users\HiDigi\OneDrive\Desktop\WebDev\FacialRecognition\.venv\lib\site-packages\uvicorn\protocols\websockets\websockets_impl.py", line 344, in asgi_send
    raise ClientDisconnected from exc
uvicorn.protocols.utils.ClientDisconnected

During handling of the above exception, another exception occurred:

Traceback (most recent call last):
  File "C:\Users\HiDigi\OneDrive\Desktop\WebDev\FacialRecognition\app\camera\camera_simulator.py", line 36, in start_camera_feeds
    await asyncio.gather(
  File "C:\Users\HiDigi\OneDrive\Desktop\WebDev\FacialRecognition\app\camera\camera_simulator.py", line 25, in simulate_camera
    await broadcast_frame(camera_id, filename)
  File "C:\Users\HiDigi\OneDrive\Desktop\WebDev\FacialRecognition\app\api\v1\ws_router.py", line 33, in broadcast_frame
    await ws.send_json(payload)
  File "c:\Users\HiDigi\OneDrive\Desktop\WebDev\FacialRecognition\.venv\lib\site-packages\starlette\websockets.py", line 175, in send_json
    await self.send({"type": "websocket.send", "text": text})
  File "c:\Users\HiDigi\OneDrive\Desktop\WebDev\FacialRecognition\.venv\lib\site-packages\starlette\websockets.py", line 88, in send
    raise WebSocketDisconnect(code=1006)
starlette.websockets.WebSocketDisconnect
2025-07-04 11:57:48,066 - app.main - INFO - Initializing database...
2025-07-04 11:57:48,238 - app.main - INFO - Starting simulated camera feeds...
2025-07-04 11:57:52,730 - app.main - INFO - Shutting down...
2025-07-04 12:01:50,761 - app.main - INFO - Initializing database...
2025-07-04 12:01:50,843 - app.main - INFO - Starting simulated camera feeds...
2025-07-04 12:02:49,011 - asyncio - ERROR - Task exception was never retrieved
future: <Task finished name='Task-4' coro=<start_camera_feeds() done, defined at C:\Users\HiDigi\OneDrive\Desktop\WebDev\FacialRecognition\app\camera\camera_simulator.py:35> exception=WebSocketDisconnect()>
Traceback (most recent call last):
  File "c:\Users\HiDigi\OneDrive\Desktop\WebDev\FacialRecognition\.venv\lib\site-packages\websockets\legacy\protocol.py", line 945, in transfer_data
    message = await self.read_message()
  File "c:\Users\HiDigi\OneDrive\Desktop\WebDev\FacialRecognition\.venv\lib\site-packages\websockets\legacy\protocol.py", line 1015, in read_message
    frame = await self.read_data_frame(max_size=self.max_size)
  File "c:\Users\HiDigi\OneDrive\Desktop\WebDev\FacialRecognition\.venv\lib\site-packages\websockets\legacy\protocol.py", line 1090, in read_data_frame
    frame = await self.read_frame(max_size)
  File "c:\Users\HiDigi\OneDrive\Desktop\WebDev\FacialRecognition\.venv\lib\site-packages\websockets\legacy\protocol.py", line 1147, in read_frame
    frame = await Frame.read(
  File "c:\Users\HiDigi\OneDrive\Desktop\WebDev\FacialRecognition\.venv\lib\site-packages\websockets\legacy\framing.py", line 71, in read
    data = await reader(2)
  File "C:\Users\HiDigi\AppData\Local\Programs\Python\Python310\lib\asyncio\streams.py", line 708, in readexactly
    await self._wait_for_data('readexactly')
  File "C:\Users\HiDigi\AppData\Local\Programs\Python\Python310\lib\asyncio\streams.py", line 502, in _wait_for_data
    await self._waiter
asyncio.exceptions.CancelledError

The above exception was the direct cause of the following exception:

Traceback (most recent call last):
  File "c:\Users\HiDigi\OneDrive\Desktop\WebDev\FacialRecognition\.venv\lib\site-packages\uvicorn\protocols\websockets\websockets_impl.py", line 331, in asgi_send
    await self.send(data)  # type: ignore[arg-type]
  File "c:\Users\HiDigi\OneDrive\Desktop\WebDev\FacialRecognition\.venv\lib\site-packages\websockets\legacy\protocol.py", line 620, in send
    await self.ensure_open()
  File "c:\Users\HiDigi\OneDrive\Desktop\WebDev\FacialRecognition\.venv\lib\site-packages\websockets\legacy\protocol.py", line 921, in ensure_open
    raise self.connection_closed_exc()
websockets.exceptions.ConnectionClosedError: sent 1012 (service restart); no close frame received

The above exception was the direct cause of the following exception:

Traceback (most recent call last):
  File "c:\Users\HiDigi\OneDrive\Desktop\WebDev\FacialRecognition\.venv\lib\site-packages\starlette\websockets.py", line 85, in send
    await self._send(message)
  File "c:\Users\HiDigi\OneDrive\Desktop\WebDev\FacialRecognition\.venv\lib\site-packages\starlette\_exception_handler.py", line 48, in sender
    await send(message)
  File "c:\Users\HiDigi\OneDrive\Desktop\WebDev\FacialRecognition\.venv\lib\site-packages\uvicorn\protocols\websockets\websockets_impl.py", line 344, in asgi_send
    raise ClientDisconnected from exc
uvicorn.protocols.utils.ClientDisconnected

During handling of the above exception, another exception occurred:

Traceback (most recent call last):
  File "C:\Users\HiDigi\OneDrive\Desktop\WebDev\FacialRecognition\app\camera\camera_simulator.py", line 36, in start_camera_feeds
    await asyncio.gather(
  File "C:\Users\HiDigi\OneDrive\Desktop\WebDev\FacialRecognition\app\camera\camera_simulator.py", line 25, in simulate_camera
    await broadcast_frame(camera_id, filename)
  File "C:\Users\HiDigi\OneDrive\Desktop\WebDev\FacialRecognition\app\api\v1\ws_router.py", line 33, in broadcast_frame
    await ws.send_json(payload)
  File "c:\Users\HiDigi\OneDrive\Desktop\WebDev\FacialRecognition\.venv\lib\site-packages\starlette\websockets.py", line 175, in send_json
    await self.send({"type": "websocket.send", "text": text})
  File "c:\Users\HiDigi\OneDrive\Desktop\WebDev\FacialRecognition\.venv\lib\site-packages\starlette\websockets.py", line 88, in send
    raise WebSocketDisconnect(code=1006)
starlette.websockets.WebSocketDisconnect
2025-07-04 12:05:48,651 - app.main - INFO - Initializing database...
2025-07-04 12:05:48,733 - app.main - INFO - Starting simulated camera feeds...
2025-07-04 12:14:18,086 - app.main - INFO - Initializing database...
2025-07-04 12:14:18,164 - app.main - INFO - Starting simulated camera feeds...
2025-07-04 12:14:34,764 - app.main - INFO - Shutting down...
2025-07-04 12:15:12,389 - app.main - INFO - Initializing database...
2025-07-04 12:15:12,466 - app.main - INFO - Starting simulated camera feeds...
2025-07-04 12:15:26,575 - app.main - INFO - Shutting down...
2025-07-04 13:27:22,334 - app.main - INFO - Initializing database...
2025-07-04 13:27:22,619 - app.main - INFO - CCTV System starting up...
2025-07-04 13:36:50,907 - app.services.camera_manager - ERROR - Add camera error: Failed to open 0
2025-07-04 13:38:48,307 - app.main - INFO - CCTV System shutting down...
2025-07-04 13:38:48,308 - app.main - INFO - Cleanup complete
2025-07-04 13:38:48,308 - app.main - INFO - Shutting down...
2025-07-04 13:39:11,908 - app.main - INFO - Initializing database...
2025-07-04 13:39:11,999 - app.main - INFO - CCTV System starting up...
2025-07-04 13:39:29,543 - app.services.camera_manager - INFO - Camera webcam1 added (web)
2025-07-04 13:48:29,869 - app.main - INFO - Initializing database...
2025-07-04 13:48:29,957 - app.main - INFO - CCTV System starting up...
2025-07-04 13:48:55,005 - app.services.camera_manager - INFO - Camera webcam1 added (web)
2025-07-04 14:00:32,719 - app.main - INFO - Ensuring C:\Users\HiDigi\OneDrive\Desktop\WebDev\FacialRecognition\static\images exists...
2025-07-04 14:01:13,934 - app.main - INFO - Ensuring C:\Users\HiDigi\OneDrive\Desktop\WebDev\FacialRecognition\static\images exists...
2025-07-04 14:01:31,845 - app.main - INFO - Ensuring C:\Users\HiDigi\OneDrive\Desktop\WebDev\FacialRecognition\static\images exists...
2025-07-04 14:02:47,827 - app.main - INFO - Ensuring C:\Users\HiDigi\OneDrive\Desktop\WebDev\FacialRecognition\static\images exists…
2025-07-04 14:02:47,860 - app.main - INFO - Initializing database...
2025-07-04 14:02:47,941 - app.main - INFO - CCTV System starting up...
2025-07-04 14:03:12,769 - app.services.camera_manager - INFO - Camera webcam1 added (web)
2025-07-04 14:06:37,162 - app.main - INFO - Ensuring C:\Users\HiDigi\OneDrive\Desktop\WebDev\FacialRecognition\static\images exists…
2025-07-04 14:06:37,202 - app.main - INFO - Initializing database...
2025-07-04 14:06:37,294 - app.main - INFO - CCTV System starting up...
2025-07-04 14:06:48,268 - app.services.camera_manager - INFO - Camera webcam1 added (web)
2025-07-04 14:21:09,835 - app.main - INFO - Ensuring C:\Users\HiDigi\OneDrive\Desktop\WebDev\FacialRecognition\static\images exists…
2025-07-04 14:21:09,871 - app.main - INFO - Initializing database...
2025-07-04 14:21:10,004 - app.main - INFO - CCTV System starting up...
2025-07-04 14:21:19,817 - app.services.camera_manager - INFO - Camera webcam1 added (web)
2025-07-04 14:22:07,288 - app.api.v1.ws_router - INFO - [WS] Client connected -> total clients = 1
2025-07-04 14:24:37,462 - app.api.v1.ws_router - INFO - [WS] Client disconnected -> total clients = 0
2025-07-04 14:24:37,769 - app.api.v1.ws_router - INFO - [WS] Client connected -> total clients = 1
2025-07-04 14:24:51,852 - app.api.v1.ws_router - INFO - [WS] Client disconnected -> total clients = 0
2025-07-04 14:24:52,567 - app.api.v1.ws_router - INFO - [WS] Client connected -> total clients = 1
2025-07-04 14:29:41,768 - app.api.v1.ws_router - INFO - [WS] Client disconnected -> total clients = 0
2025-07-04 14:29:41,886 - app.main - INFO - CCTV System shutting down...
2025-07-04 14:29:42,161 - app.main - INFO - Cleanup complete
2025-07-04 14:29:42,161 - app.main - INFO - Shutting down...
2025-07-04 14:29:48,611 - app.main - INFO - Ensuring C:\Users\HiDigi\OneDrive\Desktop\WebDev\FacialRecognition\static\images exists…
2025-07-04 14:29:48,642 - app.main - INFO - Initializing database...
2025-07-04 14:29:48,715 - app.main - INFO - CCTV System starting up...
2025-07-04 14:30:02,702 - app.services.camera_manager - INFO - Camera webcam1 added (web)
2025-07-04 14:30:32,080 - app.api.v1.ws_router - INFO - [WS] Client connected -> total clients = 1
2025-07-04 14:32:48,666 - app.api.v1.ws_router - INFO - [WS] Client disconnected -> total clients = 0
2025-07-04 14:32:48,762 - app.main - INFO - CCTV System shutting down...
2025-07-04 14:32:49,034 - app.main - INFO - Cleanup complete
2025-07-04 14:32:49,035 - app.main - INFO - Shutting down...
2025-07-04 14:32:53,249 - app.main - INFO - Ensuring C:\Users\HiDigi\OneDrive\Desktop\WebDev\FacialRecognition\static\images exists…
2025-07-04 14:32:53,281 - app.main - INFO - Initializing database...
2025-07-04 14:32:53,365 - app.main - INFO - CCTV System starting up...
2025-07-04 14:33:07,521 - app.services.camera_manager - INFO - Camera webcam1 added (web)
2025-07-04 14:33:22,012 - app.api.v1.ws_router - INFO - [WS] Client connected -> total clients = 1
2025-07-04 14:34:19,616 - app.api.v1.ws_router - INFO - [WS] Client disconnected -> total clients = 0
2025-07-04 14:34:19,714 - app.main - INFO - CCTV System shutting down...
2025-07-04 14:34:19,983 - app.main - INFO - Cleanup complete
2025-07-04 14:34:19,983 - app.main - INFO - Shutting down...
2025-07-04 14:34:38,071 - app.main - INFO - Ensuring C:\Users\HiDigi\OneDrive\Desktop\WebDev\FacialRecognition\static\images exists…
2025-07-04 14:34:38,102 - app.main - INFO - Initializing database...
2025-07-04 14:34:38,179 - app.main - INFO - CCTV System starting up...
2025-07-04 14:37:09,863 - app.services.camera_manager - INFO - Camera webcam1 added (web)
2025-07-04 14:37:12,859 - app.services.camera_manager - INFO - [webcam1] entering stream loop (fps=15)
2025-07-04 14:37:12,860 - app.services.camera_manager - INFO - [webcam1] — iteration 0, calling cap.read()
2025-07-04 14:37:12,860 - app.services.camera_manager - INFO - [webcam1] — cap.read() returned ret=True
2025-07-04 14:37:12,862 - app.services.camera_manager - INFO - [webcam1] saving to C:\Users\HiDigi\OneDrive\Desktop\WebDev\FacialRecognition\static\images\frame_webcam1_bc1d255c-ebfb-46cf-96de-b96d66dd456c.jpg
2025-07-04 14:37:12,869 - app.services.camera_manager - INFO - [webcam1] cv2.imwrite() returned True
2025-07-04 14:37:12,923 - app.services.camera_manager - INFO - [webcam1] — iteration 1, calling cap.read()
2025-07-04 14:37:12,924 - app.services.camera_manager - INFO - [webcam1] — cap.read() returned ret=True
2025-07-04 14:37:12,925 - app.services.camera_manager - INFO - [webcam1] saving to C:\Users\HiDigi\OneDrive\Desktop\WebDev\FacialRecognition\static\images\frame_webcam1_0e109164-a00c-4d80-b05f-f267da9d293f.jpg
2025-07-04 14:37:12,930 - app.services.camera_manager - INFO - [webcam1] cv2.imwrite() returned True
2025-07-04 14:37:13,003 - app.services.camera_manager - INFO - [webcam1] — iteration 2, calling cap.read()
2025-07-04 14:37:13,004 - app.services.camera_manager - INFO - [webcam1] — cap.read() returned ret=True
2025-07-04 14:37:13,005 - app.services.camera_manager - INFO - [webcam1] saving to C:\Users\HiDigi\OneDrive\Desktop\WebDev\FacialRecognition\static\images\frame_webcam1_ee0128fd-2d23-494a-8d85-012322a64a1f.jpg
2025-07-04 14:37:13,010 - app.services.camera_manager - INFO - [webcam1] cv2.imwrite() returned True
2025-07-04 14:37:13,080 - app.services.camera_manager - INFO - [webcam1] — iteration 3, calling cap.read()
2025-07-04 14:37:13,083 - app.services.camera_manager - INFO - [webcam1] — cap.read() returned ret=True
2025-07-04 14:37:13,086 - app.services.camera_manager - INFO - [webcam1] saving to C:\Users\HiDigi\OneDrive\Desktop\WebDev\FacialRecognition\static\images\frame_webcam1_7f6de7be-bcbf-4004-a967-528983bfbb71.jpg
2025-07-04 14:37:13,092 - app.services.camera_manager - INFO - [webcam1] cv2.imwrite() returned True
2025-07-04 14:37:13,173 - app.services.camera_manager - INFO - [webcam1] — iteration 4, calling cap.read()
2025-07-04 14:37:13,175 - app.services.camera_manager - INFO - [webcam1] — cap.read() returned ret=True
2025-07-04 14:37:13,179 - app.services.camera_manager - INFO - [webcam1] saving to C:\Users\HiDigi\OneDrive\Desktop\WebDev\FacialRecognition\static\images\frame_webcam1_1a66ee04-55b9-4666-8f6f-6c6b98af1a8c.jpg
2025-07-04 14:37:13,190 - app.services.camera_manager - INFO - [webcam1] cv2.imwrite() returned True
2025-07-04 14:37:13,251 - app.services.camera_manager - INFO - [webcam1] — iteration 5, calling cap.read()
2025-07-04 14:37:13,252 - app.services.camera_manager - INFO - [webcam1] — cap.read() returned ret=True
2025-07-04 14:37:13,252 - app.services.camera_manager - INFO - [webcam1] saving to C:\Users\HiDigi\OneDrive\Desktop\WebDev\FacialRecognition\static\images\frame_webcam1_94dadcfc-d0db-4583-8271-1cb73b85eb34.jpg
2025-07-04 14:37:13,258 - app.services.camera_manager - INFO - [webcam1] cv2.imwrite() returned True
2025-07-04 14:37:13,328 - app.services.camera_manager - INFO - [webcam1] — iteration 6, calling cap.read()
2025-07-04 14:37:13,328 - app.services.camera_manager - INFO - [webcam1] — cap.read() returned ret=True
2025-07-04 14:37:13,330 - app.services.camera_manager - INFO - [webcam1] saving to C:\Users\HiDigi\OneDrive\Desktop\WebDev\FacialRecognition\static\images\frame_webcam1_4ad83538-1d3e-4ef7-95ad-3e183c808912.jpg
2025-07-04 14:37:13,335 - app.services.camera_manager - INFO - [webcam1] cv2.imwrite() returned True
2025-07-04 14:37:13,407 - app.services.camera_manager - INFO - [webcam1] — iteration 7, calling cap.read()
2025-07-04 14:37:13,408 - app.services.camera_manager - INFO - [webcam1] — cap.read() returned ret=True
2025-07-04 14:37:13,409 - app.services.camera_manager - INFO - [webcam1] saving to C:\Users\HiDigi\OneDrive\Desktop\WebDev\FacialRecognition\static\images\frame_webcam1_29926fbc-0a48-4f32-853e-3f49b67dad25.jpg
2025-07-04 14:37:13,415 - app.services.camera_manager - INFO - [webcam1] cv2.imwrite() returned True
2025-07-04 14:37:13,483 - app.services.camera_manager - INFO - [webcam1] — iteration 8, calling cap.read()
2025-07-04 14:37:13,483 - app.services.camera_manager - INFO - [webcam1] — cap.read() returned ret=True
2025-07-04 14:37:13,484 - app.services.camera_manager - INFO - [webcam1] saving to C:\Users\HiDigi\OneDrive\Desktop\WebDev\FacialRecognition\static\images\frame_webcam1_fdce37f3-7988-489a-9c68-d5a97d3c3d8d.jpg
2025-07-04 14:37:13,490 - app.services.camera_manager - INFO - [webcam1] cv2.imwrite() returned True
2025-07-04 14:37:13,559 - app.services.camera_manager - INFO - [webcam1] — iteration 9, calling cap.read()
2025-07-04 14:37:13,560 - app.services.camera_manager - INFO - [webcam1] — cap.read() returned ret=True
2025-07-04 14:37:13,561 - app.services.camera_manager - INFO - [webcam1] saving to C:\Users\HiDigi\OneDrive\Desktop\WebDev\FacialRecognition\static\images\frame_webcam1_4c9d6373-5d2d-4da3-80bf-dc442ea31822.jpg
2025-07-04 14:37:13,566 - app.services.camera_manager - INFO - [webcam1] cv2.imwrite() returned True
2025-07-04 14:37:13,652 - app.services.camera_manager - INFO - [webcam1] — iteration 10, calling cap.read()
2025-07-04 14:37:13,653 - app.services.camera_manager - INFO - [webcam1] — cap.read() returned ret=True
2025-07-04 14:37:13,654 - app.services.camera_manager - INFO - [webcam1] saving to C:\Users\HiDigi\OneDrive\Desktop\WebDev\FacialRecognition\static\images\frame_webcam1_0e2f05a3-e8bb-4f57-8f4f-3d6adbb1fe97.jpg
2025-07-04 14:37:13,659 - app.services.camera_manager - INFO - [webcam1] cv2.imwrite() returned True
2025-07-04 14:37:13,744 - app.services.camera_manager - INFO - [webcam1] — iteration 11, calling cap.read()
2025-07-04 14:37:13,744 - app.services.camera_manager - INFO - [webcam1] — cap.read() returned ret=True
2025-07-04 14:37:13,746 - app.services.camera_manager - INFO - [webcam1] saving to C:\Users\HiDigi\OneDrive\Desktop\WebDev\FacialRecognition\static\images\frame_webcam1_18975d02-1ceb-4ae1-9d4e-95ca1b449395.jpg
2025-07-04 14:37:13,752 - app.services.camera_manager - INFO - [webcam1] cv2.imwrite() returned True
2025-07-04 14:37:13,839 - app.services.camera_manager - INFO - [webcam1] — iteration 12, calling cap.read()
2025-07-04 14:37:13,840 - app.services.camera_manager - INFO - [webcam1] — cap.read() returned ret=True
2025-07-04 14:37:13,841 - app.services.camera_manager - INFO - [webcam1] saving to C:\Users\HiDigi\OneDrive\Desktop\WebDev\FacialRecognition\static\images\frame_webcam1_fb28ae98-4b8c-4264-a599-6033aa192bdb.jpg
2025-07-04 14:37:13,846 - app.services.camera_manager - INFO - [webcam1] cv2.imwrite() returned True
2025-07-04 14:37:13,931 - app.services.camera_manager - INFO - [webcam1] — iteration 13, calling cap.read()
2025-07-04 14:37:13,931 - app.services.camera_manager - INFO - [webcam1] — cap.read() returned ret=True
2025-07-04 14:37:13,932 - app.services.camera_manager - INFO - [webcam1] saving to C:\Users\HiDigi\OneDrive\Desktop\WebDev\FacialRecognition\static\images\frame_webcam1_b54fd0b5-7a08-49d7-9cd7-ce2e2ec3f09b.jpg
2025-07-04 14:37:13,938 - app.services.camera_manager - INFO - [webcam1] cv2.imwrite() returned True
2025-07-04 14:37:14,024 - app.services.camera_manager - INFO - [webcam1] — iteration 14, calling cap.read()
2025-07-04 14:37:14,025 - app.services.camera_manager - INFO - [webcam1] — cap.read() returned ret=True
2025-07-04 14:37:14,031 - app.services.camera_manager - INFO - [webcam1] saving to C:\Users\HiDigi\OneDrive\Desktop\WebDev\FacialRecognition\static\images\frame_webcam1_47fec7f0-24b8-4a02-97c6-8a0fc0045ff8.jpg
2025-07-04 14:37:14,037 - app.services.camera_manager - INFO - [webcam1] cv2.imwrite() returned True
2025-07-04 14:37:14,120 - app.services.camera_manager - INFO - [webcam1] — iteration 15, calling cap.read()
2025-07-04 14:37:14,120 - app.services.camera_manager - INFO - [webcam1] — cap.read() returned ret=True
2025-07-04 14:37:14,121 - app.services.camera_manager - INFO - [webcam1] saving to C:\Users\HiDigi\OneDrive\Desktop\WebDev\FacialRecognition\static\images\frame_webcam1_0af2df7c-b8fb-4699-a91e-ac6753cf3650.jpg
2025-07-04 14:37:14,128 - app.services.camera_manager - INFO - [webcam1] cv2.imwrite() returned True
2025-07-04 14:37:14,214 - app.services.camera_manager - INFO - [webcam1] — iteration 16, calling cap.read()
2025-07-04 14:37:14,214 - app.services.camera_manager - INFO - [webcam1] — cap.read() returned ret=True
2025-07-04 14:37:14,215 - app.services.camera_manager - INFO - [webcam1] saving to C:\Users\HiDigi\OneDrive\Desktop\WebDev\FacialRecognition\static\images\frame_webcam1_4e46706d-4420-47da-a7d3-609dcff341fc.jpg
2025-07-04 14:37:14,220 - app.services.camera_manager - INFO - [webcam1] cv2.imwrite() returned True
2025-07-04 14:37:14,309 - app.services.camera_manager - INFO - [webcam1] — iteration 17, calling cap.read()
2025-07-04 14:37:14,310 - app.services.camera_manager - INFO - [webcam1] — cap.read() returned ret=True
2025-07-04 14:37:14,311 - app.services.camera_manager - INFO - [webcam1] saving to C:\Users\HiDigi\OneDrive\Desktop\WebDev\FacialRecognition\static\images\frame_webcam1_0ace313d-74e5-4c84-9f0c-7c367bc45b24.jpg
2025-07-04 14:37:14,316 - app.services.camera_manager - INFO - [webcam1] cv2.imwrite() returned True
2025-07-04 14:37:14,372 - app.services.camera_manager - INFO - [webcam1] — iteration 18, calling cap.read()
2025-07-04 14:37:14,373 - app.services.camera_manager - INFO - [webcam1] — cap.read() returned ret=True
2025-07-04 14:37:14,373 - app.services.camera_manager - INFO - [webcam1] saving to C:\Users\HiDigi\OneDrive\Desktop\WebDev\FacialRecognition\static\images\frame_webcam1_50370f04-6897-48e9-9ad8-83096a9a2eec.jpg
2025-07-04 14:37:14,379 - app.services.camera_manager - INFO - [webcam1] cv2.imwrite() returned True
2025-07-04 14:37:14,451 - app.services.camera_manager - INFO - [webcam1] — iteration 19, calling cap.read()
2025-07-04 14:37:14,452 - app.services.camera_manager - INFO - [webcam1] — cap.read() returned ret=True
2025-07-04 14:37:14,453 - app.services.camera_manager - INFO - [webcam1] saving to C:\Users\HiDigi\OneDrive\Desktop\WebDev\FacialRecognition\static\images\frame_webcam1_a76e3be4-84c4-4748-97b8-86d5cbf8091f.jpg
2025-07-04 14:37:14,458 - app.services.camera_manager - INFO - [webcam1] cv2.imwrite() returned True
2025-07-04 14:37:14,527 - app.services.camera_manager - INFO - [webcam1] — iteration 20, calling cap.read()
2025-07-04 14:37:14,527 - app.services.camera_manager - INFO - [webcam1] — cap.read() returned ret=True
2025-07-04 14:37:14,528 - app.services.camera_manager - INFO - [webcam1] saving to C:\Users\HiDigi\OneDrive\Desktop\WebDev\FacialRecognition\static\images\frame_webcam1_5a3dd893-5581-49a6-81bc-f4460408c868.jpg
2025-07-04 14:37:14,535 - app.services.camera_manager - INFO - [webcam1] cv2.imwrite() returned True
2025-07-04 14:37:14,604 - app.services.camera_manager - INFO - [webcam1] — iteration 21, calling cap.read()
2025-07-04 14:37:14,604 - app.services.camera_manager - INFO - [webcam1] — cap.read() returned ret=True
2025-07-04 14:37:14,606 - app.services.camera_manager - INFO - [webcam1] saving to C:\Users\HiDigi\OneDrive\Desktop\WebDev\FacialRecognition\static\images\frame_webcam1_25e2106b-bf28-42d2-978f-0c3d87dba297.jpg
2025-07-04 14:37:14,611 - app.services.camera_manager - INFO - [webcam1] cv2.imwrite() returned True
2025-07-04 14:37:14,683 - app.services.camera_manager - INFO - [webcam1] — iteration 22, calling cap.read()
2025-07-04 14:37:14,684 - app.services.camera_manager - INFO - [webcam1] — cap.read() returned ret=True
2025-07-04 14:37:14,685 - app.services.camera_manager - INFO - [webcam1] saving to C:\Users\HiDigi\OneDrive\Desktop\WebDev\FacialRecognition\static\images\frame_webcam1_0e4dd42e-8c4a-48a1-bdfe-559e2f7d8840.jpg
2025-07-04 14:37:14,691 - app.services.camera_manager - INFO - [webcam1] cv2.imwrite() returned True
2025-07-04 14:37:14,775 - app.services.camera_manager - INFO - [webcam1] — iteration 23, calling cap.read()
2025-07-04 14:37:14,778 - app.services.camera_manager - INFO - [webcam1] — cap.read() returned ret=True
2025-07-04 14:37:14,781 - app.services.camera_manager - INFO - [webcam1] saving to C:\Users\HiDigi\OneDrive\Desktop\WebDev\FacialRecognition\static\images\frame_webcam1_44e8045f-a9d2-4235-afcb-cc854dca39f4.jpg
2025-07-04 14:37:14,791 - app.services.camera_manager - INFO - [webcam1] cv2.imwrite() returned True
2025-07-04 14:37:14,867 - app.services.camera_manager - INFO - [webcam1] — iteration 24, calling cap.read()
2025-07-04 14:37:14,867 - app.services.camera_manager - INFO - [webcam1] — cap.read() returned ret=True
2025-07-04 14:37:14,868 - app.services.camera_manager - INFO - [webcam1] saving to C:\Users\HiDigi\OneDrive\Desktop\WebDev\FacialRecognition\static\images\frame_webcam1_93b1ac87-b597-416d-9b8f-09c80d98a873.jpg
2025-07-04 14:37:14,873 - app.services.camera_manager - INFO - [webcam1] cv2.imwrite() returned True
2025-07-04 14:37:14,960 - app.services.camera_manager - INFO - [webcam1] — iteration 25, calling cap.read()
2025-07-04 14:37:14,961 - app.services.camera_manager - INFO - [webcam1] — cap.read() returned ret=True
2025-07-04 14:37:14,962 - app.services.camera_manager - INFO - [webcam1] saving to C:\Users\HiDigi\OneDrive\Desktop\WebDev\FacialRecognition\static\images\frame_webcam1_39a57dbd-84f5-4b1a-b55a-2c99167f66cd.jpg
2025-07-04 14:37:14,968 - app.services.camera_manager - INFO - [webcam1] cv2.imwrite() returned True
2025-07-04 14:37:15,054 - app.services.camera_manager - INFO - [webcam1] — iteration 26, calling cap.read()
2025-07-04 14:37:15,055 - app.services.camera_manager - INFO - [webcam1] — cap.read() returned ret=True
2025-07-04 14:37:15,056 - app.services.camera_manager - INFO - [webcam1] saving to C:\Users\HiDigi\OneDrive\Desktop\WebDev\FacialRecognition\static\images\frame_webcam1_5a3b4ef3-ba32-4649-a842-ab02a9146f24.jpg
2025-07-04 14:37:15,062 - app.services.camera_manager - INFO - [webcam1] cv2.imwrite() returned True
2025-07-04 14:37:15,148 - app.services.camera_manager - INFO - [webcam1] — iteration 27, calling cap.read()
2025-07-04 14:37:15,148 - app.services.camera_manager - INFO - [webcam1] — cap.read() returned ret=True
2025-07-04 14:37:15,150 - app.services.camera_manager - INFO - [webcam1] saving to C:\Users\HiDigi\OneDrive\Desktop\WebDev\FacialRecognition\static\images\frame_webcam1_75267c64-62eb-4ce4-b63c-f0cf145d0f44.jpg
2025-07-04 14:37:15,156 - app.services.camera_manager - INFO - [webcam1] cv2.imwrite() returned True
2025-07-04 14:37:15,225 - app.services.camera_manager - INFO - [webcam1] — iteration 28, calling cap.read()
2025-07-04 14:37:15,225 - app.services.camera_manager - INFO - [webcam1] — cap.read() returned ret=True
2025-07-04 14:37:15,226 - app.services.camera_manager - INFO - [webcam1] saving to C:\Users\HiDigi\OneDrive\Desktop\WebDev\FacialRecognition\static\images\frame_webcam1_8b94c5d5-58eb-40dc-816b-8bc5221b2193.jpg
2025-07-04 14:37:15,232 - app.services.camera_manager - INFO - [webcam1] cv2.imwrite() returned True
2025-07-04 14:37:15,303 - app.services.camera_manager - INFO - [webcam1] — iteration 29, calling cap.read()
2025-07-04 14:37:15,303 - app.services.camera_manager - INFO - [webcam1] — cap.read() returned ret=True
2025-07-04 14:37:15,305 - app.services.camera_manager - INFO - [webcam1] saving to C:\Users\HiDigi\OneDrive\Desktop\WebDev\FacialRecognition\static\images\frame_webcam1_448a8b28-374b-40ff-a566-8bc8e0f91345.jpg
2025-07-04 14:37:15,310 - app.services.camera_manager - INFO - [webcam1] cv2.imwrite() returned True
2025-07-04 14:37:15,395 - app.services.camera_manager - INFO - [webcam1] — iteration 30, calling cap.read()
2025-07-04 14:37:15,396 - app.services.camera_manager - INFO - [webcam1] — cap.read() returned ret=True
2025-07-04 14:37:15,397 - app.services.camera_manager - INFO - [webcam1] saving to C:\Users\HiDigi\OneDrive\Desktop\WebDev\FacialRecognition\static\images\frame_webcam1_2901edac-bb2e-428c-af03-f5026cc0280d.jpg
2025-07-04 14:37:15,402 - app.services.camera_manager - INFO - [webcam1] cv2.imwrite() returned True
2025-07-04 14:37:15,471 - app.services.camera_manager - INFO - [webcam1] — iteration 31, calling cap.read()
2025-07-04 14:37:15,471 - app.services.camera_manager - INFO - [webcam1] — cap.read() returned ret=True
2025-07-04 14:37:15,472 - app.services.camera_manager - INFO - [webcam1] saving to C:\Users\HiDigi\OneDrive\Desktop\WebDev\FacialRecognition\static\images\frame_webcam1_6c723f5b-3deb-4a88-b3d5-31274a910827.jpg
2025-07-04 14:37:15,477 - app.services.camera_manager - INFO - [webcam1] cv2.imwrite() returned True
2025-07-04 14:37:15,549 - app.services.camera_manager - INFO - [webcam1] — iteration 32, calling cap.read()
2025-07-04 14:37:15,550 - app.services.camera_manager - INFO - [webcam1] — cap.read() returned ret=True
2025-07-04 14:37:15,551 - app.services.camera_manager - INFO - [webcam1] saving to C:\Users\HiDigi\OneDrive\Desktop\WebDev\FacialRecognition\static\images\frame_webcam1_73ba1e27-ff3e-4983-a693-bac30279525e.jpg
2025-07-04 14:37:15,556 - app.services.camera_manager - INFO - [webcam1] cv2.imwrite() returned True
2025-07-04 14:37:15,625 - app.services.camera_manager - INFO - [webcam1] — iteration 33, calling cap.read()
2025-07-04 14:37:15,627 - app.services.camera_manager - INFO - [webcam1] — cap.read() returned ret=True
2025-07-04 14:37:15,628 - app.services.camera_manager - INFO - [webcam1] saving to C:\Users\HiDigi\OneDrive\Desktop\WebDev\FacialRecognition\static\images\frame_webcam1_ceb72ba1-f72d-4146-b968-176451f9b1e5.jpg
2025-07-04 14:37:15,634 - app.services.camera_manager - INFO - [webcam1] cv2.imwrite() returned True
2025-07-04 14:37:15,702 - app.services.camera_manager - INFO - [webcam1] — iteration 34, calling cap.read()
2025-07-04 14:37:15,703 - app.services.camera_manager - INFO - [webcam1] — cap.read() returned ret=True
2025-07-04 14:37:15,704 - app.services.camera_manager - INFO - [webcam1] saving to C:\Users\HiDigi\OneDrive\Desktop\WebDev\FacialRecognition\static\images\frame_webcam1_d7bd5102-b250-48bc-8f40-8fb3af3de8b7.jpg
2025-07-04 14:37:15,709 - app.services.camera_manager - INFO - [webcam1] cv2.imwrite() returned True
2025-07-04 14:37:15,764 - app.services.camera_manager - INFO - [webcam1] — iteration 35, calling cap.read()
2025-07-04 14:37:15,765 - app.services.camera_manager - INFO - [webcam1] — cap.read() returned ret=True
2025-07-04 14:37:15,766 - app.services.camera_manager - INFO - [webcam1] saving to C:\Users\HiDigi\OneDrive\Desktop\WebDev\FacialRecognition\static\images\frame_webcam1_e0c15347-2dab-484e-bdc1-77f6da656d93.jpg
2025-07-04 14:37:15,773 - app.services.camera_manager - INFO - [webcam1] cv2.imwrite() returned True
2025-07-04 14:37:15,840 - app.services.camera_manager - INFO - [webcam1] — iteration 36, calling cap.read()
2025-07-04 14:37:15,841 - app.services.camera_manager - INFO - [webcam1] — cap.read() returned ret=True
2025-07-04 14:37:15,842 - app.services.camera_manager - INFO - [webcam1] saving to C:\Users\HiDigi\OneDrive\Desktop\WebDev\FacialRecognition\static\images\frame_webcam1_7d5ce8f4-9a74-42eb-956d-3f7776c57723.jpg
2025-07-04 14:37:15,847 - app.services.camera_manager - INFO - [webcam1] cv2.imwrite() returned True
2025-07-04 14:37:15,934 - app.services.camera_manager - INFO - [webcam1] — iteration 37, calling cap.read()
2025-07-04 14:37:15,934 - app.services.camera_manager - INFO - [webcam1] — cap.read() returned ret=True
2025-07-04 14:37:15,935 - app.services.camera_manager - INFO - [webcam1] saving to C:\Users\HiDigi\OneDrive\Desktop\WebDev\FacialRecognition\static\images\frame_webcam1_a199f4cb-a5b0-4a08-b019-06af5666aa18.jpg
2025-07-04 14:37:15,941 - app.services.camera_manager - INFO - [webcam1] cv2.imwrite() returned True
2025-07-04 14:37:16,027 - app.services.camera_manager - INFO - [webcam1] — iteration 38, calling cap.read()
2025-07-04 14:37:16,027 - app.services.camera_manager - INFO - [webcam1] — cap.read() returned ret=True
2025-07-04 14:37:16,028 - app.services.camera_manager - INFO - [webcam1] saving to C:\Users\HiDigi\OneDrive\Desktop\WebDev\FacialRecognition\static\images\frame_webcam1_1ca3236a-f70f-46ff-8283-c55c3ba359c3.jpg
2025-07-04 14:37:16,035 - app.services.camera_manager - INFO - [webcam1] cv2.imwrite() returned True
2025-07-04 14:37:16,120 - app.services.camera_manager - INFO - [webcam1] — iteration 39, calling cap.read()
2025-07-04 14:37:16,121 - app.services.camera_manager - INFO - [webcam1] — cap.read() returned ret=True
2025-07-04 14:37:16,121 - app.services.camera_manager - INFO - [webcam1] saving to C:\Users\HiDigi\OneDrive\Desktop\WebDev\FacialRecognition\static\images\frame_webcam1_feecf3f0-0d11-40c0-a0ce-cf77390bcbe3.jpg
2025-07-04 14:37:16,128 - app.services.camera_manager - INFO - [webcam1] cv2.imwrite() returned True
2025-07-04 14:37:16,213 - app.services.camera_manager - INFO - [webcam1] — iteration 40, calling cap.read()
2025-07-04 14:37:16,213 - app.services.camera_manager - INFO - [webcam1] — cap.read() returned ret=True
2025-07-04 14:37:16,215 - app.services.camera_manager - INFO - [webcam1] saving to C:\Users\HiDigi\OneDrive\Desktop\WebDev\FacialRecognition\static\images\frame_webcam1_f2a9d4bd-1302-42c6-9c6b-6097a2183066.jpg
2025-07-04 14:37:16,220 - app.services.camera_manager - INFO - [webcam1] cv2.imwrite() returned True
2025-07-04 14:37:16,306 - app.services.camera_manager - INFO - [webcam1] — iteration 41, calling cap.read()
2025-07-04 14:37:16,306 - app.services.camera_manager - INFO - [webcam1] — cap.read() returned ret=True
2025-07-04 14:37:16,307 - app.services.camera_manager - INFO - [webcam1] saving to C:\Users\HiDigi\OneDrive\Desktop\WebDev\FacialRecognition\static\images\frame_webcam1_d268f0cc-bb30-4167-bc2f-ca362544b200.jpg
2025-07-04 14:37:16,313 - app.services.camera_manager - INFO - [webcam1] cv2.imwrite() returned True
2025-07-04 14:37:16,401 - app.services.camera_manager - INFO - [webcam1] — iteration 42, calling cap.read()
2025-07-04 14:37:16,401 - app.services.camera_manager - INFO - [webcam1] — cap.read() returned ret=True
2025-07-04 14:37:16,402 - app.services.camera_manager - INFO - [webcam1] saving to C:\Users\HiDigi\OneDrive\Desktop\WebDev\FacialRecognition\static\images\frame_webcam1_884a8500-5276-47c1-8ce6-320b3607b49d.jpg
2025-07-04 14:37:16,409 - app.services.camera_manager - INFO - [webcam1] cv2.imwrite() returned True
2025-07-04 14:37:16,493 - app.services.camera_manager - INFO - [webcam1] — iteration 43, calling cap.read()
2025-07-04 14:37:16,493 - app.services.camera_manager - INFO - [webcam1] — cap.read() returned ret=True
2025-07-04 14:37:16,494 - app.services.camera_manager - INFO - [webcam1] saving to C:\Users\HiDigi\OneDrive\Desktop\WebDev\FacialRecognition\static\images\frame_webcam1_6ba57a07-a06e-4d8c-a7e7-224ea864b92d.jpg
2025-07-04 14:37:16,501 - app.services.camera_manager - INFO - [webcam1] cv2.imwrite() returned True
2025-07-04 14:37:16,586 - app.services.camera_manager - INFO - [webcam1] — iteration 44, calling cap.read()
2025-07-04 14:37:16,586 - app.services.camera_manager - INFO - [webcam1] — cap.read() returned ret=True
2025-07-04 14:37:16,588 - app.services.camera_manager - INFO - [webcam1] saving to C:\Users\HiDigi\OneDrive\Desktop\WebDev\FacialRecognition\static\images\frame_webcam1_86ccb2d2-3654-49ee-abc2-ea16f6e39054.jpg
2025-07-04 14:37:16,593 - app.services.camera_manager - INFO - [webcam1] cv2.imwrite() returned True
2025-07-04 14:37:16,680 - app.services.camera_manager - INFO - [webcam1] — iteration 45, calling cap.read()
2025-07-04 14:37:16,681 - app.services.camera_manager - INFO - [webcam1] — cap.read() returned ret=True
2025-07-04 14:37:16,682 - app.services.camera_manager - INFO - [webcam1] saving to C:\Users\HiDigi\OneDrive\Desktop\WebDev\FacialRecognition\static\images\frame_webcam1_72f2b46c-00e6-414a-aff4-0594f323f984.jpg
2025-07-04 14:37:16,688 - app.services.camera_manager - INFO - [webcam1] cv2.imwrite() returned True
2025-07-04 14:37:16,774 - app.services.camera_manager - INFO - [webcam1] — iteration 46, calling cap.read()
2025-07-04 14:37:16,775 - app.services.camera_manager - INFO - [webcam1] — cap.read() returned ret=True
2025-07-04 14:37:16,776 - app.services.camera_manager - INFO - [webcam1] saving to C:\Users\HiDigi\OneDrive\Desktop\WebDev\FacialRecognition\static\images\frame_webcam1_11756f36-eee1-4f51-afd1-0c3509400c96.jpg
2025-07-04 14:37:16,782 - app.services.camera_manager - INFO - [webcam1] cv2.imwrite() returned True
2025-07-04 14:37:16,850 - app.services.camera_manager - INFO - [webcam1] — iteration 47, calling cap.read()
2025-07-04 14:37:16,851 - app.services.camera_manager - INFO - [webcam1] — cap.read() returned ret=True
2025-07-04 14:37:16,852 - app.services.camera_manager - INFO - [webcam1] saving to C:\Users\HiDigi\OneDrive\Desktop\WebDev\FacialRecognition\static\images\frame_webcam1_1cbd905e-b351-4216-8d74-85a5d1caf961.jpg
2025-07-04 14:37:16,857 - app.services.camera_manager - INFO - [webcam1] cv2.imwrite() returned True
2025-07-04 14:37:16,927 - app.services.camera_manager - INFO - [webcam1] — iteration 48, calling cap.read()
2025-07-04 14:37:16,927 - app.services.camera_manager - INFO - [webcam1] — cap.read() returned ret=True
2025-07-04 14:37:16,929 - app.services.camera_manager - INFO - [webcam1] saving to C:\Users\HiDigi\OneDrive\Desktop\WebDev\FacialRecognition\static\images\frame_webcam1_aa210958-fd48-4cfb-ab5d-e60bb23109d0.jpg
2025-07-04 14:37:16,934 - app.services.camera_manager - INFO - [webcam1] cv2.imwrite() returned True
2025-07-04 14:37:17,019 - app.services.camera_manager - INFO - [webcam1] — iteration 49, calling cap.read()
2025-07-04 14:37:17,019 - app.services.camera_manager - INFO - [webcam1] — cap.read() returned ret=True
2025-07-04 14:37:17,021 - app.services.camera_manager - INFO - [webcam1] saving to C:\Users\HiDigi\OneDrive\Desktop\WebDev\FacialRecognition\static\images\frame_webcam1_b076f2de-62ee-489d-b775-736ca4808668.jpg
2025-07-04 14:37:17,028 - app.services.camera_manager - INFO - [webcam1] cv2.imwrite() returned True
2025-07-04 14:37:17,112 - app.services.camera_manager - INFO - [webcam1] — iteration 50, calling cap.read()
2025-07-04 14:37:17,113 - app.services.camera_manager - INFO - [webcam1] — cap.read() returned ret=True
2025-07-04 14:37:17,114 - app.services.camera_manager - INFO - [webcam1] saving to C:\Users\HiDigi\OneDrive\Desktop\WebDev\FacialRecognition\static\images\frame_webcam1_47f4f2cc-2270-4c16-a257-0df27b2ef62d.jpg
2025-07-04 14:37:17,119 - app.services.camera_manager - INFO - [webcam1] cv2.imwrite() returned True
2025-07-04 14:37:17,192 - app.services.camera_manager - INFO - [webcam1] — iteration 51, calling cap.read()
2025-07-04 14:37:17,193 - app.services.camera_manager - INFO - [webcam1] — cap.read() returned ret=True
2025-07-04 14:37:17,194 - app.services.camera_manager - INFO - [webcam1] saving to C:\Users\HiDigi\OneDrive\Desktop\WebDev\FacialRecognition\static\images\frame_webcam1_c2b1879b-5817-4aa7-abe8-80cb532ee8b9.jpg
2025-07-04 14:37:17,200 - app.services.camera_manager - INFO - [webcam1] cv2.imwrite() returned True
2025-07-04 14:37:17,284 - app.services.camera_manager - INFO - [webcam1] — iteration 52, calling cap.read()
2025-07-04 14:37:17,286 - app.services.camera_manager - INFO - [webcam1] — cap.read() returned ret=True
2025-07-04 14:37:17,290 - app.services.camera_manager - INFO - [webcam1] saving to C:\Users\HiDigi\OneDrive\Desktop\WebDev\FacialRecognition\static\images\frame_webcam1_2c333fc2-6f62-4b56-9bf3-799763878e24.jpg
2025-07-04 14:37:17,299 - app.services.camera_manager - INFO - [webcam1] cv2.imwrite() returned True
2025-07-04 14:37:17,360 - app.services.camera_manager - INFO - [webcam1] — iteration 53, calling cap.read()
2025-07-04 14:37:17,361 - app.services.camera_manager - INFO - [webcam1] — cap.read() returned ret=True
2025-07-04 14:37:17,361 - app.services.camera_manager - INFO - [webcam1] saving to C:\Users\HiDigi\OneDrive\Desktop\WebDev\FacialRecognition\static\images\frame_webcam1_246a5dcb-10e6-4d92-a5a8-55976097df1b.jpg
2025-07-04 14:37:17,367 - app.services.camera_manager - INFO - [webcam1] cv2.imwrite() returned True
2025-07-04 14:37:17,438 - app.services.camera_manager - INFO - [webcam1] — iteration 54, calling cap.read()
2025-07-04 14:37:17,438 - app.services.camera_manager - INFO - [webcam1] — cap.read() returned ret=True
2025-07-04 14:37:17,439 - app.services.camera_manager - INFO - [webcam1] saving to C:\Users\HiDigi\OneDrive\Desktop\WebDev\FacialRecognition\static\images\frame_webcam1_991b09c7-c677-4014-941d-3ad056cbd910.jpg
2025-07-04 14:37:17,445 - app.services.camera_manager - INFO - [webcam1] cv2.imwrite() returned True
2025-07-04 14:37:17,515 - app.services.camera_manager - INFO - [webcam1] — iteration 55, calling cap.read()
2025-07-04 14:37:17,516 - app.services.camera_manager - INFO - [webcam1] — cap.read() returned ret=True
2025-07-04 14:37:17,517 - app.services.camera_manager - INFO - [webcam1] saving to C:\Users\HiDigi\OneDrive\Desktop\WebDev\FacialRecognition\static\images\frame_webcam1_16504cf9-2a3d-44f0-ba8e-10d655fcf9ae.jpg
2025-07-04 14:37:17,522 - app.services.camera_manager - INFO - [webcam1] cv2.imwrite() returned True
2025-07-04 14:37:17,590 - app.services.camera_manager - INFO - [webcam1] — iteration 56, calling cap.read()
2025-07-04 14:37:17,591 - app.services.camera_manager - INFO - [webcam1] — cap.read() returned ret=True
2025-07-04 14:37:17,591 - app.services.camera_manager - INFO - [webcam1] saving to C:\Users\HiDigi\OneDrive\Desktop\WebDev\FacialRecognition\static\images\frame_webcam1_f7fe291a-a29c-4ccc-96e3-be3bab05b9f3.jpg
2025-07-04 14:37:17,599 - app.services.camera_manager - INFO - [webcam1] cv2.imwrite() returned True
2025-07-04 14:37:17,667 - app.services.camera_manager - INFO - [webcam1] — iteration 57, calling cap.read()
2025-07-04 14:37:17,667 - app.services.camera_manager - INFO - [webcam1] — cap.read() returned ret=True
2025-07-04 14:37:17,668 - app.services.camera_manager - INFO - [webcam1] saving to C:\Users\HiDigi\OneDrive\Desktop\WebDev\FacialRecognition\static\images\frame_webcam1_e5b3b6ff-0099-4dc2-8df7-47268a42c97a.jpg
2025-07-04 14:37:17,674 - app.services.camera_manager - INFO - [webcam1] cv2.imwrite() returned True
2025-07-04 14:37:17,760 - app.services.camera_manager - INFO - [webcam1] — iteration 58, calling cap.read()
2025-07-04 14:37:17,761 - app.services.camera_manager - INFO - [webcam1] — cap.read() returned ret=True
2025-07-04 14:37:17,762 - app.services.camera_manager - INFO - [webcam1] saving to C:\Users\HiDigi\OneDrive\Desktop\WebDev\FacialRecognition\static\images\frame_webcam1_10e35257-21a1-4799-9317-a6a319e789d2.jpg
2025-07-04 14:37:17,767 - app.services.camera_manager - INFO - [webcam1] cv2.imwrite() returned True
2025-07-04 14:37:17,854 - app.services.camera_manager - INFO - [webcam1] — iteration 59, calling cap.read()
2025-07-04 14:37:17,854 - app.services.camera_manager - INFO - [webcam1] — cap.read() returned ret=True
2025-07-04 14:37:17,855 - app.services.camera_manager - INFO - [webcam1] saving to C:\Users\HiDigi\OneDrive\Desktop\WebDev\FacialRecognition\static\images\frame_webcam1_3517adc0-2495-4655-af62-60348e91d4f1.jpg
2025-07-04 14:37:17,861 - app.services.camera_manager - INFO - [webcam1] cv2.imwrite() returned True
2025-07-04 14:37:17,946 - app.services.camera_manager - INFO - [webcam1] — iteration 60, calling cap.read()
2025-07-04 14:37:17,946 - app.services.camera_manager - INFO - [webcam1] — cap.read() returned ret=True
2025-07-04 14:37:17,947 - app.services.camera_manager - INFO - [webcam1] saving to C:\Users\HiDigi\OneDrive\Desktop\WebDev\FacialRecognition\static\images\frame_webcam1_1caa2164-3bb5-46f3-86c1-47466622b354.jpg
2025-07-04 14:37:17,953 - app.services.camera_manager - INFO - [webcam1] cv2.imwrite() returned True
2025-07-04 14:37:18,038 - app.services.camera_manager - INFO - [webcam1] — iteration 61, calling cap.read()
2025-07-04 14:37:18,039 - app.services.camera_manager - INFO - [webcam1] — cap.read() returned ret=True
2025-07-04 14:37:18,040 - app.services.camera_manager - INFO - [webcam1] saving to C:\Users\HiDigi\OneDrive\Desktop\WebDev\FacialRecognition\static\images\frame_webcam1_46d6f48c-8144-47e1-8dd8-965b10e799a7.jpg
2025-07-04 14:37:18,045 - app.services.camera_manager - INFO - [webcam1] cv2.imwrite() returned True
2025-07-04 14:37:18,129 - app.services.camera_manager - INFO - [webcam1] — iteration 62, calling cap.read()
2025-07-04 14:37:18,130 - app.services.camera_manager - INFO - [webcam1] — cap.read() returned ret=True
2025-07-04 14:37:18,131 - app.services.camera_manager - INFO - [webcam1] saving to C:\Users\HiDigi\OneDrive\Desktop\WebDev\FacialRecognition\static\images\frame_webcam1_24d552cb-79cf-4711-902a-d7c20f87c3f8.jpg
2025-07-04 14:37:18,137 - app.services.camera_manager - INFO - [webcam1] cv2.imwrite() returned True
2025-07-04 14:37:18,223 - app.services.camera_manager - INFO - [webcam1] — iteration 63, calling cap.read()
2025-07-04 14:37:18,225 - app.services.camera_manager - INFO - [webcam1] — cap.read() returned ret=True
2025-07-04 14:37:18,226 - app.services.camera_manager - INFO - [webcam1] saving to C:\Users\HiDigi\OneDrive\Desktop\WebDev\FacialRecognition\static\images\frame_webcam1_838d79f3-91e2-4740-9f32-e63bfb3dbc61.jpg
2025-07-04 14:37:18,231 - app.services.camera_manager - INFO - [webcam1] cv2.imwrite() returned True
2025-07-04 14:37:18,315 - app.services.camera_manager - INFO - [webcam1] — iteration 64, calling cap.read()
2025-07-04 14:37:18,316 - app.services.camera_manager - INFO - [webcam1] — cap.read() returned ret=True
2025-07-04 14:37:18,317 - app.services.camera_manager - INFO - [webcam1] saving to C:\Users\HiDigi\OneDrive\Desktop\WebDev\FacialRecognition\static\images\frame_webcam1_749a6df8-7a6f-4de4-bc76-57d974ab3d5d.jpg
2025-07-04 14:37:18,323 - app.services.camera_manager - INFO - [webcam1] cv2.imwrite() returned True
2025-07-04 14:37:18,392 - app.services.camera_manager - INFO - [webcam1] — iteration 65, calling cap.read()
2025-07-04 14:37:18,393 - app.services.camera_manager - INFO - [webcam1] — cap.read() returned ret=True
2025-07-04 14:37:18,395 - app.services.camera_manager - INFO - [webcam1] saving to C:\Users\HiDigi\OneDrive\Desktop\WebDev\FacialRecognition\static\images\frame_webcam1_ab474763-e809-4f8d-866e-70505e4d8b89.jpg
2025-07-04 14:37:18,400 - app.services.camera_manager - INFO - [webcam1] cv2.imwrite() returned True
2025-07-04 14:37:18,469 - app.services.camera_manager - INFO - [webcam1] — iteration 66, calling cap.read()
2025-07-04 14:37:18,469 - app.services.camera_manager - INFO - [webcam1] — cap.read() returned ret=True
2025-07-04 14:37:18,471 - app.services.camera_manager - INFO - [webcam1] saving to C:\Users\HiDigi\OneDrive\Desktop\WebDev\FacialRecognition\static\images\frame_webcam1_ae99cd30-6f81-4a22-80aa-c03ee14264b4.jpg
2025-07-04 14:37:18,477 - app.services.camera_manager - INFO - [webcam1] cv2.imwrite() returned True
2025-07-04 14:37:18,547 - app.services.camera_manager - INFO - [webcam1] — iteration 67, calling cap.read()
2025-07-04 14:37:18,547 - app.services.camera_manager - INFO - [webcam1] — cap.read() returned ret=True
2025-07-04 14:37:18,549 - app.services.camera_manager - INFO - [webcam1] saving to C:\Users\HiDigi\OneDrive\Desktop\WebDev\FacialRecognition\static\images\frame_webcam1_bd45f747-bfb6-4d69-a0bf-0b0dcef4a695.jpg
2025-07-04 14:37:18,555 - app.services.camera_manager - INFO - [webcam1] cv2.imwrite() returned True
2025-07-04 14:37:18,624 - app.services.camera_manager - INFO - [webcam1] — iteration 68, calling cap.read()
2025-07-04 14:37:18,625 - app.services.camera_manager - INFO - [webcam1] — cap.read() returned ret=True
2025-07-04 14:37:18,626 - app.services.camera_manager - INFO - [webcam1] saving to C:\Users\HiDigi\OneDrive\Desktop\WebDev\FacialRecognition\static\images\frame_webcam1_65bfc51e-0ee2-480d-9366-1a0fe3457f70.jpg
2025-07-04 14:37:18,631 - app.services.camera_manager - INFO - [webcam1] cv2.imwrite() returned True
2025-07-04 14:37:18,702 - app.services.camera_manager - INFO - [webcam1] — iteration 69, calling cap.read()
2025-07-04 14:37:18,703 - app.services.camera_manager - INFO - [webcam1] — cap.read() returned ret=True
2025-07-04 14:37:18,704 - app.services.camera_manager - INFO - [webcam1] saving to C:\Users\HiDigi\OneDrive\Desktop\WebDev\FacialRecognition\static\images\frame_webcam1_26b42402-ee9a-420a-a84f-dc93b56ffd59.jpg
2025-07-04 14:37:18,710 - app.services.camera_manager - INFO - [webcam1] cv2.imwrite() returned True
2025-07-04 14:37:18,781 - app.services.camera_manager - INFO - [webcam1] — iteration 70, calling cap.read()
2025-07-04 14:37:18,781 - app.services.camera_manager - INFO - [webcam1] — cap.read() returned ret=True
2025-07-04 14:37:18,783 - app.services.camera_manager - INFO - [webcam1] saving to C:\Users\HiDigi\OneDrive\Desktop\WebDev\FacialRecognition\static\images\frame_webcam1_e8e98a46-f458-4a38-8b4e-e36e3976dfc1.jpg
2025-07-04 14:37:18,788 - app.services.camera_manager - INFO - [webcam1] cv2.imwrite() returned True
2025-07-04 14:37:18,859 - app.services.camera_manager - INFO - [webcam1] — iteration 71, calling cap.read()
2025-07-04 14:37:18,860 - app.services.camera_manager - INFO - [webcam1] — cap.read() returned ret=True
2025-07-04 14:37:18,862 - app.services.camera_manager - INFO - [webcam1] saving to C:\Users\HiDigi\OneDrive\Desktop\WebDev\FacialRecognition\static\images\frame_webcam1_fffdc454-b965-40bb-bf80-321db27562d9.jpg
2025-07-04 14:37:18,869 - app.services.camera_manager - INFO - [webcam1] cv2.imwrite() returned True
2025-07-04 14:37:18,938 - app.services.camera_manager - INFO - [webcam1] — iteration 72, calling cap.read()
2025-07-04 14:37:18,940 - app.services.camera_manager - INFO - [webcam1] — cap.read() returned ret=True
2025-07-04 14:37:18,942 - app.services.camera_manager - INFO - [webcam1] saving to C:\Users\HiDigi\OneDrive\Desktop\WebDev\FacialRecognition\static\images\frame_webcam1_9cddb85a-645c-4f4f-b95a-696b1d9e7507.jpg
2025-07-04 14:37:18,948 - app.services.camera_manager - INFO - [webcam1] cv2.imwrite() returned True
2025-07-04 14:37:19,015 - app.services.camera_manager - INFO - [webcam1] — iteration 73, calling cap.read()
2025-07-04 14:37:19,016 - app.services.camera_manager - INFO - [webcam1] — cap.read() returned ret=True
2025-07-04 14:37:19,017 - app.services.camera_manager - INFO - [webcam1] saving to C:\Users\HiDigi\OneDrive\Desktop\WebDev\FacialRecognition\static\images\frame_webcam1_ef84d8bf-77f3-4106-a3a8-2164ca3e6bb9.jpg
2025-07-04 14:37:19,022 - app.services.camera_manager - INFO - [webcam1] cv2.imwrite() returned True
2025-07-04 14:37:19,092 - app.services.camera_manager - INFO - [webcam1] — iteration 74, calling cap.read()
2025-07-04 14:37:19,092 - app.services.camera_manager - INFO - [webcam1] — cap.read() returned ret=True
2025-07-04 14:37:19,093 - app.services.camera_manager - INFO - [webcam1] saving to C:\Users\HiDigi\OneDrive\Desktop\WebDev\FacialRecognition\static\images\frame_webcam1_05a6b904-0898-402e-a0f4-92c44d94b34c.jpg
2025-07-04 14:37:19,099 - app.services.camera_manager - INFO - [webcam1] cv2.imwrite() returned True
2025-07-04 14:37:19,170 - app.services.camera_manager - INFO - [webcam1] — iteration 75, calling cap.read()
2025-07-04 14:37:19,171 - app.services.camera_manager - INFO - [webcam1] — cap.read() returned ret=True
2025-07-04 14:37:19,171 - app.services.camera_manager - INFO - [webcam1] saving to C:\Users\HiDigi\OneDrive\Desktop\WebDev\FacialRecognition\static\images\frame_webcam1_7e69a03b-1b51-41fa-84b2-cda1c0fc4c4e.jpg
2025-07-04 14:37:19,178 - app.services.camera_manager - INFO - [webcam1] cv2.imwrite() returned True
2025-07-04 14:37:19,247 - app.services.camera_manager - INFO - [webcam1] — iteration 76, calling cap.read()
2025-07-04 14:37:19,247 - app.services.camera_manager - INFO - [webcam1] — cap.read() returned ret=True
2025-07-04 14:37:19,248 - app.services.camera_manager - INFO - [webcam1] saving to C:\Users\HiDigi\OneDrive\Desktop\WebDev\FacialRecognition\static\images\frame_webcam1_8af662c5-c7c0-4441-916a-8cb06f0057d9.jpg
2025-07-04 14:37:19,254 - app.services.camera_manager - INFO - [webcam1] cv2.imwrite() returned True
2025-07-04 14:37:19,324 - app.services.camera_manager - INFO - [webcam1] — iteration 77, calling cap.read()
2025-07-04 14:37:19,325 - app.services.camera_manager - INFO - [webcam1] — cap.read() returned ret=True
2025-07-04 14:37:19,326 - app.services.camera_manager - INFO - [webcam1] saving to C:\Users\HiDigi\OneDrive\Desktop\WebDev\FacialRecognition\static\images\frame_webcam1_11d3d1e8-eb72-46e7-8f6a-b3c9dd18fc8b.jpg
2025-07-04 14:37:19,332 - app.services.camera_manager - INFO - [webcam1] cv2.imwrite() returned True
2025-07-04 14:37:19,402 - app.services.camera_manager - INFO - [webcam1] — iteration 78, calling cap.read()
2025-07-04 14:37:19,404 - app.services.camera_manager - INFO - [webcam1] — cap.read() returned ret=True
2025-07-04 14:37:19,408 - app.services.camera_manager - INFO - [webcam1] saving to C:\Users\HiDigi\OneDrive\Desktop\WebDev\FacialRecognition\static\images\frame_webcam1_2c944744-bd64-43ea-b290-1d1e16f31f7b.jpg
2025-07-04 14:37:19,421 - app.services.camera_manager - INFO - [webcam1] cv2.imwrite() returned True
2025-07-04 14:37:19,510 - app.services.camera_manager - INFO - [webcam1] — iteration 79, calling cap.read()
2025-07-04 14:37:19,511 - app.services.camera_manager - INFO - [webcam1] — cap.read() returned ret=True
2025-07-04 14:37:19,515 - app.services.camera_manager - INFO - [webcam1] saving to C:\Users\HiDigi\OneDrive\Desktop\WebDev\FacialRecognition\static\images\frame_webcam1_f4683af1-f75d-44d9-87d0-012efa42277c.jpg
2025-07-04 14:37:19,525 - app.services.camera_manager - INFO - [webcam1] cv2.imwrite() returned True
2025-07-04 14:37:19,602 - app.services.camera_manager - INFO - [webcam1] — iteration 80, calling cap.read()
2025-07-04 14:37:19,603 - app.services.camera_manager - INFO - [webcam1] — cap.read() returned ret=True
2025-07-04 14:37:19,604 - app.services.camera_manager - INFO - [webcam1] saving to C:\Users\HiDigi\OneDrive\Desktop\WebDev\FacialRecognition\static\images\frame_webcam1_f8cc0e73-9d41-4570-a65f-fa77f1af6879.jpg
2025-07-04 14:37:19,609 - app.services.camera_manager - INFO - [webcam1] cv2.imwrite() returned True
2025-07-04 14:37:19,695 - app.services.camera_manager - INFO - [webcam1] — iteration 81, calling cap.read()
2025-07-04 14:37:19,697 - app.services.camera_manager - INFO - [webcam1] — cap.read() returned ret=True
2025-07-04 14:37:19,701 - app.services.camera_manager - INFO - [webcam1] saving to C:\Users\HiDigi\OneDrive\Desktop\WebDev\FacialRecognition\static\images\frame_webcam1_a5f6fdc1-0dd3-44bf-b317-011ca8fe9bbb.jpg
2025-07-04 14:37:19,714 - app.services.camera_manager - INFO - [webcam1] cv2.imwrite() returned True
2025-07-04 14:37:19,789 - app.services.camera_manager - INFO - [webcam1] — iteration 82, calling cap.read()
2025-07-04 14:37:19,790 - app.services.camera_manager - INFO - [webcam1] — cap.read() returned ret=True
2025-07-04 14:37:19,791 - app.services.camera_manager - INFO - [webcam1] saving to C:\Users\HiDigi\OneDrive\Desktop\WebDev\FacialRecognition\static\images\frame_webcam1_c4c1b136-1c49-479d-948e-a8b628473c92.jpg
2025-07-04 14:37:19,797 - app.services.camera_manager - INFO - [webcam1] cv2.imwrite() returned True
2025-07-04 14:37:19,880 - app.services.camera_manager - INFO - [webcam1] — iteration 83, calling cap.read()
2025-07-04 14:37:19,881 - app.services.camera_manager - INFO - [webcam1] — cap.read() returned ret=True
2025-07-04 14:37:19,881 - app.services.camera_manager - INFO - [webcam1] saving to C:\Users\HiDigi\OneDrive\Desktop\WebDev\FacialRecognition\static\images\frame_webcam1_69b39fc6-b481-4afa-98aa-449dc4055043.jpg
2025-07-04 14:37:19,887 - app.services.camera_manager - INFO - [webcam1] cv2.imwrite() returned True
2025-07-04 14:37:19,973 - app.services.camera_manager - INFO - [webcam1] — iteration 84, calling cap.read()
2025-07-04 14:37:19,973 - app.services.camera_manager - INFO - [webcam1] — cap.read() returned ret=True
2025-07-04 14:37:19,975 - app.services.camera_manager - INFO - [webcam1] saving to C:\Users\HiDigi\OneDrive\Desktop\WebDev\FacialRecognition\static\images\frame_webcam1_d803170c-e6f7-4f07-943c-73a739bbc79c.jpg
2025-07-04 14:37:19,980 - app.services.camera_manager - INFO - [webcam1] cv2.imwrite() returned True
2025-07-04 14:37:20,065 - app.services.camera_manager - INFO - [webcam1] — iteration 85, calling cap.read()
2025-07-04 14:37:20,065 - app.services.camera_manager - INFO - [webcam1] — cap.read() returned ret=True
2025-07-04 14:37:20,066 - app.services.camera_manager - INFO - [webcam1] saving to C:\Users\HiDigi\OneDrive\Desktop\WebDev\FacialRecognition\static\images\frame_webcam1_9d586eef-c0c5-482c-89e7-89ddca0740b7.jpg
2025-07-04 14:37:20,072 - app.services.camera_manager - INFO - [webcam1] cv2.imwrite() returned True
2025-07-04 14:37:20,141 - app.services.camera_manager - INFO - [webcam1] — iteration 86, calling cap.read()
2025-07-04 14:37:20,141 - app.services.camera_manager - INFO - [webcam1] — cap.read() returned ret=True
2025-07-04 14:37:20,142 - app.services.camera_manager - INFO - [webcam1] saving to C:\Users\HiDigi\OneDrive\Desktop\WebDev\FacialRecognition\static\images\frame_webcam1_820ec918-d8dd-464b-b9c8-d5e49f103aea.jpg
2025-07-04 14:37:20,148 - app.services.camera_manager - INFO - [webcam1] cv2.imwrite() returned True
2025-07-04 14:37:20,220 - app.services.camera_manager - INFO - [webcam1] — iteration 87, calling cap.read()
2025-07-04 14:37:20,221 - app.services.camera_manager - INFO - [webcam1] — cap.read() returned ret=True
2025-07-04 14:37:20,222 - app.services.camera_manager - INFO - [webcam1] saving to C:\Users\HiDigi\OneDrive\Desktop\WebDev\FacialRecognition\static\images\frame_webcam1_8750391e-1c1a-4666-936f-0fc06de4bc58.jpg
2025-07-04 14:37:20,229 - app.services.camera_manager - INFO - [webcam1] cv2.imwrite() returned True
2025-07-04 14:37:20,297 - app.services.camera_manager - INFO - [webcam1] — iteration 88, calling cap.read()
2025-07-04 14:37:20,297 - app.services.camera_manager - INFO - [webcam1] — cap.read() returned ret=True
2025-07-04 14:37:20,298 - app.services.camera_manager - INFO - [webcam1] saving to C:\Users\HiDigi\OneDrive\Desktop\WebDev\FacialRecognition\static\images\frame_webcam1_3da4e6aa-53bb-4ae9-b621-44f29eb5edb7.jpg
2025-07-04 14:37:20,304 - app.services.camera_manager - INFO - [webcam1] cv2.imwrite() returned True
2025-07-04 14:37:20,360 - app.services.camera_manager - INFO - [webcam1] — iteration 89, calling cap.read()
2025-07-04 14:37:20,360 - app.services.camera_manager - INFO - [webcam1] — cap.read() returned ret=True
2025-07-04 14:37:20,361 - app.services.camera_manager - INFO - [webcam1] saving to C:\Users\HiDigi\OneDrive\Desktop\WebDev\FacialRecognition\static\images\frame_webcam1_01b8ce76-110d-44eb-9b46-f67be4e893ac.jpg
2025-07-04 14:37:20,367 - app.services.camera_manager - INFO - [webcam1] cv2.imwrite() returned True
2025-07-04 14:37:20,437 - app.services.camera_manager - INFO - [webcam1] — iteration 90, calling cap.read()
2025-07-04 14:37:20,438 - app.services.camera_manager - INFO - [webcam1] — cap.read() returned ret=True
2025-07-04 14:37:20,439 - app.services.camera_manager - INFO - [webcam1] saving to C:\Users\HiDigi\OneDrive\Desktop\WebDev\FacialRecognition\static\images\frame_webcam1_759edef5-b557-43b7-b599-246d09b37a83.jpg
2025-07-04 14:37:20,444 - app.services.camera_manager - INFO - [webcam1] cv2.imwrite() returned True
2025-07-04 14:37:20,514 - app.services.camera_manager - INFO - [webcam1] — iteration 91, calling cap.read()
2025-07-04 14:37:20,514 - app.services.camera_manager - INFO - [webcam1] — cap.read() returned ret=True
2025-07-04 14:37:20,515 - app.services.camera_manager - INFO - [webcam1] saving to C:\Users\HiDigi\OneDrive\Desktop\WebDev\FacialRecognition\static\images\frame_webcam1_38e957f7-4f95-4c07-9c21-dd57bced417e.jpg
2025-07-04 14:37:20,522 - app.services.camera_manager - INFO - [webcam1] cv2.imwrite() returned True
2025-07-04 14:37:20,592 - app.services.camera_manager - INFO - [webcam1] — iteration 92, calling cap.read()
2025-07-04 14:37:20,592 - app.services.camera_manager - INFO - [webcam1] — cap.read() returned ret=True
2025-07-04 14:37:20,592 - app.services.camera_manager - INFO - [webcam1] saving to C:\Users\HiDigi\OneDrive\Desktop\WebDev\FacialRecognition\static\images\frame_webcam1_05fb18f5-30d0-4aca-b7c6-7c860a782a9a.jpg
2025-07-04 14:37:20,598 - app.services.camera_manager - INFO - [webcam1] cv2.imwrite() returned True
2025-07-04 14:37:20,670 - app.services.camera_manager - INFO - [webcam1] — iteration 93, calling cap.read()
2025-07-04 14:37:20,671 - app.services.camera_manager - INFO - [webcam1] — cap.read() returned ret=True
2025-07-04 14:37:20,672 - app.services.camera_manager - INFO - [webcam1] saving to C:\Users\HiDigi\OneDrive\Desktop\WebDev\FacialRecognition\static\images\frame_webcam1_f0f251e6-ad8e-412b-a4e7-eb25faa49502.jpg
2025-07-04 14:37:20,677 - app.services.camera_manager - INFO - [webcam1] cv2.imwrite() returned True
2025-07-04 14:37:20,746 - app.services.camera_manager - INFO - [webcam1] — iteration 94, calling cap.read()
2025-07-04 14:37:20,746 - app.services.camera_manager - INFO - [webcam1] — cap.read() returned ret=True
2025-07-04 14:37:20,747 - app.services.camera_manager - INFO - [webcam1] saving to C:\Users\HiDigi\OneDrive\Desktop\WebDev\FacialRecognition\static\images\frame_webcam1_7ec8a31d-3ad1-4756-9d22-690e06b46cf4.jpg
2025-07-04 14:37:20,753 - app.services.camera_manager - INFO - [webcam1] cv2.imwrite() returned True
2025-07-04 14:37:20,823 - app.services.camera_manager - INFO - [webcam1] — iteration 95, calling cap.read()
2025-07-04 14:37:20,823 - app.services.camera_manager - INFO - [webcam1] — cap.read() returned ret=True
2025-07-04 14:37:20,825 - app.services.camera_manager - INFO - [webcam1] saving to C:\Users\HiDigi\OneDrive\Desktop\WebDev\FacialRecognition\static\images\frame_webcam1_efadd081-ddd7-4358-b56b-46fd67f038dc.jpg
2025-07-04 14:37:20,831 - app.services.camera_manager - INFO - [webcam1] cv2.imwrite() returned True
2025-07-04 14:37:20,901 - app.services.camera_manager - INFO - [webcam1] — iteration 96, calling cap.read()
2025-07-04 14:37:20,901 - app.services.camera_manager - INFO - [webcam1] — cap.read() returned ret=True
2025-07-04 14:37:20,903 - app.services.camera_manager - INFO - [webcam1] saving to C:\Users\HiDigi\OneDrive\Desktop\WebDev\FacialRecognition\static\images\frame_webcam1_4401478b-48a8-47d4-a548-31bd3834ce76.jpg
2025-07-04 14:37:20,908 - app.services.camera_manager - INFO - [webcam1] cv2.imwrite() returned True
2025-07-04 14:37:20,995 - app.services.camera_manager - INFO - [webcam1] — iteration 97, calling cap.read()
2025-07-04 14:37:20,995 - app.services.camera_manager - INFO - [webcam1] — cap.read() returned ret=True
2025-07-04 14:37:20,996 - app.services.camera_manager - INFO - [webcam1] saving to C:\Users\HiDigi\OneDrive\Desktop\WebDev\FacialRecognition\static\images\frame_webcam1_c9e287eb-7612-47d1-9d34-8f552c06d205.jpg
2025-07-04 14:37:21,002 - app.services.camera_manager - INFO - [webcam1] cv2.imwrite() returned True
2025-07-04 14:37:21,088 - app.services.camera_manager - INFO - [webcam1] — iteration 98, calling cap.read()
2025-07-04 14:37:21,089 - app.services.camera_manager - INFO - [webcam1] — cap.read() returned ret=True
2025-07-04 14:37:21,090 - app.services.camera_manager - INFO - [webcam1] saving to C:\Users\HiDigi\OneDrive\Desktop\WebDev\FacialRecognition\static\images\frame_webcam1_c2a050c9-13eb-4445-bb26-24c0f85efebb.jpg
2025-07-04 14:37:21,096 - app.services.camera_manager - INFO - [webcam1] cv2.imwrite() returned True
2025-07-04 14:37:21,181 - app.services.camera_manager - INFO - [webcam1] — iteration 99, calling cap.read()
2025-07-04 14:37:21,182 - app.services.camera_manager - INFO - [webcam1] — cap.read() returned ret=True
2025-07-04 14:37:21,183 - app.services.camera_manager - INFO - [webcam1] saving to C:\Users\HiDigi\OneDrive\Desktop\WebDev\FacialRecognition\static\images\frame_webcam1_dd4232c5-e800-47a0-8cb9-04fbcf5a5135.jpg
2025-07-04 14:37:21,189 - app.services.camera_manager - INFO - [webcam1] cv2.imwrite() returned True
2025-07-04 14:37:21,273 - app.services.camera_manager - INFO - [webcam1] — iteration 100, calling cap.read()
2025-07-04 14:37:21,274 - app.services.camera_manager - INFO - [webcam1] — cap.read() returned ret=True
2025-07-04 14:37:21,274 - app.services.camera_manager - INFO - [webcam1] saving to C:\Users\HiDigi\OneDrive\Desktop\WebDev\FacialRecognition\static\images\frame_webcam1_1305a6a0-169f-4214-9f9e-54558642c844.jpg
2025-07-04 14:37:21,280 - app.services.camera_manager - INFO - [webcam1] cv2.imwrite() returned True
2025-07-04 14:37:21,366 - app.services.camera_manager - INFO - [webcam1] — iteration 101, calling cap.read()
2025-07-04 14:37:21,367 - app.services.camera_manager - INFO - [webcam1] — cap.read() returned ret=True
2025-07-04 14:37:21,368 - app.services.camera_manager - INFO - [webcam1] saving to C:\Users\HiDigi\OneDrive\Desktop\WebDev\FacialRecognition\static\images\frame_webcam1_845a6f1c-ae16-4a6d-86a2-d0ba2bef081a.jpg
2025-07-04 14:37:21,373 - app.services.camera_manager - INFO - [webcam1] cv2.imwrite() returned True
2025-07-04 14:37:21,460 - app.services.camera_manager - INFO - [webcam1] — iteration 102, calling cap.read()
2025-07-04 14:37:21,460 - app.services.camera_manager - INFO - [webcam1] — cap.read() returned ret=True
2025-07-04 14:37:21,462 - app.services.camera_manager - INFO - [webcam1] saving to C:\Users\HiDigi\OneDrive\Desktop\WebDev\FacialRecognition\static\images\frame_webcam1_c40eb0e0-4cfb-4a63-a560-90d1e4d1acf4.jpg
2025-07-04 14:37:21,467 - app.services.camera_manager - INFO - [webcam1] cv2.imwrite() returned True
2025-07-04 14:37:21,550 - app.services.camera_manager - INFO - [webcam1] — iteration 103, calling cap.read()
2025-07-04 14:37:21,551 - app.services.camera_manager - INFO - [webcam1] — cap.read() returned ret=True
2025-07-04 14:37:21,552 - app.services.camera_manager - INFO - [webcam1] saving to C:\Users\HiDigi\OneDrive\Desktop\WebDev\FacialRecognition\static\images\frame_webcam1_2c25dd3f-2785-47ab-a713-bcaea5ad055e.jpg
2025-07-04 14:37:21,558 - app.services.camera_manager - INFO - [webcam1] cv2.imwrite() returned True
2025-07-04 14:37:21,613 - app.services.camera_manager - INFO - [webcam1] — iteration 104, calling cap.read()
2025-07-04 14:37:21,613 - app.services.camera_manager - INFO - [webcam1] — cap.read() returned ret=True
2025-07-04 14:37:21,614 - app.services.camera_manager - INFO - [webcam1] saving to C:\Users\HiDigi\OneDrive\Desktop\WebDev\FacialRecognition\static\images\frame_webcam1_69f8a551-1b10-413c-9aab-17cf4356bc76.jpg
2025-07-04 14:37:21,620 - app.services.camera_manager - INFO - [webcam1] cv2.imwrite() returned True
2025-07-04 14:37:21,689 - app.services.camera_manager - INFO - [webcam1] — iteration 105, calling cap.read()
2025-07-04 14:37:21,690 - app.services.camera_manager - INFO - [webcam1] — cap.read() returned ret=True
2025-07-04 14:37:21,691 - app.services.camera_manager - INFO - [webcam1] saving to C:\Users\HiDigi\OneDrive\Desktop\WebDev\FacialRecognition\static\images\frame_webcam1_14070845-daee-4ade-8151-b4baf13352f7.jpg
2025-07-04 14:37:21,697 - app.services.camera_manager - INFO - [webcam1] cv2.imwrite() returned True
2025-07-04 14:37:21,768 - app.services.camera_manager - INFO - [webcam1] — iteration 106, calling cap.read()
2025-07-04 14:37:21,769 - app.services.camera_manager - INFO - [webcam1] — cap.read() returned ret=True
2025-07-04 14:37:21,770 - app.services.camera_manager - INFO - [webcam1] saving to C:\Users\HiDigi\OneDrive\Desktop\WebDev\FacialRecognition\static\images\frame_webcam1_ea330baa-10d1-4a27-9bfc-c35843c6e3a8.jpg
2025-07-04 14:37:21,775 - app.services.camera_manager - INFO - [webcam1] cv2.imwrite() returned True
2025-07-04 14:37:21,831 - app.services.camera_manager - INFO - [webcam1] — iteration 107, calling cap.read()
2025-07-04 14:37:21,832 - app.services.camera_manager - INFO - [webcam1] — cap.read() returned ret=True
2025-07-04 14:37:21,833 - app.services.camera_manager - INFO - [webcam1] saving to C:\Users\HiDigi\OneDrive\Desktop\WebDev\FacialRecognition\static\images\frame_webcam1_2d6b5090-c6f6-435a-b1a6-ca3ebf305a58.jpg
2025-07-04 14:37:21,838 - app.services.camera_manager - INFO - [webcam1] cv2.imwrite() returned True
2025-07-04 14:37:21,908 - app.services.camera_manager - INFO - [webcam1] — iteration 108, calling cap.read()
2025-07-04 14:37:21,908 - app.services.camera_manager - INFO - [webcam1] — cap.read() returned ret=True
2025-07-04 14:37:21,909 - app.services.camera_manager - INFO - [webcam1] saving to C:\Users\HiDigi\OneDrive\Desktop\WebDev\FacialRecognition\static\images\frame_webcam1_12d17107-2290-4f4f-8b0d-c26e4c3d6167.jpg
2025-07-04 14:37:21,915 - app.services.camera_manager - INFO - [webcam1] cv2.imwrite() returned True
2025-07-04 14:37:21,985 - app.services.camera_manager - INFO - [webcam1] — iteration 109, calling cap.read()
2025-07-04 14:37:21,987 - app.services.camera_manager - INFO - [webcam1] — cap.read() returned ret=True
2025-07-04 14:37:21,991 - app.services.camera_manager - INFO - [webcam1] saving to C:\Users\HiDigi\OneDrive\Desktop\WebDev\FacialRecognition\static\images\frame_webcam1_7b55f48c-c118-4e7a-bb9e-46a913b38ca5.jpg
2025-07-04 14:37:21,997 - app.services.camera_manager - INFO - [webcam1] cv2.imwrite() returned True
2025-07-04 14:37:22,077 - app.services.camera_manager - INFO - [webcam1] — iteration 110, calling cap.read()
2025-07-04 14:37:22,078 - app.services.camera_manager - INFO - [webcam1] — cap.read() returned ret=True
2025-07-04 14:37:22,079 - app.services.camera_manager - INFO - [webcam1] saving to C:\Users\HiDigi\OneDrive\Desktop\WebDev\FacialRecognition\static\images\frame_webcam1_979134c7-cc5f-46d5-934c-5e74b10797a1.jpg
2025-07-04 14:37:22,085 - app.services.camera_manager - INFO - [webcam1] cv2.imwrite() returned True
2025-07-04 14:37:22,153 - app.services.camera_manager - INFO - [webcam1] — iteration 111, calling cap.read()
2025-07-04 14:37:22,154 - app.services.camera_manager - INFO - [webcam1] — cap.read() returned ret=True
2025-07-04 14:37:22,155 - app.services.camera_manager - INFO - [webcam1] saving to C:\Users\HiDigi\OneDrive\Desktop\WebDev\FacialRecognition\static\images\frame_webcam1_bfdcc990-20cf-4c3a-abfa-438f5a83fdb8.jpg
2025-07-04 14:37:22,162 - app.services.camera_manager - INFO - [webcam1] cv2.imwrite() returned True
2025-07-04 14:37:22,229 - app.services.camera_manager - INFO - [webcam1] — iteration 112, calling cap.read()
2025-07-04 14:37:22,229 - app.services.camera_manager - INFO - [webcam1] — cap.read() returned ret=True
2025-07-04 14:37:22,230 - app.services.camera_manager - INFO - [webcam1] saving to C:\Users\HiDigi\OneDrive\Desktop\WebDev\FacialRecognition\static\images\frame_webcam1_4bc50a1e-bf35-4e26-8c1f-12732e1a2987.jpg
2025-07-04 14:37:22,237 - app.services.camera_manager - INFO - [webcam1] cv2.imwrite() returned True
2025-07-04 14:37:22,311 - app.services.camera_manager - INFO - [webcam1] — iteration 113, calling cap.read()
2025-07-04 14:37:22,311 - app.services.camera_manager - INFO - [webcam1] — cap.read() returned ret=True
2025-07-04 14:37:22,312 - app.services.camera_manager - INFO - [webcam1] saving to C:\Users\HiDigi\OneDrive\Desktop\WebDev\FacialRecognition\static\images\frame_webcam1_edfadfb8-4be2-4ede-aaae-f9438ee9adb3.jpg
2025-07-04 14:37:22,318 - app.services.camera_manager - INFO - [webcam1] cv2.imwrite() returned True
2025-07-04 14:37:22,379 - app.services.camera_manager - INFO - [webcam1] — iteration 114, calling cap.read()
2025-07-04 14:37:22,379 - app.services.camera_manager - INFO - [webcam1] — cap.read() returned ret=True
2025-07-04 14:37:22,380 - app.services.camera_manager - INFO - [webcam1] saving to C:\Users\HiDigi\OneDrive\Desktop\WebDev\FacialRecognition\static\images\frame_webcam1_673d73c1-9a14-4d48-aba5-62352557d619.jpg
2025-07-04 14:37:22,385 - app.services.camera_manager - INFO - [webcam1] cv2.imwrite() returned True
2025-07-04 14:37:22,453 - app.services.camera_manager - INFO - [webcam1] — iteration 115, calling cap.read()
2025-07-04 14:37:22,453 - app.services.camera_manager - INFO - [webcam1] — cap.read() returned ret=True
2025-07-04 14:37:22,454 - app.services.camera_manager - INFO - [webcam1] saving to C:\Users\HiDigi\OneDrive\Desktop\WebDev\FacialRecognition\static\images\frame_webcam1_79cfc723-a998-4488-b8a3-6ad88315b94e.jpg
2025-07-04 14:37:22,460 - app.services.camera_manager - INFO - [webcam1] cv2.imwrite() returned True
2025-07-04 14:37:22,528 - app.services.camera_manager - INFO - [webcam1] — iteration 116, calling cap.read()
2025-07-04 14:37:22,528 - app.services.camera_manager - INFO - [webcam1] — cap.read() returned ret=True
2025-07-04 14:37:22,530 - app.services.camera_manager - INFO - [webcam1] saving to C:\Users\HiDigi\OneDrive\Desktop\WebDev\FacialRecognition\static\images\frame_webcam1_484d8daf-9b9a-4538-9e59-23c2d289b714.jpg
2025-07-04 14:37:22,535 - app.services.camera_manager - INFO - [webcam1] cv2.imwrite() returned True
2025-07-04 14:37:22,595 - app.services.camera_manager - INFO - [webcam1] — iteration 117, calling cap.read()
2025-07-04 14:37:22,595 - app.services.camera_manager - INFO - [webcam1] — cap.read() returned ret=True
2025-07-04 14:37:22,596 - app.services.camera_manager - INFO - [webcam1] saving to C:\Users\HiDigi\OneDrive\Desktop\WebDev\FacialRecognition\static\images\frame_webcam1_bf5cf488-db97-48a3-82c6-b61513060478.jpg
2025-07-04 14:37:22,601 - app.services.camera_manager - INFO - [webcam1] cv2.imwrite() returned True
2025-07-04 14:37:22,670 - app.services.camera_manager - INFO - [webcam1] — iteration 118, calling cap.read()
2025-07-04 14:37:22,671 - app.services.camera_manager - INFO - [webcam1] — cap.read() returned ret=True
2025-07-04 14:37:22,672 - app.services.camera_manager - INFO - [webcam1] saving to C:\Users\HiDigi\OneDrive\Desktop\WebDev\FacialRecognition\static\images\frame_webcam1_45f848fe-ac48-4193-b5ef-4a661088c91d.jpg
2025-07-04 14:37:22,679 - app.services.camera_manager - INFO - [webcam1] cv2.imwrite() returned True
2025-07-04 14:37:22,747 - app.services.camera_manager - INFO - [webcam1] — iteration 119, calling cap.read()
2025-07-04 14:37:22,747 - app.services.camera_manager - INFO - [webcam1] — cap.read() returned ret=True
2025-07-04 14:37:22,748 - app.services.camera_manager - INFO - [webcam1] saving to C:\Users\HiDigi\OneDrive\Desktop\WebDev\FacialRecognition\static\images\frame_webcam1_77b49f00-a534-460e-9d06-de216ebade51.jpg
2025-07-04 14:37:22,754 - app.services.camera_manager - INFO - [webcam1] cv2.imwrite() returned True
2025-07-04 14:37:22,814 - app.services.camera_manager - INFO - [webcam1] — iteration 120, calling cap.read()
2025-07-04 14:37:22,814 - app.services.camera_manager - INFO - [webcam1] — cap.read() returned ret=True
2025-07-04 14:37:22,815 - app.services.camera_manager - INFO - [webcam1] saving to C:\Users\HiDigi\OneDrive\Desktop\WebDev\FacialRecognition\static\images\frame_webcam1_06c7e9cf-7e8d-485e-b1ea-df49051cd912.jpg
2025-07-04 14:37:22,821 - app.services.camera_manager - INFO - [webcam1] cv2.imwrite() returned True
2025-07-04 14:37:22,888 - app.services.camera_manager - INFO - [webcam1] — iteration 121, calling cap.read()
2025-07-04 14:37:22,888 - app.services.camera_manager - INFO - [webcam1] — cap.read() returned ret=True
2025-07-04 14:37:22,889 - app.services.camera_manager - INFO - [webcam1] saving to C:\Users\HiDigi\OneDrive\Desktop\WebDev\FacialRecognition\static\images\frame_webcam1_618d3374-0413-433d-9ca2-36947659a047.jpg
2025-07-04 14:37:22,895 - app.services.camera_manager - INFO - [webcam1] cv2.imwrite() returned True
2025-07-04 14:37:22,962 - app.services.camera_manager - INFO - [webcam1] — iteration 122, calling cap.read()
2025-07-04 14:37:22,962 - app.services.camera_manager - INFO - [webcam1] — cap.read() returned ret=True
2025-07-04 14:37:22,963 - app.services.camera_manager - INFO - [webcam1] saving to C:\Users\HiDigi\OneDrive\Desktop\WebDev\FacialRecognition\static\images\frame_webcam1_0cafc042-b144-4c92-81e7-041fac67eaeb.jpg
2025-07-04 14:37:22,969 - app.services.camera_manager - INFO - [webcam1] cv2.imwrite() returned True
2025-07-04 14:37:23,044 - app.services.camera_manager - INFO - [webcam1] — iteration 123, calling cap.read()
2025-07-04 14:37:23,044 - app.services.camera_manager - INFO - [webcam1] — cap.read() returned ret=True
2025-07-04 14:37:23,045 - app.services.camera_manager - INFO - [webcam1] saving to C:\Users\HiDigi\OneDrive\Desktop\WebDev\FacialRecognition\static\images\frame_webcam1_fa7e007b-6e1f-4835-b570-379228b5fca3.jpg
2025-07-04 14:37:23,050 - app.services.camera_manager - INFO - [webcam1] cv2.imwrite() returned True
2025-07-04 14:37:23,125 - app.services.camera_manager - INFO - [webcam1] — iteration 124, calling cap.read()
2025-07-04 14:37:23,125 - app.services.camera_manager - INFO - [webcam1] — cap.read() returned ret=True
2025-07-04 14:37:23,126 - app.services.camera_manager - INFO - [webcam1] saving to C:\Users\HiDigi\OneDrive\Desktop\WebDev\FacialRecognition\static\images\frame_webcam1_3cfaf5ca-e7ee-409d-aee5-0b9da67f5858.jpg
2025-07-04 14:37:23,132 - app.services.camera_manager - INFO - [webcam1] cv2.imwrite() returned True
2025-07-04 14:37:23,186 - app.services.camera_manager - INFO - [webcam1] — iteration 125, calling cap.read()
2025-07-04 14:37:23,186 - app.services.camera_manager - INFO - [webcam1] — cap.read() returned ret=True
2025-07-04 14:37:23,187 - app.services.camera_manager - INFO - [webcam1] saving to C:\Users\HiDigi\OneDrive\Desktop\WebDev\FacialRecognition\static\images\frame_webcam1_fd538f6f-be23-49cf-9d47-f5fe3670f055.jpg
2025-07-04 14:37:23,193 - app.services.camera_manager - INFO - [webcam1] cv2.imwrite() returned True
2025-07-04 14:37:23,261 - app.services.camera_manager - INFO - [webcam1] — iteration 126, calling cap.read()
2025-07-04 14:37:23,261 - app.services.camera_manager - INFO - [webcam1] — cap.read() returned ret=True
2025-07-04 14:37:23,262 - app.services.camera_manager - INFO - [webcam1] saving to C:\Users\HiDigi\OneDrive\Desktop\WebDev\FacialRecognition\static\images\frame_webcam1_b98f1d0e-010f-4209-af15-f8aa96fe14ad.jpg
2025-07-04 14:37:23,268 - app.services.camera_manager - INFO - [webcam1] cv2.imwrite() returned True
2025-07-04 14:37:23,343 - app.services.camera_manager - INFO - [webcam1] — iteration 127, calling cap.read()
2025-07-04 14:37:23,343 - app.services.camera_manager - INFO - [webcam1] — cap.read() returned ret=True
2025-07-04 14:37:23,344 - app.services.camera_manager - INFO - [webcam1] saving to C:\Users\HiDigi\OneDrive\Desktop\WebDev\FacialRecognition\static\images\frame_webcam1_30f06107-9aff-43b9-9adb-e383e90683c7.jpg
2025-07-04 14:37:23,350 - app.services.camera_manager - INFO - [webcam1] cv2.imwrite() returned True
2025-07-04 14:37:23,409 - app.services.camera_manager - INFO - [webcam1] — iteration 128, calling cap.read()
2025-07-04 14:37:23,409 - app.services.camera_manager - INFO - [webcam1] — cap.read() returned ret=True
2025-07-04 14:37:23,410 - app.services.camera_manager - INFO - [webcam1] saving to C:\Users\HiDigi\OneDrive\Desktop\WebDev\FacialRecognition\static\images\frame_webcam1_31eec2e5-b9a0-4742-8e6a-8b34786f340e.jpg
2025-07-04 14:37:23,416 - app.services.camera_manager - INFO - [webcam1] cv2.imwrite() returned True
2025-07-04 14:37:23,483 - app.services.camera_manager - INFO - [webcam1] — iteration 129, calling cap.read()
2025-07-04 14:37:23,483 - app.services.camera_manager - INFO - [webcam1] — cap.read() returned ret=True
2025-07-04 14:37:23,484 - app.services.camera_manager - INFO - [webcam1] saving to C:\Users\HiDigi\OneDrive\Desktop\WebDev\FacialRecognition\static\images\frame_webcam1_3a62ff0e-b638-4da3-969e-d3e45ffadfdc.jpg
2025-07-04 14:37:23,490 - app.services.camera_manager - INFO - [webcam1] cv2.imwrite() returned True
2025-07-04 14:37:23,558 - app.services.camera_manager - INFO - [webcam1] — iteration 130, calling cap.read()
2025-07-04 14:37:23,558 - app.services.camera_manager - INFO - [webcam1] — cap.read() returned ret=True
2025-07-04 14:37:23,560 - app.services.camera_manager - INFO - [webcam1] saving to C:\Users\HiDigi\OneDrive\Desktop\WebDev\FacialRecognition\static\images\frame_webcam1_436e895c-c6cd-417a-bb7c-64d40efd52e7.jpg
2025-07-04 14:37:23,565 - app.services.camera_manager - INFO - [webcam1] cv2.imwrite() returned True
2025-07-04 14:37:23,641 - app.services.camera_manager - INFO - [webcam1] — iteration 131, calling cap.read()
2025-07-04 14:37:23,641 - app.services.camera_manager - INFO - [webcam1] — cap.read() returned ret=True
2025-07-04 14:37:23,642 - app.services.camera_manager - INFO - [webcam1] saving to C:\Users\HiDigi\OneDrive\Desktop\WebDev\FacialRecognition\static\images\frame_webcam1_3203c423-955f-4393-91d4-bb88ffd05fea.jpg
2025-07-04 14:37:23,648 - app.services.camera_manager - INFO - [webcam1] cv2.imwrite() returned True
2025-07-04 14:37:23,706 - app.services.camera_manager - INFO - [webcam1] — iteration 132, calling cap.read()
2025-07-04 14:37:23,706 - app.services.camera_manager - INFO - [webcam1] — cap.read() returned ret=True
2025-07-04 14:37:23,707 - app.services.camera_manager - INFO - [webcam1] saving to C:\Users\HiDigi\OneDrive\Desktop\WebDev\FacialRecognition\static\images\frame_webcam1_e8b87154-76bc-4dc2-b0c9-c09bcf6f745e.jpg
2025-07-04 14:37:23,713 - app.services.camera_manager - INFO - [webcam1] cv2.imwrite() returned True
2025-07-04 14:37:23,782 - app.services.camera_manager - INFO - [webcam1] — iteration 133, calling cap.read()
2025-07-04 14:37:23,782 - app.services.camera_manager - INFO - [webcam1] — cap.read() returned ret=True
2025-07-04 14:37:23,783 - app.services.camera_manager - INFO - [webcam1] saving to C:\Users\HiDigi\OneDrive\Desktop\WebDev\FacialRecognition\static\images\frame_webcam1_549ac811-5257-4bdc-8ebe-2a7943c4d910.jpg
2025-07-04 14:37:23,789 - app.services.camera_manager - INFO - [webcam1] cv2.imwrite() returned True
2025-07-04 14:37:23,856 - app.services.camera_manager - INFO - [webcam1] — iteration 134, calling cap.read()
2025-07-04 14:37:23,856 - app.services.camera_manager - INFO - [webcam1] — cap.read() returned ret=True
2025-07-04 14:37:23,857 - app.services.camera_manager - INFO - [webcam1] saving to C:\Users\HiDigi\OneDrive\Desktop\WebDev\FacialRecognition\static\images\frame_webcam1_12e48523-3ba0-4174-9e5a-9b7c3ef7e734.jpg
2025-07-04 14:37:23,863 - app.services.camera_manager - INFO - [webcam1] cv2.imwrite() returned True
2025-07-04 14:37:23,922 - app.services.camera_manager - INFO - [webcam1] — iteration 135, calling cap.read()
2025-07-04 14:37:23,922 - app.services.camera_manager - INFO - [webcam1] — cap.read() returned ret=True
2025-07-04 14:37:23,923 - app.services.camera_manager - INFO - [webcam1] saving to C:\Users\HiDigi\OneDrive\Desktop\WebDev\FacialRecognition\static\images\frame_webcam1_cb04aa7a-0287-49f8-9d8c-dfb6df1ecc3a.jpg
2025-07-04 14:37:23,929 - app.services.camera_manager - INFO - [webcam1] cv2.imwrite() returned True
2025-07-04 14:37:23,998 - app.services.camera_manager - INFO - [webcam1] — iteration 136, calling cap.read()
2025-07-04 14:37:23,998 - app.services.camera_manager - INFO - [webcam1] — cap.read() returned ret=True
2025-07-04 14:37:24,000 - app.services.camera_manager - INFO - [webcam1] saving to C:\Users\HiDigi\OneDrive\Desktop\WebDev\FacialRecognition\static\images\frame_webcam1_7d8ce925-abbb-4683-8a51-2d8f2cb5d660.jpg
2025-07-04 14:37:24,005 - app.services.camera_manager - INFO - [webcam1] cv2.imwrite() returned True
2025-07-04 14:37:24,073 - app.services.camera_manager - INFO - [webcam1] — iteration 137, calling cap.read()
2025-07-04 14:37:24,073 - app.services.camera_manager - INFO - [webcam1] — cap.read() returned ret=True
2025-07-04 14:37:24,074 - app.services.camera_manager - INFO - [webcam1] saving to C:\Users\HiDigi\OneDrive\Desktop\WebDev\FacialRecognition\static\images\frame_webcam1_10b3678d-e04e-4abf-9b6c-c410e71cfc99.jpg
2025-07-04 14:37:24,080 - app.services.camera_manager - INFO - [webcam1] cv2.imwrite() returned True
2025-07-04 14:37:24,155 - app.services.camera_manager - INFO - [webcam1] — iteration 138, calling cap.read()
2025-07-04 14:37:24,155 - app.services.camera_manager - INFO - [webcam1] — cap.read() returned ret=True
2025-07-04 14:37:24,156 - app.services.camera_manager - INFO - [webcam1] saving to C:\Users\HiDigi\OneDrive\Desktop\WebDev\FacialRecognition\static\images\frame_webcam1_b2a56663-5414-43ac-a6c5-e1374b3d6955.jpg
2025-07-04 14:37:24,162 - app.services.camera_manager - INFO - [webcam1] cv2.imwrite() returned True
2025-07-04 14:37:24,222 - app.services.camera_manager - INFO - [webcam1] — iteration 139, calling cap.read()
2025-07-04 14:37:24,222 - app.services.camera_manager - INFO - [webcam1] — cap.read() returned ret=True
2025-07-04 14:37:24,223 - app.services.camera_manager - INFO - [webcam1] saving to C:\Users\HiDigi\OneDrive\Desktop\WebDev\FacialRecognition\static\images\frame_webcam1_d8ebf17f-1049-4673-8ee0-babc2f7fbb24.jpg
2025-07-04 14:37:24,229 - app.services.camera_manager - INFO - [webcam1] cv2.imwrite() returned True
2025-07-04 14:37:24,296 - app.services.camera_manager - INFO - [webcam1] — iteration 140, calling cap.read()
2025-07-04 14:37:24,296 - app.services.camera_manager - INFO - [webcam1] — cap.read() returned ret=True
2025-07-04 14:37:24,298 - app.services.camera_manager - INFO - [webcam1] saving to C:\Users\HiDigi\OneDrive\Desktop\WebDev\FacialRecognition\static\images\frame_webcam1_13fa9340-ce4e-4be8-8497-a1fcdf940eb0.jpg
2025-07-04 14:37:24,303 - app.services.camera_manager - INFO - [webcam1] cv2.imwrite() returned True
2025-07-04 14:37:24,372 - app.services.camera_manager - INFO - [webcam1] — iteration 141, calling cap.read()
2025-07-04 14:37:24,372 - app.services.camera_manager - INFO - [webcam1] — cap.read() returned ret=True
2025-07-04 14:37:24,373 - app.services.camera_manager - INFO - [webcam1] saving to C:\Users\HiDigi\OneDrive\Desktop\WebDev\FacialRecognition\static\images\frame_webcam1_c3756051-d665-4df9-a2ea-5973322f2a21.jpg
2025-07-04 14:37:24,379 - app.services.camera_manager - INFO - [webcam1] cv2.imwrite() returned True
2025-07-04 14:37:24,453 - app.services.camera_manager - INFO - [webcam1] — iteration 142, calling cap.read()
2025-07-04 14:37:24,454 - app.services.camera_manager - INFO - [webcam1] — cap.read() returned ret=True
2025-07-04 14:37:24,454 - app.services.camera_manager - INFO - [webcam1] saving to C:\Users\HiDigi\OneDrive\Desktop\WebDev\FacialRecognition\static\images\frame_webcam1_d72693e1-f159-4011-b3ec-2b74ec7660cc.jpg
2025-07-04 14:37:24,461 - app.services.camera_manager - INFO - [webcam1] cv2.imwrite() returned True
2025-07-04 14:37:24,522 - app.services.camera_manager - INFO - [webcam1] — iteration 143, calling cap.read()
2025-07-04 14:37:24,522 - app.services.camera_manager - INFO - [webcam1] — cap.read() returned ret=True
2025-07-04 14:37:24,523 - app.services.camera_manager - INFO - [webcam1] saving to C:\Users\HiDigi\OneDrive\Desktop\WebDev\FacialRecognition\static\images\frame_webcam1_39a71063-b2f0-49d1-9c16-3cbf7de1bbc1.jpg
2025-07-04 14:37:24,529 - app.services.camera_manager - INFO - [webcam1] cv2.imwrite() returned True
2025-07-04 14:37:24,597 - app.services.camera_manager - INFO - [webcam1] — iteration 144, calling cap.read()
2025-07-04 14:37:24,597 - app.services.camera_manager - INFO - [webcam1] — cap.read() returned ret=True
2025-07-04 14:37:24,599 - app.services.camera_manager - INFO - [webcam1] saving to C:\Users\HiDigi\OneDrive\Desktop\WebDev\FacialRecognition\static\images\frame_webcam1_80d0c5e9-d1c7-4c9f-af84-3496ad9a0364.jpg
2025-07-04 14:37:24,604 - app.services.camera_manager - INFO - [webcam1] cv2.imwrite() returned True
2025-07-04 14:37:24,673 - app.services.camera_manager - INFO - [webcam1] — iteration 145, calling cap.read()
2025-07-04 14:37:24,674 - app.services.camera_manager - INFO - [webcam1] — cap.read() returned ret=True
2025-07-04 14:37:24,675 - app.services.camera_manager - INFO - [webcam1] saving to C:\Users\HiDigi\OneDrive\Desktop\WebDev\FacialRecognition\static\images\frame_webcam1_7480848b-e25c-403e-9cd4-18bb489e660a.jpg
2025-07-04 14:37:24,681 - app.services.camera_manager - INFO - [webcam1] cv2.imwrite() returned True
2025-07-04 14:37:24,741 - app.services.camera_manager - INFO - [webcam1] — iteration 146, calling cap.read()
2025-07-04 14:37:24,741 - app.services.camera_manager - INFO - [webcam1] — cap.read() returned ret=True
2025-07-04 14:37:24,742 - app.services.camera_manager - INFO - [webcam1] saving to C:\Users\HiDigi\OneDrive\Desktop\WebDev\FacialRecognition\static\images\frame_webcam1_96ff5f8c-f087-496d-866c-0add51b27216.jpg
2025-07-04 14:37:24,748 - app.services.camera_manager - INFO - [webcam1] cv2.imwrite() returned True
2025-07-04 14:37:24,822 - app.services.camera_manager - INFO - [webcam1] — iteration 147, calling cap.read()
2025-07-04 14:37:24,822 - app.services.camera_manager - INFO - [webcam1] — cap.read() returned ret=True
2025-07-04 14:37:24,823 - app.services.camera_manager - INFO - [webcam1] saving to C:\Users\HiDigi\OneDrive\Desktop\WebDev\FacialRecognition\static\images\frame_webcam1_5fbb10aa-c299-4203-90be-af0d778f4137.jpg
2025-07-04 14:37:24,829 - app.services.camera_manager - INFO - [webcam1] cv2.imwrite() returned True
2025-07-04 14:37:24,897 - app.services.camera_manager - INFO - [webcam1] — iteration 148, calling cap.read()
2025-07-04 14:37:24,897 - app.services.camera_manager - INFO - [webcam1] — cap.read() returned ret=True
2025-07-04 14:37:24,898 - app.services.camera_manager - INFO - [webcam1] saving to C:\Users\HiDigi\OneDrive\Desktop\WebDev\FacialRecognition\static\images\frame_webcam1_293ede28-753e-44a1-aff3-72e5861c2f08.jpg
2025-07-04 14:37:24,904 - app.services.camera_manager - INFO - [webcam1] cv2.imwrite() returned True
2025-07-04 14:37:24,972 - app.services.camera_manager - INFO - [webcam1] — iteration 149, calling cap.read()
2025-07-04 14:37:24,972 - app.services.camera_manager - INFO - [webcam1] — cap.read() returned ret=True
2025-07-04 14:37:24,973 - app.services.camera_manager - INFO - [webcam1] saving to C:\Users\HiDigi\OneDrive\Desktop\WebDev\FacialRecognition\static\images\frame_webcam1_2475ce88-6e7c-4732-a403-73029fbf5b3c.jpg
2025-07-04 14:37:24,979 - app.services.camera_manager - INFO - [webcam1] cv2.imwrite() returned True
2025-07-04 14:37:25,038 - app.services.camera_manager - INFO - [webcam1] — iteration 150, calling cap.read()
2025-07-04 14:37:25,038 - app.services.camera_manager - INFO - [webcam1] — cap.read() returned ret=True
2025-07-04 14:37:25,039 - app.services.camera_manager - INFO - [webcam1] saving to C:\Users\HiDigi\OneDrive\Desktop\WebDev\FacialRecognition\static\images\frame_webcam1_f4af6aeb-4f31-4fc8-af24-b4116893c281.jpg
2025-07-04 14:37:25,045 - app.services.camera_manager - INFO - [webcam1] cv2.imwrite() returned True
2025-07-04 14:37:25,112 - app.services.camera_manager - INFO - [webcam1] — iteration 151, calling cap.read()
2025-07-04 14:37:25,112 - app.services.camera_manager - INFO - [webcam1] — cap.read() returned ret=True
2025-07-04 14:37:25,113 - app.services.camera_manager - INFO - [webcam1] saving to C:\Users\HiDigi\OneDrive\Desktop\WebDev\FacialRecognition\static\images\frame_webcam1_91330b4f-8ef2-43ba-ba07-ae6458922f37.jpg
2025-07-04 14:37:25,119 - app.services.camera_manager - INFO - [webcam1] cv2.imwrite() returned True
2025-07-04 14:37:25,187 - app.services.camera_manager - INFO - [webcam1] — iteration 152, calling cap.read()
2025-07-04 14:37:25,187 - app.services.camera_manager - INFO - [webcam1] — cap.read() returned ret=True
2025-07-04 14:37:25,188 - app.services.camera_manager - INFO - [webcam1] saving to C:\Users\HiDigi\OneDrive\Desktop\WebDev\FacialRecognition\static\images\frame_webcam1_aff1649c-ec3f-4f2f-b5cf-be4e84d44bf5.jpg
2025-07-04 14:37:25,194 - app.services.camera_manager - INFO - [webcam1] cv2.imwrite() returned True
2025-07-04 14:37:25,254 - app.services.camera_manager - INFO - [webcam1] — iteration 153, calling cap.read()
2025-07-04 14:37:25,254 - app.services.camera_manager - INFO - [webcam1] — cap.read() returned ret=True
2025-07-04 14:37:25,255 - app.services.camera_manager - INFO - [webcam1] saving to C:\Users\HiDigi\OneDrive\Desktop\WebDev\FacialRecognition\static\images\frame_webcam1_d9e2fe8b-f581-43b5-b80e-1688f3741c31.jpg
2025-07-04 14:37:25,261 - app.services.camera_manager - INFO - [webcam1] cv2.imwrite() returned True
2025-07-04 14:37:25,328 - app.services.camera_manager - INFO - [webcam1] — iteration 154, calling cap.read()
2025-07-04 14:37:25,328 - app.services.camera_manager - INFO - [webcam1] — cap.read() returned ret=True
2025-07-04 14:37:25,329 - app.services.camera_manager - INFO - [webcam1] saving to C:\Users\HiDigi\OneDrive\Desktop\WebDev\FacialRecognition\static\images\frame_webcam1_521dd3fd-a4cd-4c0c-9cc3-533c56120ce9.jpg
2025-07-04 14:37:25,335 - app.services.camera_manager - INFO - [webcam1] cv2.imwrite() returned True
2025-07-04 14:37:25,403 - app.services.camera_manager - INFO - [webcam1] — iteration 155, calling cap.read()
2025-07-04 14:37:25,403 - app.services.camera_manager - INFO - [webcam1] — cap.read() returned ret=True
2025-07-04 14:37:25,405 - app.services.camera_manager - INFO - [webcam1] saving to C:\Users\HiDigi\OneDrive\Desktop\WebDev\FacialRecognition\static\images\frame_webcam1_ec43ace0-c7a1-455c-b4fe-599f18ba9ace.jpg
2025-07-04 14:37:25,410 - app.services.camera_manager - INFO - [webcam1] cv2.imwrite() returned True
2025-07-04 14:37:25,484 - app.services.camera_manager - INFO - [webcam1] — iteration 156, calling cap.read()
2025-07-04 14:37:25,484 - app.services.camera_manager - INFO - [webcam1] — cap.read() returned ret=True
2025-07-04 14:37:25,485 - app.services.camera_manager - INFO - [webcam1] saving to C:\Users\HiDigi\OneDrive\Desktop\WebDev\FacialRecognition\static\images\frame_webcam1_104c7369-a3cd-4cc5-9e7f-5b9e8f35ee1f.jpg
2025-07-04 14:37:25,491 - app.services.camera_manager - INFO - [webcam1] cv2.imwrite() returned True
2025-07-04 14:37:25,551 - app.services.camera_manager - INFO - [webcam1] — iteration 157, calling cap.read()
2025-07-04 14:37:25,551 - app.services.camera_manager - INFO - [webcam1] — cap.read() returned ret=True
2025-07-04 14:37:25,552 - app.services.camera_manager - INFO - [webcam1] saving to C:\Users\HiDigi\OneDrive\Desktop\WebDev\FacialRecognition\static\images\frame_webcam1_46db3efc-850a-460a-a8c9-4261b0f12d50.jpg
2025-07-04 14:37:25,558 - app.services.camera_manager - INFO - [webcam1] cv2.imwrite() returned True
2025-07-04 14:37:25,626 - app.services.camera_manager - INFO - [webcam1] — iteration 158, calling cap.read()
2025-07-04 14:37:25,626 - app.services.camera_manager - INFO - [webcam1] — cap.read() returned ret=True
2025-07-04 14:37:25,627 - app.services.camera_manager - INFO - [webcam1] saving to C:\Users\HiDigi\OneDrive\Desktop\WebDev\FacialRecognition\static\images\frame_webcam1_a57ff486-dc86-4088-9d17-8184f3391156.jpg
2025-07-04 14:37:25,633 - app.services.camera_manager - INFO - [webcam1] cv2.imwrite() returned True
2025-07-04 14:37:25,701 - app.services.camera_manager - INFO - [webcam1] — iteration 159, calling cap.read()
2025-07-04 14:37:25,701 - app.services.camera_manager - INFO - [webcam1] — cap.read() returned ret=True
2025-07-04 14:37:25,702 - app.services.camera_manager - INFO - [webcam1] saving to C:\Users\HiDigi\OneDrive\Desktop\WebDev\FacialRecognition\static\images\frame_webcam1_5a39698a-ac33-4b5e-ba94-8c9f6c75219c.jpg
2025-07-04 14:37:25,708 - app.services.camera_manager - INFO - [webcam1] cv2.imwrite() returned True
2025-07-04 14:37:25,767 - app.services.camera_manager - INFO - [webcam1] — iteration 160, calling cap.read()
2025-07-04 14:37:25,767 - app.services.camera_manager - INFO - [webcam1] — cap.read() returned ret=True
2025-07-04 14:37:25,768 - app.services.camera_manager - INFO - [webcam1] saving to C:\Users\HiDigi\OneDrive\Desktop\WebDev\FacialRecognition\static\images\frame_webcam1_0159c221-3ba3-49d6-92b5-adfc24497353.jpg
2025-07-04 14:37:25,774 - app.services.camera_manager - INFO - [webcam1] cv2.imwrite() returned True
2025-07-04 14:37:25,841 - app.services.camera_manager - INFO - [webcam1] — iteration 161, calling cap.read()
2025-07-04 14:37:25,841 - app.services.camera_manager - INFO - [webcam1] — cap.read() returned ret=True
2025-07-04 14:37:25,842 - app.services.camera_manager - INFO - [webcam1] saving to C:\Users\HiDigi\OneDrive\Desktop\WebDev\FacialRecognition\static\images\frame_webcam1_4b5cac4d-d129-4b97-a334-d436f1463530.jpg
2025-07-04 14:37:25,848 - app.services.camera_manager - INFO - [webcam1] cv2.imwrite() returned True
2025-07-04 14:37:25,915 - app.services.camera_manager - INFO - [webcam1] — iteration 162, calling cap.read()
2025-07-04 14:37:25,915 - app.services.camera_manager - INFO - [webcam1] — cap.read() returned ret=True
2025-07-04 14:37:25,916 - app.services.camera_manager - INFO - [webcam1] saving to C:\Users\HiDigi\OneDrive\Desktop\WebDev\FacialRecognition\static\images\frame_webcam1_2a79dbf9-7386-4a7f-b1ce-2a424825c412.jpg
2025-07-04 14:37:25,922 - app.services.camera_manager - INFO - [webcam1] cv2.imwrite() returned True
2025-07-04 14:37:25,997 - app.services.camera_manager - INFO - [webcam1] — iteration 163, calling cap.read()
2025-07-04 14:37:25,997 - app.services.camera_manager - INFO - [webcam1] — cap.read() returned ret=True
2025-07-04 14:37:25,998 - app.services.camera_manager - INFO - [webcam1] saving to C:\Users\HiDigi\OneDrive\Desktop\WebDev\FacialRecognition\static\images\frame_webcam1_77c93a81-3994-40df-bf8a-fb096a50bc22.jpg
2025-07-04 14:37:26,004 - app.services.camera_manager - INFO - [webcam1] cv2.imwrite() returned True
2025-07-04 14:37:26,066 - app.services.camera_manager - INFO - [webcam1] — iteration 164, calling cap.read()
2025-07-04 14:37:26,066 - app.services.camera_manager - INFO - [webcam1] — cap.read() returned ret=True
2025-07-04 14:37:26,067 - app.services.camera_manager - INFO - [webcam1] saving to C:\Users\HiDigi\OneDrive\Desktop\WebDev\FacialRecognition\static\images\frame_webcam1_ff684082-35a2-4da8-8b9f-7fe64ac55f4b.jpg
2025-07-04 14:37:26,073 - app.services.camera_manager - INFO - [webcam1] cv2.imwrite() returned True
2025-07-04 14:37:26,140 - app.services.camera_manager - INFO - [webcam1] — iteration 165, calling cap.read()
2025-07-04 14:37:26,140 - app.services.camera_manager - INFO - [webcam1] — cap.read() returned ret=True
2025-07-04 14:37:26,141 - app.services.camera_manager - INFO - [webcam1] saving to C:\Users\HiDigi\OneDrive\Desktop\WebDev\FacialRecognition\static\images\frame_webcam1_0a9e9147-45b5-4396-b9b5-8e2dd83bf5b1.jpg
2025-07-04 14:37:26,147 - app.services.camera_manager - INFO - [webcam1] cv2.imwrite() returned True
2025-07-04 14:37:26,215 - app.services.camera_manager - INFO - [webcam1] — iteration 166, calling cap.read()
2025-07-04 14:37:26,215 - app.services.camera_manager - INFO - [webcam1] — cap.read() returned ret=True
2025-07-04 14:37:26,216 - app.services.camera_manager - INFO - [webcam1] saving to C:\Users\HiDigi\OneDrive\Desktop\WebDev\FacialRecognition\static\images\frame_webcam1_d20bdaac-12c3-4d59-9972-901692bff1b5.jpg
2025-07-04 14:37:26,221 - app.services.camera_manager - INFO - [webcam1] cv2.imwrite() returned True
2025-07-04 14:37:26,297 - app.services.camera_manager - INFO - [webcam1] — iteration 167, calling cap.read()
2025-07-04 14:37:26,297 - app.services.camera_manager - INFO - [webcam1] — cap.read() returned ret=True
2025-07-04 14:37:26,298 - app.services.camera_manager - INFO - [webcam1] saving to C:\Users\HiDigi\OneDrive\Desktop\WebDev\FacialRecognition\static\images\frame_webcam1_79ebdb78-ac42-4bed-9f72-c49f508ecd12.jpg
2025-07-04 14:37:26,304 - app.services.camera_manager - INFO - [webcam1] cv2.imwrite() returned True
2025-07-04 14:37:26,364 - app.services.camera_manager - INFO - [webcam1] — iteration 168, calling cap.read()
2025-07-04 14:37:26,364 - app.services.camera_manager - INFO - [webcam1] — cap.read() returned ret=True
2025-07-04 14:37:26,365 - app.services.camera_manager - INFO - [webcam1] saving to C:\Users\HiDigi\OneDrive\Desktop\WebDev\FacialRecognition\static\images\frame_webcam1_f8748d89-01da-4449-b7cf-67eedebae29e.jpg
2025-07-04 14:37:26,371 - app.services.camera_manager - INFO - [webcam1] cv2.imwrite() returned True
2025-07-04 14:37:26,439 - app.services.camera_manager - INFO - [webcam1] — iteration 169, calling cap.read()
2025-07-04 14:37:26,439 - app.services.camera_manager - INFO - [webcam1] — cap.read() returned ret=True
2025-07-04 14:37:26,440 - app.services.camera_manager - INFO - [webcam1] saving to C:\Users\HiDigi\OneDrive\Desktop\WebDev\FacialRecognition\static\images\frame_webcam1_293d6ac6-6c06-424f-8c40-f80b387762fe.jpg
2025-07-04 14:37:26,446 - app.services.camera_manager - INFO - [webcam1] cv2.imwrite() returned True
2025-07-04 14:37:26,513 - app.services.camera_manager - INFO - [webcam1] — iteration 170, calling cap.read()
2025-07-04 14:37:26,513 - app.services.camera_manager - INFO - [webcam1] — cap.read() returned ret=True
2025-07-04 14:37:26,514 - app.services.camera_manager - INFO - [webcam1] saving to C:\Users\HiDigi\OneDrive\Desktop\WebDev\FacialRecognition\static\images\frame_webcam1_3ea41ce7-3e51-4dad-a22c-23cb19f73873.jpg
2025-07-04 14:37:26,520 - app.services.camera_manager - INFO - [webcam1] cv2.imwrite() returned True
2025-07-04 14:37:26,581 - app.services.camera_manager - INFO - [webcam1] — iteration 171, calling cap.read()
2025-07-04 14:37:26,581 - app.services.camera_manager - INFO - [webcam1] — cap.read() returned ret=True
2025-07-04 14:37:26,582 - app.services.camera_manager - INFO - [webcam1] saving to C:\Users\HiDigi\OneDrive\Desktop\WebDev\FacialRecognition\static\images\frame_webcam1_f7283a5e-6ae2-4724-82b3-e893537ca999.jpg
2025-07-04 14:37:26,587 - app.services.camera_manager - INFO - [webcam1] cv2.imwrite() returned True
2025-07-04 14:37:26,656 - app.services.camera_manager - INFO - [webcam1] — iteration 172, calling cap.read()
2025-07-04 14:37:26,656 - app.services.camera_manager - INFO - [webcam1] — cap.read() returned ret=True
2025-07-04 14:37:26,658 - app.services.camera_manager - INFO - [webcam1] saving to C:\Users\HiDigi\OneDrive\Desktop\WebDev\FacialRecognition\static\images\frame_webcam1_dc11a7b4-f2ef-4114-854e-edd2daed6aab.jpg
2025-07-04 14:37:26,663 - app.services.camera_manager - INFO - [webcam1] cv2.imwrite() returned True
2025-07-04 14:37:26,731 - app.services.camera_manager - INFO - [webcam1] — iteration 173, calling cap.read()
2025-07-04 14:37:26,731 - app.services.camera_manager - INFO - [webcam1] — cap.read() returned ret=True
2025-07-04 14:37:26,732 - app.services.camera_manager - INFO - [webcam1] saving to C:\Users\HiDigi\OneDrive\Desktop\WebDev\FacialRecognition\static\images\frame_webcam1_388667b8-6645-4d1e-8d92-ab32a4022186.jpg
2025-07-04 14:37:26,739 - app.services.camera_manager - INFO - [webcam1] cv2.imwrite() returned True
2025-07-04 14:37:26,813 - app.services.camera_manager - INFO - [webcam1] — iteration 174, calling cap.read()
2025-07-04 14:37:26,814 - app.services.camera_manager - INFO - [webcam1] — cap.read() returned ret=True
2025-07-04 14:37:26,815 - app.services.camera_manager - INFO - [webcam1] saving to C:\Users\HiDigi\OneDrive\Desktop\WebDev\FacialRecognition\static\images\frame_webcam1_92b3da71-167d-4dd5-a98d-cca09ac358ff.jpg
2025-07-04 14:37:26,820 - app.services.camera_manager - INFO - [webcam1] cv2.imwrite() returned True
2025-07-04 14:37:26,881 - app.services.camera_manager - INFO - [webcam1] — iteration 175, calling cap.read()
2025-07-04 14:37:26,881 - app.services.camera_manager - INFO - [webcam1] — cap.read() returned ret=True
2025-07-04 14:37:26,882 - app.services.camera_manager - INFO - [webcam1] saving to C:\Users\HiDigi\OneDrive\Desktop\WebDev\FacialRecognition\static\images\frame_webcam1_c82c1f79-47b9-4ad3-aefd-e24e24435ea5.jpg
2025-07-04 14:37:26,888 - app.services.camera_manager - INFO - [webcam1] cv2.imwrite() returned True
2025-07-04 14:37:26,955 - app.services.camera_manager - INFO - [webcam1] — iteration 176, calling cap.read()
2025-07-04 14:37:26,955 - app.services.camera_manager - INFO - [webcam1] — cap.read() returned ret=True
2025-07-04 14:37:26,956 - app.services.camera_manager - INFO - [webcam1] saving to C:\Users\HiDigi\OneDrive\Desktop\WebDev\FacialRecognition\static\images\frame_webcam1_59ce2926-e1f3-4298-82ae-9e198f278181.jpg
2025-07-04 14:37:26,962 - app.services.camera_manager - INFO - [webcam1] cv2.imwrite() returned True
2025-07-04 14:37:27,030 - app.services.camera_manager - INFO - [webcam1] — iteration 177, calling cap.read()
2025-07-04 14:37:27,030 - app.services.camera_manager - INFO - [webcam1] — cap.read() returned ret=True
2025-07-04 14:37:27,031 - app.services.camera_manager - INFO - [webcam1] saving to C:\Users\HiDigi\OneDrive\Desktop\WebDev\FacialRecognition\static\images\frame_webcam1_06a4b283-511a-4542-89da-8d21bb048721.jpg
2025-07-04 14:37:27,038 - app.services.camera_manager - INFO - [webcam1] cv2.imwrite() returned True
2025-07-04 14:37:27,098 - app.services.camera_manager - INFO - [webcam1] — iteration 178, calling cap.read()
2025-07-04 14:37:27,098 - app.services.camera_manager - INFO - [webcam1] — cap.read() returned ret=True
2025-07-04 14:37:27,099 - app.services.camera_manager - INFO - [webcam1] saving to C:\Users\HiDigi\OneDrive\Desktop\WebDev\FacialRecognition\static\images\frame_webcam1_f49e2cd7-ca18-49bf-8dc5-0e0b982d229c.jpg
2025-07-04 14:37:27,105 - app.services.camera_manager - INFO - [webcam1] cv2.imwrite() returned True
2025-07-04 14:37:27,172 - app.services.camera_manager - INFO - [webcam1] — iteration 179, calling cap.read()
2025-07-04 14:37:27,172 - app.services.camera_manager - INFO - [webcam1] — cap.read() returned ret=True
2025-07-04 14:37:27,173 - app.services.camera_manager - INFO - [webcam1] saving to C:\Users\HiDigi\OneDrive\Desktop\WebDev\FacialRecognition\static\images\frame_webcam1_10d9a3ec-bc32-498f-a6c9-01e01e66ff82.jpg
2025-07-04 14:37:27,178 - app.services.camera_manager - INFO - [webcam1] cv2.imwrite() returned True
2025-07-04 14:37:27,246 - app.services.camera_manager - INFO - [webcam1] — iteration 180, calling cap.read()
2025-07-04 14:37:27,246 - app.services.camera_manager - INFO - [webcam1] — cap.read() returned ret=True
2025-07-04 14:37:27,247 - app.services.camera_manager - INFO - [webcam1] saving to C:\Users\HiDigi\OneDrive\Desktop\WebDev\FacialRecognition\static\images\frame_webcam1_7471135a-5e70-44ca-9bf3-73e6eb494d02.jpg
2025-07-04 14:37:27,252 - app.services.camera_manager - INFO - [webcam1] cv2.imwrite() returned True
2025-07-04 14:37:27,328 - app.services.camera_manager - INFO - [webcam1] — iteration 181, calling cap.read()
2025-07-04 14:37:27,328 - app.services.camera_manager - INFO - [webcam1] — cap.read() returned ret=True
2025-07-04 14:37:27,330 - app.services.camera_manager - INFO - [webcam1] saving to C:\Users\HiDigi\OneDrive\Desktop\WebDev\FacialRecognition\static\images\frame_webcam1_ea00599b-6e89-4e41-88cf-eced38618be3.jpg
2025-07-04 14:37:27,335 - app.services.camera_manager - INFO - [webcam1] cv2.imwrite() returned True
2025-07-04 14:37:27,388 - app.services.camera_manager - INFO - [webcam1] — iteration 182, calling cap.read()
2025-07-04 14:37:27,388 - app.services.camera_manager - INFO - [webcam1] — cap.read() returned ret=True
2025-07-04 14:37:27,389 - app.services.camera_manager - INFO - [webcam1] saving to C:\Users\HiDigi\OneDrive\Desktop\WebDev\FacialRecognition\static\images\frame_webcam1_89e50fa2-325c-4a21-9bf3-9befbf49e75a.jpg
2025-07-04 14:37:27,395 - app.services.camera_manager - INFO - [webcam1] cv2.imwrite() returned True
2025-07-04 14:37:27,467 - app.services.camera_manager - INFO - [webcam1] — iteration 183, calling cap.read()
2025-07-04 14:37:27,467 - app.services.camera_manager - INFO - [webcam1] — cap.read() returned ret=True
2025-07-04 14:37:27,468 - app.services.camera_manager - INFO - [webcam1] saving to C:\Users\HiDigi\OneDrive\Desktop\WebDev\FacialRecognition\static\images\frame_webcam1_57d0a6ff-4c2f-44cc-ab67-074414d3e7ae.jpg
2025-07-04 14:37:27,474 - app.services.camera_manager - INFO - [webcam1] cv2.imwrite() returned True
2025-07-04 14:37:27,544 - app.services.camera_manager - INFO - [webcam1] — iteration 184, calling cap.read()
2025-07-04 14:37:27,544 - app.services.camera_manager - INFO - [webcam1] — cap.read() returned ret=True
2025-07-04 14:37:27,546 - app.services.camera_manager - INFO - [webcam1] saving to C:\Users\HiDigi\OneDrive\Desktop\WebDev\FacialRecognition\static\images\frame_webcam1_b092e1c4-ec8b-4235-9113-394d6e897c8d.jpg
2025-07-04 14:37:27,551 - app.services.camera_manager - INFO - [webcam1] cv2.imwrite() returned True
2025-07-04 14:37:27,621 - app.services.camera_manager - INFO - [webcam1] — iteration 185, calling cap.read()
2025-07-04 14:37:27,622 - app.services.camera_manager - INFO - [webcam1] — cap.read() returned ret=True
2025-07-04 14:37:27,623 - app.services.camera_manager - INFO - [webcam1] saving to C:\Users\HiDigi\OneDrive\Desktop\WebDev\FacialRecognition\static\images\frame_webcam1_44ef5382-db00-47dd-a793-f2fc25568d30.jpg
2025-07-04 14:37:27,628 - app.services.camera_manager - INFO - [webcam1] cv2.imwrite() returned True
2025-07-04 14:37:27,698 - app.services.camera_manager - INFO - [webcam1] — iteration 186, calling cap.read()
2025-07-04 14:37:27,698 - app.services.camera_manager - INFO - [webcam1] — cap.read() returned ret=True
2025-07-04 14:37:27,699 - app.services.camera_manager - INFO - [webcam1] saving to C:\Users\HiDigi\OneDrive\Desktop\WebDev\FacialRecognition\static\images\frame_webcam1_c0de7b29-92a3-4db1-a329-b1e96672194b.jpg
2025-07-04 14:37:27,705 - app.services.camera_manager - INFO - [webcam1] cv2.imwrite() returned True
2025-07-04 14:37:27,791 - app.services.camera_manager - INFO - [webcam1] — iteration 187, calling cap.read()
2025-07-04 14:37:27,791 - app.services.camera_manager - INFO - [webcam1] — cap.read() returned ret=True
2025-07-04 14:37:27,792 - app.services.camera_manager - INFO - [webcam1] saving to C:\Users\HiDigi\OneDrive\Desktop\WebDev\FacialRecognition\static\images\frame_webcam1_f95f93f6-572c-4714-b9fb-0ed7dd1919c8.jpg
2025-07-04 14:37:27,798 - app.services.camera_manager - INFO - [webcam1] cv2.imwrite() returned True
2025-07-04 14:37:27,883 - app.services.camera_manager - INFO - [webcam1] — iteration 188, calling cap.read()
2025-07-04 14:37:27,883 - app.services.camera_manager - INFO - [webcam1] — cap.read() returned ret=True
2025-07-04 14:37:27,884 - app.services.camera_manager - INFO - [webcam1] saving to C:\Users\HiDigi\OneDrive\Desktop\WebDev\FacialRecognition\static\images\frame_webcam1_0755b61f-1cbf-4c8f-8ea5-c5bc775511ee.jpg
2025-07-04 14:37:27,890 - app.services.camera_manager - INFO - [webcam1] cv2.imwrite() returned True
2025-07-04 14:37:27,976 - app.services.camera_manager - INFO - [webcam1] — iteration 189, calling cap.read()
2025-07-04 14:37:27,976 - app.services.camera_manager - INFO - [webcam1] — cap.read() returned ret=True
2025-07-04 14:37:27,978 - app.services.camera_manager - INFO - [webcam1] saving to C:\Users\HiDigi\OneDrive\Desktop\WebDev\FacialRecognition\static\images\frame_webcam1_bbd78cf3-ae43-4a42-99b6-1c47ed34cdec.jpg
2025-07-04 14:37:27,983 - app.services.camera_manager - INFO - [webcam1] cv2.imwrite() returned True
2025-07-04 14:37:28,069 - app.services.camera_manager - INFO - [webcam1] — iteration 190, calling cap.read()
2025-07-04 14:37:28,070 - app.services.camera_manager - INFO - [webcam1] — cap.read() returned ret=True
2025-07-04 14:37:28,071 - app.services.camera_manager - INFO - [webcam1] saving to C:\Users\HiDigi\OneDrive\Desktop\WebDev\FacialRecognition\static\images\frame_webcam1_580e8cb7-f821-4b34-ad78-1fc6faa95189.jpg
2025-07-04 14:37:28,076 - app.services.camera_manager - INFO - [webcam1] cv2.imwrite() returned True
2025-07-04 14:37:28,161 - app.services.camera_manager - INFO - [webcam1] — iteration 191, calling cap.read()
2025-07-04 14:37:28,162 - app.services.camera_manager - INFO - [webcam1] — cap.read() returned ret=True
2025-07-04 14:37:28,163 - app.services.camera_manager - INFO - [webcam1] saving to C:\Users\HiDigi\OneDrive\Desktop\WebDev\FacialRecognition\static\images\frame_webcam1_202d43f7-6a43-4c70-9140-284bdbbb74fd.jpg
2025-07-04 14:37:28,168 - app.services.camera_manager - INFO - [webcam1] cv2.imwrite() returned True
2025-07-04 14:37:28,254 - app.services.camera_manager - INFO - [webcam1] — iteration 192, calling cap.read()
2025-07-04 14:37:28,254 - app.services.camera_manager - INFO - [webcam1] — cap.read() returned ret=True
2025-07-04 14:37:28,255 - app.services.camera_manager - INFO - [webcam1] saving to C:\Users\HiDigi\OneDrive\Desktop\WebDev\FacialRecognition\static\images\frame_webcam1_286c037e-5979-4f29-9f12-b9c97f2a4bb4.jpg
2025-07-04 14:37:28,261 - app.services.camera_manager - INFO - [webcam1] cv2.imwrite() returned True
2025-07-04 14:37:28,331 - app.services.camera_manager - INFO - [webcam1] — iteration 193, calling cap.read()
2025-07-04 14:37:28,331 - app.services.camera_manager - INFO - [webcam1] — cap.read() returned ret=True
2025-07-04 14:37:28,332 - app.services.camera_manager - INFO - [webcam1] saving to C:\Users\HiDigi\OneDrive\Desktop\WebDev\FacialRecognition\static\images\frame_webcam1_79d04336-4036-45da-a57c-b170308d2896.jpg
2025-07-04 14:37:28,338 - app.services.camera_manager - INFO - [webcam1] cv2.imwrite() returned True
2025-07-04 14:37:28,393 - app.services.camera_manager - INFO - [webcam1] — iteration 194, calling cap.read()
2025-07-04 14:37:28,396 - app.services.camera_manager - INFO - [webcam1] — cap.read() returned ret=True
2025-07-04 14:37:28,397 - app.services.camera_manager - INFO - [webcam1] saving to C:\Users\HiDigi\OneDrive\Desktop\WebDev\FacialRecognition\static\images\frame_webcam1_3cd8516c-ba43-4d89-b796-6f631a43046c.jpg
2025-07-04 14:37:28,402 - app.services.camera_manager - INFO - [webcam1] cv2.imwrite() returned True
2025-07-04 14:37:28,470 - app.services.camera_manager - INFO - [webcam1] — iteration 195, calling cap.read()
2025-07-04 14:37:28,470 - app.services.camera_manager - INFO - [webcam1] — cap.read() returned ret=True
2025-07-04 14:37:28,471 - app.services.camera_manager - INFO - [webcam1] saving to C:\Users\HiDigi\OneDrive\Desktop\WebDev\FacialRecognition\static\images\frame_webcam1_e8564601-5e49-47d2-92f7-937cddb1f3d9.jpg
2025-07-04 14:37:28,477 - app.services.camera_manager - INFO - [webcam1] cv2.imwrite() returned True
2025-07-04 14:37:28,549 - app.services.camera_manager - INFO - [webcam1] — iteration 196, calling cap.read()
2025-07-04 14:37:28,549 - app.services.camera_manager - INFO - [webcam1] — cap.read() returned ret=True
2025-07-04 14:37:28,551 - app.services.camera_manager - INFO - [webcam1] saving to C:\Users\HiDigi\OneDrive\Desktop\WebDev\FacialRecognition\static\images\frame_webcam1_bf0d645c-2f48-45a3-b245-21ecf6434745.jpg
2025-07-04 14:37:28,556 - app.services.camera_manager - INFO - [webcam1] cv2.imwrite() returned True
2025-07-04 14:37:28,625 - app.services.camera_manager - INFO - [webcam1] — iteration 197, calling cap.read()
2025-07-04 14:37:28,625 - app.services.camera_manager - INFO - [webcam1] — cap.read() returned ret=True
2025-07-04 14:37:28,626 - app.services.camera_manager - INFO - [webcam1] saving to C:\Users\HiDigi\OneDrive\Desktop\WebDev\FacialRecognition\static\images\frame_webcam1_5aac5da8-9399-4b8a-bc85-a1ba1efc9113.jpg
2025-07-04 14:37:28,632 - app.services.camera_manager - INFO - [webcam1] cv2.imwrite() returned True
2025-07-04 14:37:28,702 - app.services.camera_manager - INFO - [webcam1] — iteration 198, calling cap.read()
2025-07-04 14:37:28,703 - app.services.camera_manager - INFO - [webcam1] — cap.read() returned ret=True
2025-07-04 14:37:28,704 - app.services.camera_manager - INFO - [webcam1] saving to C:\Users\HiDigi\OneDrive\Desktop\WebDev\FacialRecognition\static\images\frame_webcam1_8727ed94-b637-48a5-a0e7-999adae9d174.jpg
2025-07-04 14:37:28,710 - app.services.camera_manager - INFO - [webcam1] cv2.imwrite() returned True
2025-07-04 14:37:28,780 - app.services.camera_manager - INFO - [webcam1] — iteration 199, calling cap.read()
2025-07-04 14:37:28,780 - app.services.camera_manager - INFO - [webcam1] — cap.read() returned ret=True
2025-07-04 14:37:28,782 - app.services.camera_manager - INFO - [webcam1] saving to C:\Users\HiDigi\OneDrive\Desktop\WebDev\FacialRecognition\static\images\frame_webcam1_c4bf5c75-3cdd-4d39-88ee-7b98b65dfc07.jpg
2025-07-04 14:37:28,787 - app.services.camera_manager - INFO - [webcam1] cv2.imwrite() returned True
2025-07-04 14:37:28,856 - app.services.camera_manager - INFO - [webcam1] — iteration 200, calling cap.read()
2025-07-04 14:37:28,857 - app.services.camera_manager - INFO - [webcam1] — cap.read() returned ret=True
2025-07-04 14:37:28,858 - app.services.camera_manager - INFO - [webcam1] saving to C:\Users\HiDigi\OneDrive\Desktop\WebDev\FacialRecognition\static\images\frame_webcam1_ecf43663-be85-41ac-88cf-5519263bc238.jpg
2025-07-04 14:37:28,863 - app.services.camera_manager - INFO - [webcam1] cv2.imwrite() returned True
2025-07-04 14:37:28,934 - app.services.camera_manager - INFO - [webcam1] — iteration 201, calling cap.read()
2025-07-04 14:37:28,935 - app.services.camera_manager - INFO - [webcam1] — cap.read() returned ret=True
2025-07-04 14:37:28,936 - app.services.camera_manager - INFO - [webcam1] saving to C:\Users\HiDigi\OneDrive\Desktop\WebDev\FacialRecognition\static\images\frame_webcam1_45fc9045-1fd0-4dce-ac66-54baa1971d5e.jpg
2025-07-04 14:37:28,941 - app.services.camera_manager - INFO - [webcam1] cv2.imwrite() returned True
2025-07-04 14:37:29,025 - app.services.camera_manager - INFO - [webcam1] — iteration 202, calling cap.read()
2025-07-04 14:37:29,025 - app.services.camera_manager - INFO - [webcam1] — cap.read() returned ret=True
2025-07-04 14:37:29,027 - app.services.camera_manager - INFO - [webcam1] saving to C:\Users\HiDigi\OneDrive\Desktop\WebDev\FacialRecognition\static\images\frame_webcam1_c7fc7db0-75f1-49f0-95d0-2cbbcbcc3480.jpg
2025-07-04 14:37:29,033 - app.services.camera_manager - INFO - [webcam1] cv2.imwrite() returned True
2025-07-04 14:37:29,120 - app.services.camera_manager - INFO - [webcam1] — iteration 203, calling cap.read()
2025-07-04 14:37:29,121 - app.services.camera_manager - INFO - [webcam1] — cap.read() returned ret=True
2025-07-04 14:37:29,122 - app.services.camera_manager - INFO - [webcam1] saving to C:\Users\HiDigi\OneDrive\Desktop\WebDev\FacialRecognition\static\images\frame_webcam1_f7c6d16e-a521-4d2d-b1a2-832b968d9c61.jpg
2025-07-04 14:37:29,127 - app.services.camera_manager - INFO - [webcam1] cv2.imwrite() returned True
2025-07-04 14:37:29,212 - app.services.camera_manager - INFO - [webcam1] — iteration 204, calling cap.read()
2025-07-04 14:37:29,213 - app.services.camera_manager - INFO - [webcam1] — cap.read() returned ret=True
2025-07-04 14:37:29,214 - app.services.camera_manager - INFO - [webcam1] saving to C:\Users\HiDigi\OneDrive\Desktop\WebDev\FacialRecognition\static\images\frame_webcam1_9e125724-9855-4548-b49e-f05eee92b867.jpg
2025-07-04 14:37:29,219 - app.services.camera_manager - INFO - [webcam1] cv2.imwrite() returned True
2025-07-04 14:37:29,305 - app.services.camera_manager - INFO - [webcam1] — iteration 205, calling cap.read()
2025-07-04 14:37:29,305 - app.services.camera_manager - INFO - [webcam1] — cap.read() returned ret=True
2025-07-04 14:37:29,307 - app.services.camera_manager - INFO - [webcam1] saving to C:\Users\HiDigi\OneDrive\Desktop\WebDev\FacialRecognition\static\images\frame_webcam1_af978d26-4fa0-4112-b1c8-c6087c5f7bf0.jpg
2025-07-04 14:37:29,312 - app.services.camera_manager - INFO - [webcam1] cv2.imwrite() returned True
2025-07-04 14:37:29,381 - app.services.camera_manager - INFO - [webcam1] — iteration 206, calling cap.read()
2025-07-04 14:37:29,381 - app.services.camera_manager - INFO - [webcam1] — cap.read() returned ret=True
2025-07-04 14:37:29,382 - app.services.camera_manager - INFO - [webcam1] saving to C:\Users\HiDigi\OneDrive\Desktop\WebDev\FacialRecognition\static\images\frame_webcam1_2b11f55c-6f26-4d46-927d-43aac2496957.jpg
2025-07-04 14:37:29,388 - app.services.camera_manager - INFO - [webcam1] cv2.imwrite() returned True
2025-07-04 14:37:29,458 - app.services.camera_manager - INFO - [webcam1] — iteration 207, calling cap.read()
2025-07-04 14:37:29,458 - app.services.camera_manager - INFO - [webcam1] — cap.read() returned ret=True
2025-07-04 14:37:29,459 - app.services.camera_manager - INFO - [webcam1] saving to C:\Users\HiDigi\OneDrive\Desktop\WebDev\FacialRecognition\static\images\frame_webcam1_08b65d4e-7d00-4664-a531-9d8d19df5774.jpg
2025-07-04 14:37:29,465 - app.services.camera_manager - INFO - [webcam1] cv2.imwrite() returned True
2025-07-04 14:37:29,536 - app.services.camera_manager - INFO - [webcam1] — iteration 208, calling cap.read()
2025-07-04 14:37:29,537 - app.services.camera_manager - INFO - [webcam1] — cap.read() returned ret=True
2025-07-04 14:37:29,538 - app.services.camera_manager - INFO - [webcam1] saving to C:\Users\HiDigi\OneDrive\Desktop\WebDev\FacialRecognition\static\images\frame_webcam1_d752501e-a037-4932-b136-3ceace2dacc6.jpg
2025-07-04 14:37:29,544 - app.services.camera_manager - INFO - [webcam1] cv2.imwrite() returned True
2025-07-04 14:37:29,632 - app.services.camera_manager - INFO - [webcam1] — iteration 209, calling cap.read()
2025-07-04 14:37:29,632 - app.services.camera_manager - INFO - [webcam1] — cap.read() returned ret=True
2025-07-04 14:37:29,633 - app.services.camera_manager - INFO - [webcam1] saving to C:\Users\HiDigi\OneDrive\Desktop\WebDev\FacialRecognition\static\images\frame_webcam1_b0bb93dd-27c3-4a83-b1dc-c1270a89ddd6.jpg
2025-07-04 14:37:29,639 - app.services.camera_manager - INFO - [webcam1] cv2.imwrite() returned True
2025-07-04 14:37:29,725 - app.services.camera_manager - INFO - [webcam1] — iteration 210, calling cap.read()
2025-07-04 14:37:29,725 - app.services.camera_manager - INFO - [webcam1] — cap.read() returned ret=True
2025-07-04 14:37:29,727 - app.services.camera_manager - INFO - [webcam1] saving to C:\Users\HiDigi\OneDrive\Desktop\WebDev\FacialRecognition\static\images\frame_webcam1_4ce94992-948b-462e-93f5-a5c5e3792c02.jpg
2025-07-04 14:37:29,732 - app.services.camera_manager - INFO - [webcam1] cv2.imwrite() returned True
2025-07-04 14:37:29,820 - app.services.camera_manager - INFO - [webcam1] — iteration 211, calling cap.read()
2025-07-04 14:37:29,820 - app.services.camera_manager - INFO - [webcam1] — cap.read() returned ret=True
2025-07-04 14:37:29,821 - app.services.camera_manager - INFO - [webcam1] saving to C:\Users\HiDigi\OneDrive\Desktop\WebDev\FacialRecognition\static\images\frame_webcam1_f8dea545-5d1c-4a1f-9370-d717a49c4268.jpg
2025-07-04 14:37:29,827 - app.services.camera_manager - INFO - [webcam1] cv2.imwrite() returned True
2025-07-04 14:37:29,911 - app.services.camera_manager - INFO - [webcam1] — iteration 212, calling cap.read()
2025-07-04 14:37:29,911 - app.services.camera_manager - INFO - [webcam1] — cap.read() returned ret=True
2025-07-04 14:37:29,912 - app.services.camera_manager - INFO - [webcam1] saving to C:\Users\HiDigi\OneDrive\Desktop\WebDev\FacialRecognition\static\images\frame_webcam1_2f92e244-6633-46f3-97bb-b9286b1afac5.jpg
2025-07-04 14:37:29,918 - app.services.camera_manager - INFO - [webcam1] cv2.imwrite() returned True
2025-07-04 14:37:30,003 - app.services.camera_manager - INFO - [webcam1] — iteration 213, calling cap.read()
2025-07-04 14:37:30,004 - app.services.camera_manager - INFO - [webcam1] — cap.read() returned ret=True
2025-07-04 14:37:30,005 - app.services.camera_manager - INFO - [webcam1] saving to C:\Users\HiDigi\OneDrive\Desktop\WebDev\FacialRecognition\static\images\frame_webcam1_7d0a4eff-9a70-4613-b805-b65f19462f78.jpg
2025-07-04 14:37:30,010 - app.services.camera_manager - INFO - [webcam1] cv2.imwrite() returned True
2025-07-04 14:37:30,064 - app.services.camera_manager - INFO - [webcam1] — iteration 214, calling cap.read()
2025-07-04 14:37:30,064 - app.services.camera_manager - INFO - [webcam1] — cap.read() returned ret=True
2025-07-04 14:37:30,065 - app.services.camera_manager - INFO - [webcam1] saving to C:\Users\HiDigi\OneDrive\Desktop\WebDev\FacialRecognition\static\images\frame_webcam1_f26a82f7-7bf1-447b-b2f9-a7a8960b05e4.jpg
2025-07-04 14:37:30,071 - app.services.camera_manager - INFO - [webcam1] cv2.imwrite() returned True
2025-07-04 14:37:30,141 - app.services.camera_manager - INFO - [webcam1] — iteration 215, calling cap.read()
2025-07-04 14:37:30,141 - app.services.camera_manager - INFO - [webcam1] — cap.read() returned ret=True
2025-07-04 14:37:30,143 - app.services.camera_manager - INFO - [webcam1] saving to C:\Users\HiDigi\OneDrive\Desktop\WebDev\FacialRecognition\static\images\frame_webcam1_54eb32ee-8707-47f1-8b61-fc0e1b1a6e37.jpg
2025-07-04 14:37:30,149 - app.services.camera_manager - INFO - [webcam1] cv2.imwrite() returned True
2025-07-04 14:37:30,218 - app.services.camera_manager - INFO - [webcam1] — iteration 216, calling cap.read()
2025-07-04 14:37:30,219 - app.services.camera_manager - INFO - [webcam1] — cap.read() returned ret=True
2025-07-04 14:37:30,220 - app.services.camera_manager - INFO - [webcam1] saving to C:\Users\HiDigi\OneDrive\Desktop\WebDev\FacialRecognition\static\images\frame_webcam1_c083cad2-2adc-4526-8847-7c1edb267d26.jpg
2025-07-04 14:37:30,226 - app.services.camera_manager - INFO - [webcam1] cv2.imwrite() returned True
2025-07-04 14:37:30,279 - app.services.camera_manager - INFO - [webcam1] — iteration 217, calling cap.read()
2025-07-04 14:37:30,280 - app.services.camera_manager - INFO - [webcam1] — cap.read() returned ret=True
2025-07-04 14:37:30,282 - app.services.camera_manager - INFO - [webcam1] saving to C:\Users\HiDigi\OneDrive\Desktop\WebDev\FacialRecognition\static\images\frame_webcam1_375e826d-0578-49b9-be93-190800a1defd.jpg
2025-07-04 14:37:30,287 - app.services.camera_manager - INFO - [webcam1] cv2.imwrite() returned True
2025-07-04 14:37:30,356 - app.services.camera_manager - INFO - [webcam1] — iteration 218, calling cap.read()
2025-07-04 14:37:30,356 - app.services.camera_manager - INFO - [webcam1] — cap.read() returned ret=True
2025-07-04 14:37:30,358 - app.services.camera_manager - INFO - [webcam1] saving to C:\Users\HiDigi\OneDrive\Desktop\WebDev\FacialRecognition\static\images\frame_webcam1_215447ff-3dae-444f-8702-42183298fe4d.jpg
2025-07-04 14:37:30,363 - app.services.camera_manager - INFO - [webcam1] cv2.imwrite() returned True
2025-07-04 14:37:30,449 - app.services.camera_manager - INFO - [webcam1] — iteration 219, calling cap.read()
2025-07-04 14:37:30,450 - app.services.camera_manager - INFO - [webcam1] — cap.read() returned ret=True
2025-07-04 14:37:30,451 - app.services.camera_manager - INFO - [webcam1] saving to C:\Users\HiDigi\OneDrive\Desktop\WebDev\FacialRecognition\static\images\frame_webcam1_541ea84b-10ea-47ec-997f-cd8e3568d29d.jpg
2025-07-04 14:37:30,457 - app.services.camera_manager - INFO - [webcam1] cv2.imwrite() returned True
2025-07-04 14:37:30,541 - app.services.camera_manager - INFO - [webcam1] — iteration 220, calling cap.read()
2025-07-04 14:37:30,541 - app.services.camera_manager - INFO - [webcam1] — cap.read() returned ret=True
2025-07-04 14:37:30,543 - app.services.camera_manager - INFO - [webcam1] saving to C:\Users\HiDigi\OneDrive\Desktop\WebDev\FacialRecognition\static\images\frame_webcam1_f73e1a5f-5bd3-42d4-8266-c4a1b4faa4d7.jpg
2025-07-04 14:37:30,548 - app.services.camera_manager - INFO - [webcam1] cv2.imwrite() returned True
2025-07-04 14:37:30,634 - app.services.camera_manager - INFO - [webcam1] — iteration 221, calling cap.read()
2025-07-04 14:37:30,634 - app.services.camera_manager - INFO - [webcam1] — cap.read() returned ret=True
2025-07-04 14:37:30,636 - app.services.camera_manager - INFO - [webcam1] saving to C:\Users\HiDigi\OneDrive\Desktop\WebDev\FacialRecognition\static\images\frame_webcam1_9491933a-c8c3-4bd4-988f-c5eeedd6d9d8.jpg
2025-07-04 14:37:30,641 - app.services.camera_manager - INFO - [webcam1] cv2.imwrite() returned True
2025-07-04 14:37:30,727 - app.services.camera_manager - INFO - [webcam1] — iteration 222, calling cap.read()
2025-07-04 14:37:30,727 - app.services.camera_manager - INFO - [webcam1] — cap.read() returned ret=True
2025-07-04 14:37:30,728 - app.services.camera_manager - INFO - [webcam1] saving to C:\Users\HiDigi\OneDrive\Desktop\WebDev\FacialRecognition\static\images\frame_webcam1_44941b5f-3629-489f-b15d-7439104e6e7e.jpg
2025-07-04 14:37:30,734 - app.services.camera_manager - INFO - [webcam1] cv2.imwrite() returned True
2025-07-04 14:37:30,818 - app.services.camera_manager - INFO - [webcam1] — iteration 223, calling cap.read()
2025-07-04 14:37:30,818 - app.services.camera_manager - INFO - [webcam1] — cap.read() returned ret=True
2025-07-04 14:37:30,820 - app.services.camera_manager - INFO - [webcam1] saving to C:\Users\HiDigi\OneDrive\Desktop\WebDev\FacialRecognition\static\images\frame_webcam1_5e70b81c-7ad1-47ad-bdec-7cc923c3de24.jpg
2025-07-04 14:37:30,825 - app.services.camera_manager - INFO - [webcam1] cv2.imwrite() returned True
2025-07-04 14:37:30,911 - app.services.camera_manager - INFO - [webcam1] — iteration 224, calling cap.read()
2025-07-04 14:37:30,912 - app.services.camera_manager - INFO - [webcam1] — cap.read() returned ret=True
2025-07-04 14:37:30,913 - app.services.camera_manager - INFO - [webcam1] saving to C:\Users\HiDigi\OneDrive\Desktop\WebDev\FacialRecognition\static\images\frame_webcam1_f8232485-5b17-404f-b033-7d3d72a7e091.jpg
2025-07-04 14:37:30,918 - app.services.camera_manager - INFO - [webcam1] cv2.imwrite() returned True
2025-07-04 14:37:30,987 - app.services.camera_manager - INFO - [webcam1] — iteration 225, calling cap.read()
2025-07-04 14:37:30,988 - app.services.camera_manager - INFO - [webcam1] — cap.read() returned ret=True
2025-07-04 14:37:30,989 - app.services.camera_manager - INFO - [webcam1] saving to C:\Users\HiDigi\OneDrive\Desktop\WebDev\FacialRecognition\static\images\frame_webcam1_51ac91ff-5fed-4966-90f8-47dc8169a61e.jpg
2025-07-04 14:37:30,995 - app.services.camera_manager - INFO - [webcam1] cv2.imwrite() returned True
2025-07-04 14:37:31,066 - app.services.camera_manager - INFO - [webcam1] — iteration 226, calling cap.read()
2025-07-04 14:37:31,067 - app.services.camera_manager - INFO - [webcam1] — cap.read() returned ret=True
2025-07-04 14:37:31,068 - app.services.camera_manager - INFO - [webcam1] saving to C:\Users\HiDigi\OneDrive\Desktop\WebDev\FacialRecognition\static\images\frame_webcam1_989a4b86-f1b3-4748-8482-d178e1b6fc2a.jpg
2025-07-04 14:37:31,073 - app.services.camera_manager - INFO - [webcam1] cv2.imwrite() returned True
2025-07-04 14:37:31,142 - app.services.camera_manager - INFO - [webcam1] — iteration 227, calling cap.read()
2025-07-04 14:37:31,142 - app.services.camera_manager - INFO - [webcam1] — cap.read() returned ret=True
2025-07-04 14:37:31,143 - app.services.camera_manager - INFO - [webcam1] saving to C:\Users\HiDigi\OneDrive\Desktop\WebDev\FacialRecognition\static\images\frame_webcam1_5420d311-e4ab-4c59-812a-84584b4287d6.jpg
2025-07-04 14:37:31,148 - app.services.camera_manager - INFO - [webcam1] cv2.imwrite() returned True
2025-07-04 14:37:31,203 - app.services.camera_manager - INFO - [webcam1] — iteration 228, calling cap.read()
2025-07-04 14:37:31,204 - app.services.camera_manager - INFO - [webcam1] — cap.read() returned ret=True
2025-07-04 14:37:31,205 - app.services.camera_manager - INFO - [webcam1] saving to C:\Users\HiDigi\OneDrive\Desktop\WebDev\FacialRecognition\static\images\frame_webcam1_52f6e819-1ed3-481e-b65d-0e5658e347f1.jpg
2025-07-04 14:37:31,210 - app.services.camera_manager - INFO - [webcam1] cv2.imwrite() returned True
2025-07-04 14:37:31,280 - app.services.camera_manager - INFO - [webcam1] — iteration 229, calling cap.read()
2025-07-04 14:37:31,280 - app.services.camera_manager - INFO - [webcam1] — cap.read() returned ret=True
2025-07-04 14:37:31,281 - app.services.camera_manager - INFO - [webcam1] saving to C:\Users\HiDigi\OneDrive\Desktop\WebDev\FacialRecognition\static\images\frame_webcam1_c1251b48-348d-42b3-9ba8-88a6e737e591.jpg
2025-07-04 14:37:31,287 - app.services.camera_manager - INFO - [webcam1] cv2.imwrite() returned True
2025-07-04 14:37:31,358 - app.services.camera_manager - INFO - [webcam1] — iteration 230, calling cap.read()
2025-07-04 14:37:31,359 - app.services.camera_manager - INFO - [webcam1] — cap.read() returned ret=True
2025-07-04 14:37:31,360 - app.services.camera_manager - INFO - [webcam1] saving to C:\Users\HiDigi\OneDrive\Desktop\WebDev\FacialRecognition\static\images\frame_webcam1_ae3f262b-d52e-410b-9ba2-85678819c0c3.jpg
2025-07-04 14:37:31,365 - app.services.camera_manager - INFO - [webcam1] cv2.imwrite() returned True
2025-07-04 14:37:31,436 - app.services.camera_manager - INFO - [webcam1] — iteration 231, calling cap.read()
2025-07-04 14:37:31,436 - app.services.camera_manager - INFO - [webcam1] — cap.read() returned ret=True
2025-07-04 14:37:31,437 - app.services.camera_manager - INFO - [webcam1] saving to C:\Users\HiDigi\OneDrive\Desktop\WebDev\FacialRecognition\static\images\frame_webcam1_31a5b9d4-a2cf-4236-9567-1e904c4fb677.jpg
2025-07-04 14:37:31,443 - app.services.camera_manager - INFO - [webcam1] cv2.imwrite() returned True
2025-07-04 14:37:31,512 - app.services.camera_manager - INFO - [webcam1] — iteration 232, calling cap.read()
2025-07-04 14:37:31,513 - app.services.camera_manager - INFO - [webcam1] — cap.read() returned ret=True
2025-07-04 14:37:31,513 - app.services.camera_manager - INFO - [webcam1] saving to C:\Users\HiDigi\OneDrive\Desktop\WebDev\FacialRecognition\static\images\frame_webcam1_db0e8f02-c0d4-463e-b2e0-5e896b1dbddd.jpg
2025-07-04 14:37:31,519 - app.services.camera_manager - INFO - [webcam1] cv2.imwrite() returned True
2025-07-04 14:37:31,606 - app.services.camera_manager - INFO - [webcam1] — iteration 233, calling cap.read()
2025-07-04 14:37:31,606 - app.services.camera_manager - INFO - [webcam1] — cap.read() returned ret=True
2025-07-04 14:37:31,607 - app.services.camera_manager - INFO - [webcam1] saving to C:\Users\HiDigi\OneDrive\Desktop\WebDev\FacialRecognition\static\images\frame_webcam1_771cd633-906e-4835-8e1b-6e78cee147bc.jpg
2025-07-04 14:37:31,613 - app.services.camera_manager - INFO - [webcam1] cv2.imwrite() returned True
2025-07-04 14:37:31,684 - app.services.camera_manager - INFO - [webcam1] — iteration 234, calling cap.read()
2025-07-04 14:37:31,684 - app.services.camera_manager - INFO - [webcam1] — cap.read() returned ret=True
2025-07-04 14:37:31,685 - app.services.camera_manager - INFO - [webcam1] saving to C:\Users\HiDigi\OneDrive\Desktop\WebDev\FacialRecognition\static\images\frame_webcam1_5c318bcf-b613-45ef-9c76-4a2e8040b1b4.jpg
2025-07-04 14:37:31,691 - app.services.camera_manager - INFO - [webcam1] cv2.imwrite() returned True
2025-07-04 14:37:31,746 - app.services.camera_manager - INFO - [webcam1] — iteration 235, calling cap.read()
2025-07-04 14:37:31,746 - app.services.camera_manager - INFO - [webcam1] — cap.read() returned ret=True
2025-07-04 14:37:31,747 - app.services.camera_manager - INFO - [webcam1] saving to C:\Users\HiDigi\OneDrive\Desktop\WebDev\FacialRecognition\static\images\frame_webcam1_3a2c77a0-7ee1-4130-bea6-2506e1ae3c51.jpg
2025-07-04 14:37:31,753 - app.services.camera_manager - INFO - [webcam1] cv2.imwrite() returned True
2025-07-04 14:37:31,823 - app.services.camera_manager - INFO - [webcam1] — iteration 236, calling cap.read()
2025-07-04 14:37:31,823 - app.services.camera_manager - INFO - [webcam1] — cap.read() returned ret=True
2025-07-04 14:37:31,824 - app.services.camera_manager - INFO - [webcam1] saving to C:\Users\HiDigi\OneDrive\Desktop\WebDev\FacialRecognition\static\images\frame_webcam1_e4e95649-3ab6-4e25-8190-cba0e7529b27.jpg
2025-07-04 14:37:31,830 - app.services.camera_manager - INFO - [webcam1] cv2.imwrite() returned True
2025-07-04 14:37:31,914 - app.services.camera_manager - INFO - [webcam1] — iteration 237, calling cap.read()
2025-07-04 14:37:31,915 - app.services.camera_manager - INFO - [webcam1] — cap.read() returned ret=True
2025-07-04 14:37:31,916 - app.services.camera_manager - INFO - [webcam1] saving to C:\Users\HiDigi\OneDrive\Desktop\WebDev\FacialRecognition\static\images\frame_webcam1_6e183d32-640e-4344-bc20-442d8122883d.jpg
2025-07-04 14:37:31,922 - app.services.camera_manager - INFO - [webcam1] cv2.imwrite() returned True
2025-07-04 14:37:32,007 - app.services.camera_manager - INFO - [webcam1] — iteration 238, calling cap.read()
2025-07-04 14:37:32,008 - app.services.camera_manager - INFO - [webcam1] — cap.read() returned ret=True
2025-07-04 14:37:32,009 - app.services.camera_manager - INFO - [webcam1] saving to C:\Users\HiDigi\OneDrive\Desktop\WebDev\FacialRecognition\static\images\frame_webcam1_ef51ec25-26ff-41f8-bd3b-c10ebd267e2e.jpg
2025-07-04 14:37:32,015 - app.services.camera_manager - INFO - [webcam1] cv2.imwrite() returned True
2025-07-04 14:37:32,100 - app.services.camera_manager - INFO - [webcam1] — iteration 239, calling cap.read()
2025-07-04 14:37:32,101 - app.services.camera_manager - INFO - [webcam1] — cap.read() returned ret=True
2025-07-04 14:37:32,102 - app.services.camera_manager - INFO - [webcam1] saving to C:\Users\HiDigi\OneDrive\Desktop\WebDev\FacialRecognition\static\images\frame_webcam1_c2dd3dc8-cede-4ba7-8bf1-bc4d01a6b798.jpg
2025-07-04 14:37:32,107 - app.services.camera_manager - INFO - [webcam1] cv2.imwrite() returned True
2025-07-04 14:37:32,195 - app.services.camera_manager - INFO - [webcam1] — iteration 240, calling cap.read()
2025-07-04 14:37:32,196 - app.services.camera_manager - INFO - [webcam1] — cap.read() returned ret=True
2025-07-04 14:37:32,197 - app.services.camera_manager - INFO - [webcam1] saving to C:\Users\HiDigi\OneDrive\Desktop\WebDev\FacialRecognition\static\images\frame_webcam1_4f247d35-0041-46c3-96d0-06bdfe05a6c6.jpg
2025-07-04 14:37:32,202 - app.services.camera_manager - INFO - [webcam1] cv2.imwrite() returned True
2025-07-04 14:37:32,288 - app.services.camera_manager - INFO - [webcam1] — iteration 241, calling cap.read()
2025-07-04 14:37:32,289 - app.services.camera_manager - INFO - [webcam1] — cap.read() returned ret=True
2025-07-04 14:37:32,290 - app.services.camera_manager - INFO - [webcam1] saving to C:\Users\HiDigi\OneDrive\Desktop\WebDev\FacialRecognition\static\images\frame_webcam1_9185dab2-777a-415d-80a4-8cd1fa950b06.jpg
2025-07-04 14:37:32,295 - app.services.camera_manager - INFO - [webcam1] cv2.imwrite() returned True
2025-07-04 14:37:32,381 - app.services.camera_manager - INFO - [webcam1] — iteration 242, calling cap.read()
2025-07-04 14:37:32,381 - app.services.camera_manager - INFO - [webcam1] — cap.read() returned ret=True
2025-07-04 14:37:32,383 - app.services.camera_manager - INFO - [webcam1] saving to C:\Users\HiDigi\OneDrive\Desktop\WebDev\FacialRecognition\static\images\frame_webcam1_9460d66c-8ff2-4259-964d-0b5b6536c141.jpg
2025-07-04 14:37:32,388 - app.services.camera_manager - INFO - [webcam1] cv2.imwrite() returned True
2025-07-04 14:37:32,475 - app.services.camera_manager - INFO - [webcam1] — iteration 243, calling cap.read()
2025-07-04 14:37:32,475 - app.services.camera_manager - INFO - [webcam1] — cap.read() returned ret=True
2025-07-04 14:37:32,476 - app.services.camera_manager - INFO - [webcam1] saving to C:\Users\HiDigi\OneDrive\Desktop\WebDev\FacialRecognition\static\images\frame_webcam1_29b3e360-7d15-4f77-92fe-3d33fdb86fbd.jpg
2025-07-04 14:37:32,482 - app.services.camera_manager - INFO - [webcam1] cv2.imwrite() returned True
2025-07-04 14:37:32,568 - app.services.camera_manager - INFO - [webcam1] — iteration 244, calling cap.read()
2025-07-04 14:37:32,569 - app.services.camera_manager - INFO - [webcam1] — cap.read() returned ret=True
2025-07-04 14:37:32,570 - app.services.camera_manager - INFO - [webcam1] saving to C:\Users\HiDigi\OneDrive\Desktop\WebDev\FacialRecognition\static\images\frame_webcam1_853691f9-428e-4030-aad8-7963de9fe9a9.jpg
2025-07-04 14:37:32,576 - app.services.camera_manager - INFO - [webcam1] cv2.imwrite() returned True
2025-07-04 14:37:32,662 - app.services.camera_manager - INFO - [webcam1] — iteration 245, calling cap.read()
2025-07-04 14:37:32,663 - app.services.camera_manager - INFO - [webcam1] — cap.read() returned ret=True
2025-07-04 14:37:32,664 - app.services.camera_manager - INFO - [webcam1] saving to C:\Users\HiDigi\OneDrive\Desktop\WebDev\FacialRecognition\static\images\frame_webcam1_ef18da84-8147-4e2a-ab23-c8471aeaff69.jpg
2025-07-04 14:37:32,669 - app.services.camera_manager - INFO - [webcam1] cv2.imwrite() returned True
2025-07-04 14:37:32,756 - app.services.camera_manager - INFO - [webcam1] — iteration 246, calling cap.read()
2025-07-04 14:37:32,757 - app.services.camera_manager - INFO - [webcam1] — cap.read() returned ret=True
2025-07-04 14:37:32,758 - app.services.camera_manager - INFO - [webcam1] saving to C:\Users\HiDigi\OneDrive\Desktop\WebDev\FacialRecognition\static\images\frame_webcam1_c763603c-dca7-4f18-819d-76f995a91d32.jpg
2025-07-04 14:37:32,763 - app.services.camera_manager - INFO - [webcam1] cv2.imwrite() returned True
2025-07-04 14:37:32,833 - app.services.camera_manager - INFO - [webcam1] — iteration 247, calling cap.read()
2025-07-04 14:37:32,834 - app.services.camera_manager - INFO - [webcam1] — cap.read() returned ret=True
2025-07-04 14:37:32,835 - app.services.camera_manager - INFO - [webcam1] saving to C:\Users\HiDigi\OneDrive\Desktop\WebDev\FacialRecognition\static\images\frame_webcam1_86a137a1-3feb-4ef3-9a31-340e390c218d.jpg
2025-07-04 14:37:32,840 - app.services.camera_manager - INFO - [webcam1] cv2.imwrite() returned True
2025-07-04 14:37:32,911 - app.services.camera_manager - INFO - [webcam1] — iteration 248, calling cap.read()
2025-07-04 14:37:32,911 - app.services.camera_manager - INFO - [webcam1] — cap.read() returned ret=True
2025-07-04 14:37:32,913 - app.services.camera_manager - INFO - [webcam1] saving to C:\Users\HiDigi\OneDrive\Desktop\WebDev\FacialRecognition\static\images\frame_webcam1_71637d17-df91-4769-9bcf-6823f07791a1.jpg
2025-07-04 14:37:32,918 - app.services.camera_manager - INFO - [webcam1] cv2.imwrite() returned True
2025-07-04 14:37:33,004 - app.services.camera_manager - INFO - [webcam1] — iteration 249, calling cap.read()
2025-07-04 14:37:33,005 - app.services.camera_manager - INFO - [webcam1] — cap.read() returned ret=True
2025-07-04 14:37:33,006 - app.services.camera_manager - INFO - [webcam1] saving to C:\Users\HiDigi\OneDrive\Desktop\WebDev\FacialRecognition\static\images\frame_webcam1_3da76d07-577b-4449-afa8-084936233498.jpg
2025-07-04 14:37:33,012 - app.services.camera_manager - INFO - [webcam1] cv2.imwrite() returned True
2025-07-04 14:37:33,014 - app.api.v1.ws_router - INFO - [WS] Client connected -> total clients = 1
2025-07-04 14:37:33,081 - app.services.camera_manager - INFO - [webcam1] — iteration 250, calling cap.read()
2025-07-04 14:37:33,082 - app.services.camera_manager - INFO - [webcam1] — cap.read() returned ret=True
2025-07-04 14:37:33,082 - app.services.camera_manager - INFO - [webcam1] saving to C:\Users\HiDigi\OneDrive\Desktop\WebDev\FacialRecognition\static\images\frame_webcam1_1562a0d9-aaa0-4b9b-84dd-cdf397b6747b.jpg
2025-07-04 14:37:33,088 - app.services.camera_manager - INFO - [webcam1] cv2.imwrite() returned True
2025-07-04 14:37:33,142 - app.services.camera_manager - INFO - [webcam1] — iteration 251, calling cap.read()
2025-07-04 14:37:33,143 - app.services.camera_manager - INFO - [webcam1] — cap.read() returned ret=True
2025-07-04 14:37:33,144 - app.services.camera_manager - INFO - [webcam1] saving to C:\Users\HiDigi\OneDrive\Desktop\WebDev\FacialRecognition\static\images\frame_webcam1_1cbc8aa8-2bb5-4d6f-a573-e5223192ce0e.jpg
2025-07-04 14:37:33,149 - app.services.camera_manager - INFO - [webcam1] cv2.imwrite() returned True
2025-07-04 14:37:33,220 - app.services.camera_manager - INFO - [webcam1] — iteration 252, calling cap.read()
2025-07-04 14:37:33,220 - app.services.camera_manager - INFO - [webcam1] — cap.read() returned ret=True
2025-07-04 14:37:33,222 - app.services.camera_manager - INFO - [webcam1] saving to C:\Users\HiDigi\OneDrive\Desktop\WebDev\FacialRecognition\static\images\frame_webcam1_293bb2f6-f449-472c-a134-5048c2278559.jpg
2025-07-04 14:37:33,227 - app.services.camera_manager - INFO - [webcam1] cv2.imwrite() returned True
2025-07-04 14:37:33,283 - app.services.camera_manager - INFO - [webcam1] — iteration 253, calling cap.read()
2025-07-04 14:37:33,283 - app.services.camera_manager - INFO - [webcam1] — cap.read() returned ret=True
2025-07-04 14:37:33,284 - app.services.camera_manager - INFO - [webcam1] saving to C:\Users\HiDigi\OneDrive\Desktop\WebDev\FacialRecognition\static\images\frame_webcam1_ade172ea-3495-40bd-8ea8-97309c66c29f.jpg
2025-07-04 14:37:33,290 - app.services.camera_manager - INFO - [webcam1] cv2.imwrite() returned True
2025-07-04 14:37:33,360 - app.services.camera_manager - INFO - [webcam1] — iteration 254, calling cap.read()
2025-07-04 14:37:33,361 - app.services.camera_manager - INFO - [webcam1] — cap.read() returned ret=True
2025-07-04 14:37:33,362 - app.services.camera_manager - INFO - [webcam1] saving to C:\Users\HiDigi\OneDrive\Desktop\WebDev\FacialRecognition\static\images\frame_webcam1_3eeae555-b0d8-4057-9d57-1c2d88ad9434.jpg
2025-07-04 14:37:33,367 - app.services.camera_manager - INFO - [webcam1] cv2.imwrite() returned True
2025-07-04 14:37:33,439 - app.services.camera_manager - INFO - [webcam1] — iteration 255, calling cap.read()
2025-07-04 14:37:33,439 - app.services.camera_manager - INFO - [webcam1] — cap.read() returned ret=True
2025-07-04 14:37:33,440 - app.services.camera_manager - INFO - [webcam1] saving to C:\Users\HiDigi\OneDrive\Desktop\WebDev\FacialRecognition\static\images\frame_webcam1_951de917-ffd1-4b56-b57b-13e226c82428.jpg
2025-07-04 14:37:33,445 - app.services.camera_manager - INFO - [webcam1] cv2.imwrite() returned True
2025-07-04 14:37:33,501 - app.services.camera_manager - INFO - [webcam1] — iteration 256, calling cap.read()
2025-07-04 14:37:33,502 - app.services.camera_manager - INFO - [webcam1] — cap.read() returned ret=True
2025-07-04 14:37:33,503 - app.services.camera_manager - INFO - [webcam1] saving to C:\Users\HiDigi\OneDrive\Desktop\WebDev\FacialRecognition\static\images\frame_webcam1_e161fbee-9178-416c-a8a3-784a61170caa.jpg
2025-07-04 14:37:33,508 - app.services.camera_manager - INFO - [webcam1] cv2.imwrite() returned True
2025-07-04 14:37:33,578 - app.services.camera_manager - INFO - [webcam1] — iteration 257, calling cap.read()
2025-07-04 14:37:33,579 - app.services.camera_manager - INFO - [webcam1] — cap.read() returned ret=True
2025-07-04 14:37:33,580 - app.services.camera_manager - INFO - [webcam1] saving to C:\Users\HiDigi\OneDrive\Desktop\WebDev\FacialRecognition\static\images\frame_webcam1_3bc6a486-d53e-43b9-9d32-d9fa5b536dd2.jpg
2025-07-04 14:37:33,585 - app.services.camera_manager - INFO - [webcam1] cv2.imwrite() returned True
2025-07-04 14:37:33,655 - app.services.camera_manager - INFO - [webcam1] — iteration 258, calling cap.read()
2025-07-04 14:37:33,655 - app.services.camera_manager - INFO - [webcam1] — cap.read() returned ret=True
2025-07-04 14:37:33,656 - app.services.camera_manager - INFO - [webcam1] saving to C:\Users\HiDigi\OneDrive\Desktop\WebDev\FacialRecognition\static\images\frame_webcam1_cfe043cc-1ae4-4aed-9e43-8b78c914106e.jpg
2025-07-04 14:37:33,662 - app.services.camera_manager - INFO - [webcam1] cv2.imwrite() returned True
2025-07-04 14:37:33,717 - app.services.camera_manager - INFO - [webcam1] — iteration 259, calling cap.read()
2025-07-04 14:37:33,717 - app.services.camera_manager - INFO - [webcam1] — cap.read() returned ret=True
2025-07-04 14:37:33,718 - app.services.camera_manager - INFO - [webcam1] saving to C:\Users\HiDigi\OneDrive\Desktop\WebDev\FacialRecognition\static\images\frame_webcam1_48fbe727-fd35-408e-9c79-03735361b2b7.jpg
2025-07-04 14:37:33,724 - app.services.camera_manager - INFO - [webcam1] cv2.imwrite() returned True
2025-07-04 14:37:33,795 - app.services.camera_manager - INFO - [webcam1] — iteration 260, calling cap.read()
2025-07-04 14:37:33,795 - app.services.camera_manager - INFO - [webcam1] — cap.read() returned ret=True
2025-07-04 14:37:33,796 - app.services.camera_manager - INFO - [webcam1] saving to C:\Users\HiDigi\OneDrive\Desktop\WebDev\FacialRecognition\static\images\frame_webcam1_9a1dd94a-45a4-4b28-a6a9-7565d8e78445.jpg
2025-07-04 14:37:33,802 - app.services.camera_manager - INFO - [webcam1] cv2.imwrite() returned True
2025-07-04 14:37:33,872 - app.services.camera_manager - INFO - [webcam1] — iteration 261, calling cap.read()
2025-07-04 14:37:33,873 - app.services.camera_manager - INFO - [webcam1] — cap.read() returned ret=True
2025-07-04 14:37:33,874 - app.services.camera_manager - INFO - [webcam1] saving to C:\Users\HiDigi\OneDrive\Desktop\WebDev\FacialRecognition\static\images\frame_webcam1_8b2e7da1-fd21-4d11-b2a6-eed8e28fc872.jpg
2025-07-04 14:37:33,879 - app.services.camera_manager - INFO - [webcam1] cv2.imwrite() returned True
2025-07-04 14:37:33,934 - app.services.camera_manager - INFO - [webcam1] — iteration 262, calling cap.read()
2025-07-04 14:37:33,935 - app.services.camera_manager - INFO - [webcam1] — cap.read() returned ret=True
2025-07-04 14:37:33,936 - app.services.camera_manager - INFO - [webcam1] saving to C:\Users\HiDigi\OneDrive\Desktop\WebDev\FacialRecognition\static\images\frame_webcam1_5dfbbf66-428e-4347-aaed-36539dd18c1b.jpg
2025-07-04 14:37:33,941 - app.services.camera_manager - INFO - [webcam1] cv2.imwrite() returned True
2025-07-04 14:37:34,011 - app.services.camera_manager - INFO - [webcam1] — iteration 263, calling cap.read()
2025-07-04 14:37:34,011 - app.services.camera_manager - INFO - [webcam1] — cap.read() returned ret=True
2025-07-04 14:37:34,012 - app.services.camera_manager - INFO - [webcam1] saving to C:\Users\HiDigi\OneDrive\Desktop\WebDev\FacialRecognition\static\images\frame_webcam1_7fb72648-4acb-438f-a385-10c25bb4df00.jpg
2025-07-04 14:37:34,018 - app.services.camera_manager - INFO - [webcam1] cv2.imwrite() returned True
2025-07-04 14:37:34,104 - app.services.camera_manager - INFO - [webcam1] — iteration 264, calling cap.read()
2025-07-04 14:37:34,104 - app.services.camera_manager - INFO - [webcam1] — cap.read() returned ret=True
2025-07-04 14:37:34,105 - app.services.camera_manager - INFO - [webcam1] saving to C:\Users\HiDigi\OneDrive\Desktop\WebDev\FacialRecognition\static\images\frame_webcam1_d33930b7-6cfe-4812-a079-762da47c4358.jpg
2025-07-04 14:37:34,111 - app.services.camera_manager - INFO - [webcam1] cv2.imwrite() returned True
2025-07-04 14:37:34,195 - app.services.camera_manager - INFO - [webcam1] — iteration 265, calling cap.read()
2025-07-04 14:37:34,195 - app.services.camera_manager - INFO - [webcam1] — cap.read() returned ret=True
2025-07-04 14:37:34,196 - app.services.camera_manager - INFO - [webcam1] saving to C:\Users\HiDigi\OneDrive\Desktop\WebDev\FacialRecognition\static\images\frame_webcam1_100bdeb0-1161-4f92-9ee5-e2bb0806ddad.jpg
2025-07-04 14:37:34,202 - app.services.camera_manager - INFO - [webcam1] cv2.imwrite() returned True
2025-07-04 14:37:34,287 - app.services.camera_manager - INFO - [webcam1] — iteration 266, calling cap.read()
2025-07-04 14:37:34,287 - app.services.camera_manager - INFO - [webcam1] — cap.read() returned ret=True
2025-07-04 14:37:34,288 - app.services.camera_manager - INFO - [webcam1] saving to C:\Users\HiDigi\OneDrive\Desktop\WebDev\FacialRecognition\static\images\frame_webcam1_32bd6297-2cab-436e-a5c0-43fd31c9afeb.jpg
2025-07-04 14:37:34,294 - app.services.camera_manager - INFO - [webcam1] cv2.imwrite() returned True
2025-07-04 14:37:34,382 - app.services.camera_manager - INFO - [webcam1] — iteration 267, calling cap.read()
2025-07-04 14:37:34,382 - app.services.camera_manager - INFO - [webcam1] — cap.read() returned ret=True
2025-07-04 14:37:34,383 - app.services.camera_manager - INFO - [webcam1] saving to C:\Users\HiDigi\OneDrive\Desktop\WebDev\FacialRecognition\static\images\frame_webcam1_276cb9dc-bd50-4227-a853-da5e934acece.jpg
2025-07-04 14:37:34,389 - app.services.camera_manager - INFO - [webcam1] cv2.imwrite() returned True
2025-07-04 14:37:34,475 - app.services.camera_manager - INFO - [webcam1] — iteration 268, calling cap.read()
2025-07-04 14:37:34,475 - app.services.camera_manager - INFO - [webcam1] — cap.read() returned ret=True
2025-07-04 14:37:34,476 - app.services.camera_manager - INFO - [webcam1] saving to C:\Users\HiDigi\OneDrive\Desktop\WebDev\FacialRecognition\static\images\frame_webcam1_e4d7a8a6-b2b5-40f5-9322-564ef69b1faf.jpg
2025-07-04 14:37:34,482 - app.services.camera_manager - INFO - [webcam1] cv2.imwrite() returned True
2025-07-04 14:37:34,568 - app.services.camera_manager - INFO - [webcam1] — iteration 269, calling cap.read()
2025-07-04 14:37:34,568 - app.services.camera_manager - INFO - [webcam1] — cap.read() returned ret=True
2025-07-04 14:37:34,569 - app.services.camera_manager - INFO - [webcam1] saving to C:\Users\HiDigi\OneDrive\Desktop\WebDev\FacialRecognition\static\images\frame_webcam1_0276e623-42b8-4e37-8647-ee6da8d42759.jpg
2025-07-04 14:37:34,575 - app.services.camera_manager - INFO - [webcam1] cv2.imwrite() returned True
2025-07-04 14:37:34,660 - app.services.camera_manager - INFO - [webcam1] — iteration 270, calling cap.read()
2025-07-04 14:37:34,661 - app.services.camera_manager - INFO - [webcam1] — cap.read() returned ret=True
2025-07-04 14:37:34,662 - app.services.camera_manager - INFO - [webcam1] saving to C:\Users\HiDigi\OneDrive\Desktop\WebDev\FacialRecognition\static\images\frame_webcam1_a78b7d2f-bd60-4468-9fa3-0cc9959552ac.jpg
2025-07-04 14:37:34,667 - app.services.camera_manager - INFO - [webcam1] cv2.imwrite() returned True
2025-07-04 14:37:34,737 - app.services.camera_manager - INFO - [webcam1] — iteration 271, calling cap.read()
2025-07-04 14:37:34,737 - app.services.camera_manager - INFO - [webcam1] — cap.read() returned ret=True
2025-07-04 14:37:34,739 - app.services.camera_manager - INFO - [webcam1] saving to C:\Users\HiDigi\OneDrive\Desktop\WebDev\FacialRecognition\static\images\frame_webcam1_c7cc027f-92f6-48e3-8b5a-ac179c01c754.jpg
2025-07-04 14:37:34,745 - app.services.camera_manager - INFO - [webcam1] cv2.imwrite() returned True
2025-07-04 14:37:34,815 - app.services.camera_manager - INFO - [webcam1] — iteration 272, calling cap.read()
2025-07-04 14:37:34,815 - app.services.camera_manager - INFO - [webcam1] — cap.read() returned ret=True
2025-07-04 14:37:34,816 - app.services.camera_manager - INFO - [webcam1] saving to C:\Users\HiDigi\OneDrive\Desktop\WebDev\FacialRecognition\static\images\frame_webcam1_cd913e5c-49aa-4393-b433-9e894ead168c.jpg
2025-07-04 14:37:34,822 - app.services.camera_manager - INFO - [webcam1] cv2.imwrite() returned True
2025-07-04 14:37:34,892 - app.services.camera_manager - INFO - [webcam1] — iteration 273, calling cap.read()
2025-07-04 14:37:34,892 - app.services.camera_manager - INFO - [webcam1] — cap.read() returned ret=True
2025-07-04 14:37:34,893 - app.services.camera_manager - INFO - [webcam1] saving to C:\Users\HiDigi\OneDrive\Desktop\WebDev\FacialRecognition\static\images\frame_webcam1_24318434-f586-4e92-881d-a116c5c2489a.jpg
2025-07-04 14:37:34,899 - app.services.camera_manager - INFO - [webcam1] cv2.imwrite() returned True
2025-07-04 14:37:34,954 - app.services.camera_manager - INFO - [webcam1] — iteration 274, calling cap.read()
2025-07-04 14:37:34,955 - app.services.camera_manager - INFO - [webcam1] — cap.read() returned ret=True
2025-07-04 14:37:34,956 - app.services.camera_manager - INFO - [webcam1] saving to C:\Users\HiDigi\OneDrive\Desktop\WebDev\FacialRecognition\static\images\frame_webcam1_30f1bc05-4946-4d0d-adad-39fcf7395cad.jpg
2025-07-04 14:37:34,962 - app.services.camera_manager - INFO - [webcam1] cv2.imwrite() returned True
2025-07-04 14:37:35,032 - app.services.camera_manager - INFO - [webcam1] — iteration 275, calling cap.read()
2025-07-04 14:37:35,032 - app.services.camera_manager - INFO - [webcam1] — cap.read() returned ret=True
2025-07-04 14:37:35,034 - app.services.camera_manager - INFO - [webcam1] saving to C:\Users\HiDigi\OneDrive\Desktop\WebDev\FacialRecognition\static\images\frame_webcam1_f867139a-a9d8-4558-b46e-f1c4e53fd39f.jpg
2025-07-04 14:37:35,040 - app.services.camera_manager - INFO - [webcam1] cv2.imwrite() returned True
2025-07-04 14:37:35,110 - app.services.camera_manager - INFO - [webcam1] — iteration 276, calling cap.read()
2025-07-04 14:37:35,111 - app.services.camera_manager - INFO - [webcam1] — cap.read() returned ret=True
2025-07-04 14:37:35,112 - app.services.camera_manager - INFO - [webcam1] saving to C:\Users\HiDigi\OneDrive\Desktop\WebDev\FacialRecognition\static\images\frame_webcam1_1e1c2a29-c79e-442b-b9e2-f7e8e1075e0d.jpg
2025-07-04 14:37:35,117 - app.services.camera_manager - INFO - [webcam1] cv2.imwrite() returned True
2025-07-04 14:37:35,187 - app.services.camera_manager - INFO - [webcam1] — iteration 277, calling cap.read()
2025-07-04 14:37:35,187 - app.services.camera_manager - INFO - [webcam1] — cap.read() returned ret=True
2025-07-04 14:37:35,189 - app.services.camera_manager - INFO - [webcam1] saving to C:\Users\HiDigi\OneDrive\Desktop\WebDev\FacialRecognition\static\images\frame_webcam1_aaa5691f-191c-40d1-9002-e1021d0facc8.jpg
2025-07-04 14:37:35,195 - app.services.camera_manager - INFO - [webcam1] cv2.imwrite() returned True
2025-07-04 14:37:35,265 - app.services.camera_manager - INFO - [webcam1] — iteration 278, calling cap.read()
2025-07-04 14:37:35,265 - app.services.camera_manager - INFO - [webcam1] — cap.read() returned ret=True
2025-07-04 14:37:35,267 - app.services.camera_manager - INFO - [webcam1] saving to C:\Users\HiDigi\OneDrive\Desktop\WebDev\FacialRecognition\static\images\frame_webcam1_b23519d4-9c37-4c56-b592-43467da4fb21.jpg
2025-07-04 14:37:35,272 - app.services.camera_manager - INFO - [webcam1] cv2.imwrite() returned True
2025-07-04 14:37:35,342 - app.services.camera_manager - INFO - [webcam1] — iteration 279, calling cap.read()
2025-07-04 14:37:35,342 - app.services.camera_manager - INFO - [webcam1] — cap.read() returned ret=True
2025-07-04 14:37:35,344 - app.services.camera_manager - INFO - [webcam1] saving to C:\Users\HiDigi\OneDrive\Desktop\WebDev\FacialRecognition\static\images\frame_webcam1_0d00751d-4230-424a-b919-6a348c1f15f1.jpg
2025-07-04 14:37:35,349 - app.services.camera_manager - INFO - [webcam1] cv2.imwrite() returned True
2025-07-04 14:37:35,418 - app.services.camera_manager - INFO - [webcam1] — iteration 280, calling cap.read()
2025-07-04 14:37:35,418 - app.services.camera_manager - INFO - [webcam1] — cap.read() returned ret=True
2025-07-04 14:37:35,420 - app.services.camera_manager - INFO - [webcam1] saving to C:\Users\HiDigi\OneDrive\Desktop\WebDev\FacialRecognition\static\images\frame_webcam1_3d5da3f2-e849-4c1c-8e2e-95e5a8556dee.jpg
2025-07-04 14:37:35,425 - app.services.camera_manager - INFO - [webcam1] cv2.imwrite() returned True
2025-07-04 14:37:35,495 - app.services.camera_manager - INFO - [webcam1] — iteration 281, calling cap.read()
2025-07-04 14:37:35,496 - app.services.camera_manager - INFO - [webcam1] — cap.read() returned ret=True
2025-07-04 14:37:35,497 - app.services.camera_manager - INFO - [webcam1] saving to C:\Users\HiDigi\OneDrive\Desktop\WebDev\FacialRecognition\static\images\frame_webcam1_7ad7ed70-ef8c-4419-a29c-ec102dc1f668.jpg
2025-07-04 14:37:35,502 - app.services.camera_manager - INFO - [webcam1] cv2.imwrite() returned True
2025-07-04 14:37:35,587 - app.services.camera_manager - INFO - [webcam1] — iteration 282, calling cap.read()
2025-07-04 14:37:35,588 - app.services.camera_manager - INFO - [webcam1] — cap.read() returned ret=True
2025-07-04 14:37:35,589 - app.services.camera_manager - INFO - [webcam1] saving to C:\Users\HiDigi\OneDrive\Desktop\WebDev\FacialRecognition\static\images\frame_webcam1_f1d514a3-ac26-45c3-b9ec-29a34b58b609.jpg
2025-07-04 14:37:35,595 - app.services.camera_manager - INFO - [webcam1] cv2.imwrite() returned True
2025-07-04 14:37:35,681 - app.services.camera_manager - INFO - [webcam1] — iteration 283, calling cap.read()
2025-07-04 14:37:35,681 - app.services.camera_manager - INFO - [webcam1] — cap.read() returned ret=True
2025-07-04 14:37:35,682 - app.services.camera_manager - INFO - [webcam1] saving to C:\Users\HiDigi\OneDrive\Desktop\WebDev\FacialRecognition\static\images\frame_webcam1_5cddebba-ce5e-484f-b33f-a739aeef3b15.jpg
2025-07-04 14:37:35,688 - app.services.camera_manager - INFO - [webcam1] cv2.imwrite() returned True
2025-07-04 14:37:35,775 - app.services.camera_manager - INFO - [webcam1] — iteration 284, calling cap.read()
2025-07-04 14:37:35,775 - app.services.camera_manager - INFO - [webcam1] — cap.read() returned ret=True
2025-07-04 14:37:35,777 - app.services.camera_manager - INFO - [webcam1] saving to C:\Users\HiDigi\OneDrive\Desktop\WebDev\FacialRecognition\static\images\frame_webcam1_d1485855-d43d-4d65-8660-e446631c8f04.jpg
2025-07-04 14:37:35,782 - app.services.camera_manager - INFO - [webcam1] cv2.imwrite() returned True
2025-07-04 14:37:35,867 - app.services.camera_manager - INFO - [webcam1] — iteration 285, calling cap.read()
2025-07-04 14:37:35,867 - app.services.camera_manager - INFO - [webcam1] — cap.read() returned ret=True
2025-07-04 14:37:35,868 - app.services.camera_manager - INFO - [webcam1] saving to C:\Users\HiDigi\OneDrive\Desktop\WebDev\FacialRecognition\static\images\frame_webcam1_a96b0b67-103e-40d0-827e-793bee57ad7c.jpg
2025-07-04 14:37:35,874 - app.services.camera_manager - INFO - [webcam1] cv2.imwrite() returned True
2025-07-04 14:37:35,959 - app.services.camera_manager - INFO - [webcam1] — iteration 286, calling cap.read()
2025-07-04 14:37:35,960 - app.services.camera_manager - INFO - [webcam1] — cap.read() returned ret=True
2025-07-04 14:37:35,961 - app.services.camera_manager - INFO - [webcam1] saving to C:\Users\HiDigi\OneDrive\Desktop\WebDev\FacialRecognition\static\images\frame_webcam1_27af23dc-566c-485c-be66-9c751cca569a.jpg
2025-07-04 14:37:35,966 - app.services.camera_manager - INFO - [webcam1] cv2.imwrite() returned True
2025-07-04 14:37:36,055 - app.services.camera_manager - INFO - [webcam1] — iteration 287, calling cap.read()
2025-07-04 14:37:36,055 - app.services.camera_manager - INFO - [webcam1] — cap.read() returned ret=True
2025-07-04 14:37:36,057 - app.services.camera_manager - INFO - [webcam1] saving to C:\Users\HiDigi\OneDrive\Desktop\WebDev\FacialRecognition\static\images\frame_webcam1_d9fedc88-b570-4bb3-a692-9af3a66758c9.jpg
2025-07-04 14:37:36,062 - app.services.camera_manager - INFO - [webcam1] cv2.imwrite() returned True
2025-07-04 14:37:36,147 - app.services.camera_manager - INFO - [webcam1] — iteration 288, calling cap.read()
2025-07-04 14:37:36,147 - app.services.camera_manager - INFO - [webcam1] — cap.read() returned ret=True
2025-07-04 14:37:36,148 - app.services.camera_manager - INFO - [webcam1] saving to C:\Users\HiDigi\OneDrive\Desktop\WebDev\FacialRecognition\static\images\frame_webcam1_11afcdd3-f75c-4545-9998-16dbc83c750f.jpg
2025-07-04 14:37:36,154 - app.services.camera_manager - INFO - [webcam1] cv2.imwrite() returned True
2025-07-04 14:37:36,241 - app.services.camera_manager - INFO - [webcam1] — iteration 289, calling cap.read()
2025-07-04 14:37:36,241 - app.services.camera_manager - INFO - [webcam1] — cap.read() returned ret=True
2025-07-04 14:37:36,242 - app.services.camera_manager - INFO - [webcam1] saving to C:\Users\HiDigi\OneDrive\Desktop\WebDev\FacialRecognition\static\images\frame_webcam1_a878cf02-401e-460f-8fc5-38be0de238a8.jpg
2025-07-04 14:37:36,248 - app.services.camera_manager - INFO - [webcam1] cv2.imwrite() returned True
2025-07-04 14:37:36,334 - app.services.camera_manager - INFO - [webcam1] — iteration 290, calling cap.read()
2025-07-04 14:37:36,335 - app.services.camera_manager - INFO - [webcam1] — cap.read() returned ret=True
2025-07-04 14:37:36,336 - app.services.camera_manager - INFO - [webcam1] saving to C:\Users\HiDigi\OneDrive\Desktop\WebDev\FacialRecognition\static\images\frame_webcam1_e4649d17-50d0-49dd-a3b6-476411166682.jpg
2025-07-04 14:37:36,341 - app.services.camera_manager - INFO - [webcam1] cv2.imwrite() returned True
2025-07-04 14:37:36,427 - app.services.camera_manager - INFO - [webcam1] — iteration 291, calling cap.read()
2025-07-04 14:37:36,427 - app.services.camera_manager - INFO - [webcam1] — cap.read() returned ret=True
2025-07-04 14:37:36,428 - app.services.camera_manager - INFO - [webcam1] saving to C:\Users\HiDigi\OneDrive\Desktop\WebDev\FacialRecognition\static\images\frame_webcam1_55ccb050-149d-4a80-98c9-47a41db51a1a.jpg
2025-07-04 14:37:36,434 - app.services.camera_manager - INFO - [webcam1] cv2.imwrite() returned True
2025-07-04 14:37:36,520 - app.services.camera_manager - INFO - [webcam1] — iteration 292, calling cap.read()
2025-07-04 14:37:36,520 - app.services.camera_manager - INFO - [webcam1] — cap.read() returned ret=True
2025-07-04 14:37:36,522 - app.services.camera_manager - INFO - [webcam1] saving to C:\Users\HiDigi\OneDrive\Desktop\WebDev\FacialRecognition\static\images\frame_webcam1_717948f1-997c-41aa-9306-e524d283c8d9.jpg
2025-07-04 14:37:36,527 - app.services.camera_manager - INFO - [webcam1] cv2.imwrite() returned True
2025-07-04 14:37:36,582 - app.services.camera_manager - INFO - [webcam1] — iteration 293, calling cap.read()
2025-07-04 14:37:36,583 - app.services.camera_manager - INFO - [webcam1] — cap.read() returned ret=True
2025-07-04 14:37:36,584 - app.services.camera_manager - INFO - [webcam1] saving to C:\Users\HiDigi\OneDrive\Desktop\WebDev\FacialRecognition\static\images\frame_webcam1_fbf1e7ec-f2d7-4874-9edd-3e6800c5eab6.jpg
2025-07-04 14:37:36,589 - app.services.camera_manager - INFO - [webcam1] cv2.imwrite() returned True
2025-07-04 14:37:36,658 - app.services.camera_manager - INFO - [webcam1] — iteration 294, calling cap.read()
2025-07-04 14:37:36,660 - app.services.camera_manager - INFO - [webcam1] — cap.read() returned ret=True
2025-07-04 14:37:36,661 - app.services.camera_manager - INFO - [webcam1] saving to C:\Users\HiDigi\OneDrive\Desktop\WebDev\FacialRecognition\static\images\frame_webcam1_032a3723-525e-4216-b7c6-b2cb3cbc0bc9.jpg
2025-07-04 14:37:36,665 - app.services.camera_manager - INFO - [webcam1] cv2.imwrite() returned True
2025-07-04 14:37:36,736 - app.services.camera_manager - INFO - [webcam1] — iteration 295, calling cap.read()
2025-07-04 14:37:36,736 - app.services.camera_manager - INFO - [webcam1] — cap.read() returned ret=True
2025-07-04 14:37:36,738 - app.services.camera_manager - INFO - [webcam1] saving to C:\Users\HiDigi\OneDrive\Desktop\WebDev\FacialRecognition\static\images\frame_webcam1_f87be3ae-896b-4f6a-ae3b-183eaa405ba0.jpg
2025-07-04 14:37:36,743 - app.services.camera_manager - INFO - [webcam1] cv2.imwrite() returned True
2025-07-04 14:37:36,814 - app.services.camera_manager - INFO - [webcam1] — iteration 296, calling cap.read()
2025-07-04 14:37:36,814 - app.services.camera_manager - INFO - [webcam1] — cap.read() returned ret=True
2025-07-04 14:37:36,815 - app.services.camera_manager - INFO - [webcam1] saving to C:\Users\HiDigi\OneDrive\Desktop\WebDev\FacialRecognition\static\images\frame_webcam1_580cc2e5-6f6b-4e3c-9a6d-5a8db43a3af0.jpg
2025-07-04 14:37:36,821 - app.services.camera_manager - INFO - [webcam1] cv2.imwrite() returned True
2025-07-04 14:37:36,892 - app.services.camera_manager - INFO - [webcam1] — iteration 297, calling cap.read()
2025-07-04 14:37:36,892 - app.services.camera_manager - INFO - [webcam1] — cap.read() returned ret=True
2025-07-04 14:37:36,893 - app.services.camera_manager - INFO - [webcam1] saving to C:\Users\HiDigi\OneDrive\Desktop\WebDev\FacialRecognition\static\images\frame_webcam1_48c00f0a-105c-4490-93d1-564fc3653620.jpg
2025-07-04 14:37:36,899 - app.services.camera_manager - INFO - [webcam1] cv2.imwrite() returned True
2025-07-04 14:37:36,971 - app.services.camera_manager - INFO - [webcam1] — iteration 298, calling cap.read()
2025-07-04 14:37:36,971 - app.services.camera_manager - INFO - [webcam1] — cap.read() returned ret=True
2025-07-04 14:37:36,972 - app.services.camera_manager - INFO - [webcam1] saving to C:\Users\HiDigi\OneDrive\Desktop\WebDev\FacialRecognition\static\images\frame_webcam1_6e49ecd1-dffa-4674-88bd-aea4b755a9f4.jpg
2025-07-04 14:37:36,978 - app.services.camera_manager - INFO - [webcam1] cv2.imwrite() returned True
2025-07-04 14:37:37,032 - app.services.camera_manager - INFO - [webcam1] — iteration 299, calling cap.read()
2025-07-04 14:37:37,032 - app.services.camera_manager - INFO - [webcam1] — cap.read() returned ret=True
2025-07-04 14:37:37,033 - app.services.camera_manager - INFO - [webcam1] saving to C:\Users\HiDigi\OneDrive\Desktop\WebDev\FacialRecognition\static\images\frame_webcam1_a196238b-d05b-4bdb-aa47-e49f2a64a5be.jpg
2025-07-04 14:37:37,039 - app.services.camera_manager - INFO - [webcam1] cv2.imwrite() returned True
2025-07-04 14:37:37,111 - app.services.camera_manager - INFO - [webcam1] — iteration 300, calling cap.read()
2025-07-04 14:37:37,111 - app.services.camera_manager - INFO - [webcam1] — cap.read() returned ret=True
2025-07-04 14:37:37,112 - app.services.camera_manager - INFO - [webcam1] saving to C:\Users\HiDigi\OneDrive\Desktop\WebDev\FacialRecognition\static\images\frame_webcam1_aec2991e-d677-47c6-adf2-546edf98dda4.jpg
2025-07-04 14:37:37,117 - app.services.camera_manager - INFO - [webcam1] cv2.imwrite() returned True
2025-07-04 14:37:37,186 - app.services.camera_manager - INFO - [webcam1] — iteration 301, calling cap.read()
2025-07-04 14:37:37,186 - app.services.camera_manager - INFO - [webcam1] — cap.read() returned ret=True
2025-07-04 14:37:37,187 - app.services.camera_manager - INFO - [webcam1] saving to C:\Users\HiDigi\OneDrive\Desktop\WebDev\FacialRecognition\static\images\frame_webcam1_e2478f2b-8dc7-44ef-a6d8-bb9be31e19fa.jpg
2025-07-04 14:37:37,193 - app.services.camera_manager - INFO - [webcam1] cv2.imwrite() returned True
2025-07-04 14:37:37,249 - app.services.camera_manager - INFO - [webcam1] — iteration 302, calling cap.read()
2025-07-04 14:37:37,249 - app.services.camera_manager - INFO - [webcam1] — cap.read() returned ret=True
2025-07-04 14:37:37,250 - app.services.camera_manager - INFO - [webcam1] saving to C:\Users\HiDigi\OneDrive\Desktop\WebDev\FacialRecognition\static\images\frame_webcam1_bea57768-b649-432c-b48b-14ce188f6ef6.jpg
2025-07-04 14:37:37,256 - app.services.camera_manager - INFO - [webcam1] cv2.imwrite() returned True
2025-07-04 14:37:37,326 - app.services.camera_manager - INFO - [webcam1] — iteration 303, calling cap.read()
2025-07-04 14:37:37,327 - app.services.camera_manager - INFO - [webcam1] — cap.read() returned ret=True
2025-07-04 14:37:37,328 - app.services.camera_manager - INFO - [webcam1] saving to C:\Users\HiDigi\OneDrive\Desktop\WebDev\FacialRecognition\static\images\frame_webcam1_0da16f54-860a-402c-9300-55ecc1615afe.jpg
2025-07-04 14:37:37,334 - app.services.camera_manager - INFO - [webcam1] cv2.imwrite() returned True
2025-07-04 14:37:37,404 - app.services.camera_manager - INFO - [webcam1] — iteration 304, calling cap.read()
2025-07-04 14:37:37,405 - app.services.camera_manager - INFO - [webcam1] — cap.read() returned ret=True
2025-07-04 14:37:37,406 - app.services.camera_manager - INFO - [webcam1] saving to C:\Users\HiDigi\OneDrive\Desktop\WebDev\FacialRecognition\static\images\frame_webcam1_e5c39da1-c335-425f-b07d-5c701c2beaeb.jpg
2025-07-04 14:37:37,412 - app.services.camera_manager - INFO - [webcam1] cv2.imwrite() returned True
2025-07-04 14:37:37,467 - app.services.camera_manager - INFO - [webcam1] — iteration 305, calling cap.read()
2025-07-04 14:37:37,468 - app.services.camera_manager - INFO - [webcam1] — cap.read() returned ret=True
2025-07-04 14:37:37,469 - app.services.camera_manager - INFO - [webcam1] saving to C:\Users\HiDigi\OneDrive\Desktop\WebDev\FacialRecognition\static\images\frame_webcam1_e273a5e0-7765-48e3-93d4-3451dc4d5908.jpg
2025-07-04 14:37:37,474 - app.services.camera_manager - INFO - [webcam1] cv2.imwrite() returned True
2025-07-04 14:37:37,545 - app.services.camera_manager - INFO - [webcam1] — iteration 306, calling cap.read()
2025-07-04 14:37:37,546 - app.services.camera_manager - INFO - [webcam1] — cap.read() returned ret=True
2025-07-04 14:37:37,547 - app.services.camera_manager - INFO - [webcam1] saving to C:\Users\HiDigi\OneDrive\Desktop\WebDev\FacialRecognition\static\images\frame_webcam1_fe99e983-0e09-400e-89a4-bc91af0d23e5.jpg
2025-07-04 14:37:37,553 - app.services.camera_manager - INFO - [webcam1] cv2.imwrite() returned True
2025-07-04 14:37:37,623 - app.services.camera_manager - INFO - [webcam1] — iteration 307, calling cap.read()
2025-07-04 14:37:37,624 - app.services.camera_manager - INFO - [webcam1] — cap.read() returned ret=True
2025-07-04 14:37:37,625 - app.services.camera_manager - INFO - [webcam1] saving to C:\Users\HiDigi\OneDrive\Desktop\WebDev\FacialRecognition\static\images\frame_webcam1_c8de3733-bc8a-40c6-914a-485675312a20.jpg
2025-07-04 14:37:37,630 - app.services.camera_manager - INFO - [webcam1] cv2.imwrite() returned True
2025-07-04 14:37:37,684 - app.services.camera_manager - INFO - [webcam1] — iteration 308, calling cap.read()
2025-07-04 14:37:37,685 - app.services.camera_manager - INFO - [webcam1] — cap.read() returned ret=True
2025-07-04 14:37:37,686 - app.services.camera_manager - INFO - [webcam1] saving to C:\Users\HiDigi\OneDrive\Desktop\WebDev\FacialRecognition\static\images\frame_webcam1_9d512eef-9fb9-4213-bc69-1bcede09e501.jpg
2025-07-04 14:37:37,691 - app.services.camera_manager - INFO - [webcam1] cv2.imwrite() returned True
2025-07-04 14:37:37,761 - app.services.camera_manager - INFO - [webcam1] — iteration 309, calling cap.read()
2025-07-04 14:37:37,762 - app.services.camera_manager - INFO - [webcam1] — cap.read() returned ret=True
2025-07-04 14:37:37,763 - app.services.camera_manager - INFO - [webcam1] saving to C:\Users\HiDigi\OneDrive\Desktop\WebDev\FacialRecognition\static\images\frame_webcam1_c3997f57-2a9a-4fcc-94a5-de407ea4681e.jpg
2025-07-04 14:37:37,769 - app.services.camera_manager - INFO - [webcam1] cv2.imwrite() returned True
2025-07-04 14:37:37,853 - app.services.camera_manager - INFO - [webcam1] — iteration 310, calling cap.read()
2025-07-04 14:37:37,854 - app.services.camera_manager - INFO - [webcam1] — cap.read() returned ret=True
2025-07-04 14:37:37,855 - app.services.camera_manager - INFO - [webcam1] saving to C:\Users\HiDigi\OneDrive\Desktop\WebDev\FacialRecognition\static\images\frame_webcam1_ff22941c-f4bb-4a9c-996e-1810e0623208.jpg
2025-07-04 14:37:37,860 - app.services.camera_manager - INFO - [webcam1] cv2.imwrite() returned True
2025-07-04 14:37:37,945 - app.services.camera_manager - INFO - [webcam1] — iteration 311, calling cap.read()
2025-07-04 14:37:37,946 - app.services.camera_manager - INFO - [webcam1] — cap.read() returned ret=True
2025-07-04 14:37:37,947 - app.services.camera_manager - INFO - [webcam1] saving to C:\Users\HiDigi\OneDrive\Desktop\WebDev\FacialRecognition\static\images\frame_webcam1_e976e175-6c0a-45b4-a715-a58b9866e8a5.jpg
2025-07-04 14:37:37,952 - app.services.camera_manager - INFO - [webcam1] cv2.imwrite() returned True
2025-07-04 14:37:38,039 - app.services.camera_manager - INFO - [webcam1] — iteration 312, calling cap.read()
2025-07-04 14:37:38,041 - app.services.camera_manager - INFO - [webcam1] — cap.read() returned ret=True
2025-07-04 14:37:38,043 - app.services.camera_manager - INFO - [webcam1] saving to C:\Users\HiDigi\OneDrive\Desktop\WebDev\FacialRecognition\static\images\frame_webcam1_4046a5b2-e474-4ba2-b72e-bfa6947520dd.jpg
2025-07-04 14:37:38,048 - app.services.camera_manager - INFO - [webcam1] cv2.imwrite() returned True
2025-07-04 14:37:38,132 - app.services.camera_manager - INFO - [webcam1] — iteration 313, calling cap.read()
2025-07-04 14:37:38,134 - app.services.camera_manager - INFO - [webcam1] — cap.read() returned ret=True
2025-07-04 14:37:38,138 - app.services.camera_manager - INFO - [webcam1] saving to C:\Users\HiDigi\OneDrive\Desktop\WebDev\FacialRecognition\static\images\frame_webcam1_f1354efb-6419-494b-aa3e-6494b9266aa6.jpg
2025-07-04 14:37:38,149 - app.services.camera_manager - INFO - [webcam1] cv2.imwrite() returned True
2025-07-04 14:37:38,210 - app.services.camera_manager - INFO - [webcam1] — iteration 314, calling cap.read()
2025-07-04 14:37:38,210 - app.services.camera_manager - INFO - [webcam1] — cap.read() returned ret=True
2025-07-04 14:37:38,211 - app.services.camera_manager - INFO - [webcam1] saving to C:\Users\HiDigi\OneDrive\Desktop\WebDev\FacialRecognition\static\images\frame_webcam1_f9be94e9-0dfd-483c-b278-421108b2ab71.jpg
2025-07-04 14:37:38,218 - app.services.camera_manager - INFO - [webcam1] cv2.imwrite() returned True
2025-07-04 14:37:38,288 - app.services.camera_manager - INFO - [webcam1] — iteration 315, calling cap.read()
2025-07-04 14:37:38,288 - app.services.camera_manager - INFO - [webcam1] — cap.read() returned ret=True
2025-07-04 14:37:38,289 - app.services.camera_manager - INFO - [webcam1] saving to C:\Users\HiDigi\OneDrive\Desktop\WebDev\FacialRecognition\static\images\frame_webcam1_7cf11a71-1b77-4dff-85b5-791843dfd1b7.jpg
2025-07-04 14:37:38,295 - app.services.camera_manager - INFO - [webcam1] cv2.imwrite() returned True
2025-07-04 14:37:38,378 - app.services.camera_manager - INFO - [webcam1] — iteration 316, calling cap.read()
2025-07-04 14:37:38,379 - app.services.camera_manager - INFO - [webcam1] — cap.read() returned ret=True
2025-07-04 14:37:38,380 - app.services.camera_manager - INFO - [webcam1] saving to C:\Users\HiDigi\OneDrive\Desktop\WebDev\FacialRecognition\static\images\frame_webcam1_ae1a2234-7431-4f02-8781-9dfcbe8617ee.jpg
2025-07-04 14:37:38,386 - app.services.camera_manager - INFO - [webcam1] cv2.imwrite() returned True
2025-07-04 14:37:38,455 - app.services.camera_manager - INFO - [webcam1] — iteration 317, calling cap.read()
2025-07-04 14:37:38,456 - app.services.camera_manager - INFO - [webcam1] — cap.read() returned ret=True
2025-07-04 14:37:38,456 - app.services.camera_manager - INFO - [webcam1] saving to C:\Users\HiDigi\OneDrive\Desktop\WebDev\FacialRecognition\static\images\frame_webcam1_ea01919a-18bc-4bd3-9c12-549128302f54.jpg
2025-07-04 14:37:38,463 - app.services.camera_manager - INFO - [webcam1] cv2.imwrite() returned True
2025-07-04 14:37:38,518 - app.services.camera_manager - INFO - [webcam1] — iteration 318, calling cap.read()
2025-07-04 14:37:38,519 - app.services.camera_manager - INFO - [webcam1] — cap.read() returned ret=True
2025-07-04 14:37:38,520 - app.services.camera_manager - INFO - [webcam1] saving to C:\Users\HiDigi\OneDrive\Desktop\WebDev\FacialRecognition\static\images\frame_webcam1_61ca8e14-067e-4652-a151-55c7d6305d03.jpg
2025-07-04 14:37:38,525 - app.services.camera_manager - INFO - [webcam1] cv2.imwrite() returned True
2025-07-04 14:37:38,594 - app.services.camera_manager - INFO - [webcam1] — iteration 319, calling cap.read()
2025-07-04 14:37:38,594 - app.services.camera_manager - INFO - [webcam1] — cap.read() returned ret=True
2025-07-04 14:37:38,595 - app.services.camera_manager - INFO - [webcam1] saving to C:\Users\HiDigi\OneDrive\Desktop\WebDev\FacialRecognition\static\images\frame_webcam1_176dbacc-dedb-43a3-9d53-21d321b4cc12.jpg
2025-07-04 14:37:38,601 - app.services.camera_manager - INFO - [webcam1] cv2.imwrite() returned True
2025-07-04 14:37:38,671 - app.services.camera_manager - INFO - [webcam1] — iteration 320, calling cap.read()
2025-07-04 14:37:38,672 - app.services.camera_manager - INFO - [webcam1] — cap.read() returned ret=True
2025-07-04 14:37:38,673 - app.services.camera_manager - INFO - [webcam1] saving to C:\Users\HiDigi\OneDrive\Desktop\WebDev\FacialRecognition\static\images\frame_webcam1_67b48dd9-a11b-4f73-af63-119d12edf340.jpg
2025-07-04 14:37:38,678 - app.services.camera_manager - INFO - [webcam1] cv2.imwrite() returned True
2025-07-04 14:37:38,733 - app.services.camera_manager - INFO - [webcam1] — iteration 321, calling cap.read()
2025-07-04 14:37:38,733 - app.services.camera_manager - INFO - [webcam1] — cap.read() returned ret=True
2025-07-04 14:37:38,734 - app.services.camera_manager - INFO - [webcam1] saving to C:\Users\HiDigi\OneDrive\Desktop\WebDev\FacialRecognition\static\images\frame_webcam1_e5d818f3-d2d6-4aa3-9344-9c645c4da57b.jpg
2025-07-04 14:37:38,740 - app.services.camera_manager - INFO - [webcam1] cv2.imwrite() returned True
2025-07-04 14:37:38,812 - app.services.camera_manager - INFO - [webcam1] — iteration 322, calling cap.read()
2025-07-04 14:37:38,813 - app.services.camera_manager - INFO - [webcam1] — cap.read() returned ret=True
2025-07-04 14:37:38,814 - app.services.camera_manager - INFO - [webcam1] saving to C:\Users\HiDigi\OneDrive\Desktop\WebDev\FacialRecognition\static\images\frame_webcam1_2d929185-c34c-432c-8714-4b99d6391890.jpg
2025-07-04 14:37:38,819 - app.services.camera_manager - INFO - [webcam1] cv2.imwrite() returned True
2025-07-04 14:37:38,888 - app.services.camera_manager - INFO - [webcam1] — iteration 323, calling cap.read()
2025-07-04 14:37:38,888 - app.services.camera_manager - INFO - [webcam1] — cap.read() returned ret=True
2025-07-04 14:37:38,890 - app.services.camera_manager - INFO - [webcam1] saving to C:\Users\HiDigi\OneDrive\Desktop\WebDev\FacialRecognition\static\images\frame_webcam1_425cb7de-0960-4b59-bb06-b7618f43fed2.jpg
2025-07-04 14:37:38,895 - app.services.camera_manager - INFO - [webcam1] cv2.imwrite() returned True
2025-07-04 14:37:38,950 - app.services.camera_manager - INFO - [webcam1] — iteration 324, calling cap.read()
2025-07-04 14:37:38,951 - app.services.camera_manager - INFO - [webcam1] — cap.read() returned ret=True
2025-07-04 14:37:38,952 - app.services.camera_manager - INFO - [webcam1] saving to C:\Users\HiDigi\OneDrive\Desktop\WebDev\FacialRecognition\static\images\frame_webcam1_f5af0055-9d70-4cd8-bd6b-c4a3004a47d2.jpg
2025-07-04 14:37:38,957 - app.services.camera_manager - INFO - [webcam1] cv2.imwrite() returned True
2025-07-04 14:37:39,028 - app.services.camera_manager - INFO - [webcam1] — iteration 325, calling cap.read()
2025-07-04 14:37:39,028 - app.services.camera_manager - INFO - [webcam1] — cap.read() returned ret=True
2025-07-04 14:37:39,029 - app.services.camera_manager - INFO - [webcam1] saving to C:\Users\HiDigi\OneDrive\Desktop\WebDev\FacialRecognition\static\images\frame_webcam1_d7be4819-f2f0-4fd1-9ac1-b7607f42ae21.jpg
2025-07-04 14:37:39,035 - app.services.camera_manager - INFO - [webcam1] cv2.imwrite() returned True
2025-07-04 14:37:39,106 - app.services.camera_manager - INFO - [webcam1] — iteration 326, calling cap.read()
2025-07-04 14:37:39,108 - app.services.camera_manager - INFO - [webcam1] — cap.read() returned ret=True
2025-07-04 14:37:39,112 - app.services.camera_manager - INFO - [webcam1] saving to C:\Users\HiDigi\OneDrive\Desktop\WebDev\FacialRecognition\static\images\frame_webcam1_d7fb8327-9e88-443a-a041-1542833a2539.jpg
2025-07-04 14:37:39,117 - app.services.camera_manager - INFO - [webcam1] cv2.imwrite() returned True
2025-07-04 14:37:39,184 - app.services.camera_manager - INFO - [webcam1] — iteration 327, calling cap.read()
2025-07-04 14:37:39,184 - app.services.camera_manager - INFO - [webcam1] — cap.read() returned ret=True
2025-07-04 14:37:39,185 - app.services.camera_manager - INFO - [webcam1] saving to C:\Users\HiDigi\OneDrive\Desktop\WebDev\FacialRecognition\static\images\frame_webcam1_fa9a39b8-f189-4b38-ae29-cad7ef24d142.jpg
2025-07-04 14:37:39,191 - app.services.camera_manager - INFO - [webcam1] cv2.imwrite() returned True
2025-07-04 14:37:39,261 - app.services.camera_manager - INFO - [webcam1] — iteration 328, calling cap.read()
2025-07-04 14:37:39,261 - app.services.camera_manager - INFO - [webcam1] — cap.read() returned ret=True
2025-07-04 14:37:39,263 - app.services.camera_manager - INFO - [webcam1] saving to C:\Users\HiDigi\OneDrive\Desktop\WebDev\FacialRecognition\static\images\frame_webcam1_c9d9cb0b-094d-4302-9e16-9fa5b5b5f2f6.jpg
2025-07-04 14:37:39,268 - app.services.camera_manager - INFO - [webcam1] cv2.imwrite() returned True
2025-07-04 14:37:39,353 - app.services.camera_manager - INFO - [webcam1] — iteration 329, calling cap.read()
2025-07-04 14:37:39,353 - app.services.camera_manager - INFO - [webcam1] — cap.read() returned ret=True
2025-07-04 14:37:39,355 - app.services.camera_manager - INFO - [webcam1] saving to C:\Users\HiDigi\OneDrive\Desktop\WebDev\FacialRecognition\static\images\frame_webcam1_b7de5d0f-a476-4021-bdbf-6a2efdfde354.jpg
2025-07-04 14:37:39,361 - app.services.camera_manager - INFO - [webcam1] cv2.imwrite() returned True
2025-07-04 14:37:39,447 - app.services.camera_manager - INFO - [webcam1] — iteration 330, calling cap.read()
2025-07-04 14:37:39,448 - app.services.camera_manager - INFO - [webcam1] — cap.read() returned ret=True
2025-07-04 14:37:39,449 - app.services.camera_manager - INFO - [webcam1] saving to C:\Users\HiDigi\OneDrive\Desktop\WebDev\FacialRecognition\static\images\frame_webcam1_2b30a711-6d42-4c90-a667-76edd1729121.jpg
2025-07-04 14:37:39,454 - app.services.camera_manager - INFO - [webcam1] cv2.imwrite() returned True
2025-07-04 14:37:39,538 - app.services.camera_manager - INFO - [webcam1] — iteration 331, calling cap.read()
2025-07-04 14:37:39,539 - app.services.camera_manager - INFO - [webcam1] — cap.read() returned ret=True
2025-07-04 14:37:39,540 - app.services.camera_manager - INFO - [webcam1] saving to C:\Users\HiDigi\OneDrive\Desktop\WebDev\FacialRecognition\static\images\frame_webcam1_79b71e2c-5eac-485d-8f1b-32de2cabbe6f.jpg
2025-07-04 14:37:39,545 - app.services.camera_manager - INFO - [webcam1] cv2.imwrite() returned True
2025-07-04 14:37:39,631 - app.services.camera_manager - INFO - [webcam1] — iteration 332, calling cap.read()
2025-07-04 14:37:39,632 - app.services.camera_manager - INFO - [webcam1] — cap.read() returned ret=True
2025-07-04 14:37:39,633 - app.services.camera_manager - INFO - [webcam1] saving to C:\Users\HiDigi\OneDrive\Desktop\WebDev\FacialRecognition\static\images\frame_webcam1_843f3110-03f0-4af6-a65d-40a3c872eddb.jpg
2025-07-04 14:37:39,639 - app.services.camera_manager - INFO - [webcam1] cv2.imwrite() returned True
2025-07-04 14:37:39,726 - app.services.camera_manager - INFO - [webcam1] — iteration 333, calling cap.read()
2025-07-04 14:37:39,726 - app.services.camera_manager - INFO - [webcam1] — cap.read() returned ret=True
2025-07-04 14:37:39,728 - app.services.camera_manager - INFO - [webcam1] saving to C:\Users\HiDigi\OneDrive\Desktop\WebDev\FacialRecognition\static\images\frame_webcam1_428e60f5-a336-4d7a-94b4-3478a58daf81.jpg
2025-07-04 14:37:39,733 - app.services.camera_manager - INFO - [webcam1] cv2.imwrite() returned True
2025-07-04 14:37:39,819 - app.services.camera_manager - INFO - [webcam1] — iteration 334, calling cap.read()
2025-07-04 14:37:39,821 - app.services.camera_manager - INFO - [webcam1] — cap.read() returned ret=True
2025-07-04 14:37:39,825 - app.services.camera_manager - INFO - [webcam1] saving to C:\Users\HiDigi\OneDrive\Desktop\WebDev\FacialRecognition\static\images\frame_webcam1_6185904c-106f-42b2-82bf-29e6942b822f.jpg
2025-07-04 14:37:39,842 - app.services.camera_manager - INFO - [webcam1] cv2.imwrite() returned True
2025-07-04 14:37:39,912 - app.services.camera_manager - INFO - [webcam1] — iteration 335, calling cap.read()
2025-07-04 14:37:39,912 - app.services.camera_manager - INFO - [webcam1] — cap.read() returned ret=True
2025-07-04 14:37:39,913 - app.services.camera_manager - INFO - [webcam1] saving to C:\Users\HiDigi\OneDrive\Desktop\WebDev\FacialRecognition\static\images\frame_webcam1_c58bfa8f-181f-4026-82b0-ca4313c89c0f.jpg
2025-07-04 14:37:39,919 - app.services.camera_manager - INFO - [webcam1] cv2.imwrite() returned True
2025-07-04 14:37:40,005 - app.services.camera_manager - INFO - [webcam1] — iteration 336, calling cap.read()
2025-07-04 14:37:40,007 - app.services.camera_manager - INFO - [webcam1] — cap.read() returned ret=True
2025-07-04 14:37:40,008 - app.services.camera_manager - INFO - [webcam1] saving to C:\Users\HiDigi\OneDrive\Desktop\WebDev\FacialRecognition\static\images\frame_webcam1_26534a5c-2c76-4458-8722-4f2ce332e105.jpg
2025-07-04 14:37:40,014 - app.services.camera_manager - INFO - [webcam1] cv2.imwrite() returned True
2025-07-04 14:37:40,098 - app.services.camera_manager - INFO - [webcam1] — iteration 337, calling cap.read()
2025-07-04 14:37:40,100 - app.services.camera_manager - INFO - [webcam1] — cap.read() returned ret=True
2025-07-04 14:37:40,104 - app.services.camera_manager - INFO - [webcam1] saving to C:\Users\HiDigi\OneDrive\Desktop\WebDev\FacialRecognition\static\images\frame_webcam1_11e0087d-733c-4a1c-b98e-ad1978b7543b.jpg
2025-07-04 14:37:40,116 - app.services.camera_manager - INFO - [webcam1] cv2.imwrite() returned True
2025-07-04 14:37:40,174 - app.services.camera_manager - INFO - [webcam1] — iteration 338, calling cap.read()
2025-07-04 14:37:40,174 - app.services.camera_manager - INFO - [webcam1] — cap.read() returned ret=True
2025-07-04 14:37:40,176 - app.services.camera_manager - INFO - [webcam1] saving to C:\Users\HiDigi\OneDrive\Desktop\WebDev\FacialRecognition\static\images\frame_webcam1_0b586501-93dd-4901-8799-3934124eb8ef.jpg
2025-07-04 14:37:40,181 - app.services.camera_manager - INFO - [webcam1] cv2.imwrite() returned True
2025-07-04 14:37:40,252 - app.services.camera_manager - INFO - [webcam1] — iteration 339, calling cap.read()
2025-07-04 14:37:40,254 - app.services.camera_manager - INFO - [webcam1] — cap.read() returned ret=True
2025-07-04 14:37:40,258 - app.services.camera_manager - INFO - [webcam1] saving to C:\Users\HiDigi\OneDrive\Desktop\WebDev\FacialRecognition\static\images\frame_webcam1_58a4b9c6-a7ca-4158-a57e-f1d88f9e795c.jpg
2025-07-04 14:37:40,267 - app.services.camera_manager - INFO - [webcam1] cv2.imwrite() returned True
2025-07-04 14:37:40,268 - app.api.v1.ws_router - INFO - [WS] Client disconnected -> total clients = 0
2025-07-04 14:37:40,346 - app.services.camera_manager - INFO - [webcam1] — iteration 340, calling cap.read()
2025-07-04 14:37:40,347 - app.services.camera_manager - INFO - [webcam1] — cap.read() returned ret=True
2025-07-04 14:37:40,347 - app.services.camera_manager - INFO - [webcam1] saving to C:\Users\HiDigi\OneDrive\Desktop\WebDev\FacialRecognition\static\images\frame_webcam1_7997c220-a015-4bfc-be44-dfd16e0d3251.jpg
2025-07-04 14:37:40,352 - app.services.camera_manager - INFO - [webcam1] cv2.imwrite() returned True
2025-07-04 14:37:40,377 - app.main - INFO - CCTV System shutting down...
2025-07-04 14:37:40,645 - app.main - INFO - Cleanup complete
2025-07-04 14:37:40,645 - app.main - INFO - Shutting down...
2025-07-04 14:41:28,035 - app.main - INFO - Ensuring C:\Users\HiDigi\OneDrive\Desktop\WebDev\FacialRecognition\static\images exists…
2025-07-04 14:41:28,070 - app.main - INFO - Initializing database...
2025-07-04 14:41:28,152 - app.main - INFO - CCTV System starting up...
2025-07-04 14:41:35,914 - app.api.v1.ws_router - INFO - [WS] Client connected -> total clients = 1
2025-07-04 14:41:48,920 - app.api.v1.ws_router - INFO - [WS] Client disconnected -> total clients = 0
2025-07-04 14:41:51,184 - app.api.v1.ws_router - INFO - [WS] Client connected -> total clients = 1
2025-07-04 14:42:21,095 - app.services.camera_manager - INFO - Camera webcam1 added (web)
2025-07-04 14:42:25,301 - app.services.camera_manager - INFO - [webcam1] entering stream loop (fps=15)
2025-07-04 14:42:25,301 - app.services.camera_manager - INFO - [webcam1] — iteration 0, calling cap.read()
2025-07-04 14:42:25,301 - app.services.camera_manager - INFO - [webcam1] — cap.read() returned ret=True
2025-07-04 14:42:25,302 - app.services.camera_manager - INFO - [webcam1] saving to C:\Users\HiDigi\OneDrive\Desktop\WebDev\FacialRecognition\static\images\frame_webcam1_42303a81-d7e4-49c4-92dd-8c8844c9ff34.jpg
2025-07-04 14:42:25,311 - app.services.camera_manager - INFO - [webcam1] cv2.imwrite() returned True
2025-07-04 14:42:25,388 - app.services.camera_manager - INFO - [webcam1] — iteration 1, calling cap.read()
2025-07-04 14:42:25,389 - app.services.camera_manager - INFO - [webcam1] — cap.read() returned ret=True
2025-07-04 14:42:25,390 - app.services.camera_manager - INFO - [webcam1] saving to C:\Users\HiDigi\OneDrive\Desktop\WebDev\FacialRecognition\static\images\frame_webcam1_a784ee83-3f40-4b59-bea2-222c430adad6.jpg
2025-07-04 14:42:25,395 - app.services.camera_manager - INFO - [webcam1] cv2.imwrite() returned True
2025-07-04 14:42:25,451 - app.services.camera_manager - INFO - [webcam1] — iteration 2, calling cap.read()
2025-07-04 14:42:25,451 - app.services.camera_manager - INFO - [webcam1] — cap.read() returned ret=True
2025-07-04 14:42:25,451 - app.services.camera_manager - INFO - [webcam1] saving to C:\Users\HiDigi\OneDrive\Desktop\WebDev\FacialRecognition\static\images\frame_webcam1_3e03808f-e9dd-4b99-9e32-5672f1db4123.jpg
2025-07-04 14:42:25,458 - app.services.camera_manager - INFO - [webcam1] cv2.imwrite() returned True
2025-07-04 14:42:25,526 - app.services.camera_manager - INFO - [webcam1] — iteration 3, calling cap.read()
2025-07-04 14:42:25,527 - app.services.camera_manager - INFO - [webcam1] — cap.read() returned ret=True
2025-07-04 14:42:25,527 - app.services.camera_manager - INFO - [webcam1] saving to C:\Users\HiDigi\OneDrive\Desktop\WebDev\FacialRecognition\static\images\frame_webcam1_b81868f4-4c9f-4506-947e-4bdedff122f8.jpg
2025-07-04 14:42:25,533 - app.services.camera_manager - INFO - [webcam1] cv2.imwrite() returned True
2025-07-04 14:42:25,608 - app.services.camera_manager - INFO - [webcam1] — iteration 4, calling cap.read()
2025-07-04 14:42:25,608 - app.services.camera_manager - INFO - [webcam1] — cap.read() returned ret=True
2025-07-04 14:42:25,609 - app.services.camera_manager - INFO - [webcam1] saving to C:\Users\HiDigi\OneDrive\Desktop\WebDev\FacialRecognition\static\images\frame_webcam1_c66ece6b-a1ea-43a5-979c-921623877fe6.jpg
2025-07-04 14:42:25,615 - app.services.camera_manager - INFO - [webcam1] cv2.imwrite() returned True
2025-07-04 14:42:25,675 - app.services.camera_manager - INFO - [webcam1] — iteration 5, calling cap.read()
2025-07-04 14:42:25,675 - app.services.camera_manager - INFO - [webcam1] — cap.read() returned ret=True
2025-07-04 14:42:25,676 - app.services.camera_manager - INFO - [webcam1] saving to C:\Users\HiDigi\OneDrive\Desktop\WebDev\FacialRecognition\static\images\frame_webcam1_c8a1fec1-82a6-4f59-9773-52d44485ff88.jpg
2025-07-04 14:42:25,682 - app.services.camera_manager - INFO - [webcam1] cv2.imwrite() returned True
2025-07-04 14:42:25,749 - app.services.camera_manager - INFO - [webcam1] — iteration 6, calling cap.read()
2025-07-04 14:42:25,749 - app.services.camera_manager - INFO - [webcam1] — cap.read() returned ret=True
2025-07-04 14:42:25,750 - app.services.camera_manager - INFO - [webcam1] saving to C:\Users\HiDigi\OneDrive\Desktop\WebDev\FacialRecognition\static\images\frame_webcam1_dfb10fbb-04ff-4351-bd05-53af55f67ccb.jpg
2025-07-04 14:42:25,756 - app.services.camera_manager - INFO - [webcam1] cv2.imwrite() returned True
2025-07-04 14:42:25,824 - app.services.camera_manager - INFO - [webcam1] — iteration 7, calling cap.read()
2025-07-04 14:42:25,824 - app.services.camera_manager - INFO - [webcam1] — cap.read() returned ret=True
2025-07-04 14:42:25,826 - app.services.camera_manager - INFO - [webcam1] saving to C:\Users\HiDigi\OneDrive\Desktop\WebDev\FacialRecognition\static\images\frame_webcam1_2b66f1e5-7d6e-4668-804a-55a9344e5d5f.jpg
2025-07-04 14:42:25,831 - app.services.camera_manager - INFO - [webcam1] cv2.imwrite() returned True
2025-07-04 14:42:25,906 - app.services.camera_manager - INFO - [webcam1] — iteration 8, calling cap.read()
2025-07-04 14:42:25,906 - app.services.camera_manager - INFO - [webcam1] — cap.read() returned ret=True
2025-07-04 14:42:25,908 - app.services.camera_manager - INFO - [webcam1] saving to C:\Users\HiDigi\OneDrive\Desktop\WebDev\FacialRecognition\static\images\frame_webcam1_67b8306c-39d2-4860-8fc8-aa3caa47bca4.jpg
2025-07-04 14:42:25,914 - app.services.camera_manager - INFO - [webcam1] cv2.imwrite() returned True
2025-07-04 14:42:25,974 - app.services.camera_manager - INFO - [webcam1] — iteration 9, calling cap.read()
2025-07-04 14:42:25,974 - app.services.camera_manager - INFO - [webcam1] — cap.read() returned ret=True
2025-07-04 14:42:25,976 - app.services.camera_manager - INFO - [webcam1] saving to C:\Users\HiDigi\OneDrive\Desktop\WebDev\FacialRecognition\static\images\frame_webcam1_09d7c406-c895-4e41-8f16-ea10eecd16ed.jpg
2025-07-04 14:42:25,981 - app.services.camera_manager - INFO - [webcam1] cv2.imwrite() returned True
2025-07-04 14:42:26,048 - app.services.camera_manager - INFO - [webcam1] — iteration 10, calling cap.read()
2025-07-04 14:42:26,048 - app.services.camera_manager - INFO - [webcam1] — cap.read() returned ret=True
2025-07-04 14:42:26,049 - app.services.camera_manager - INFO - [webcam1] saving to C:\Users\HiDigi\OneDrive\Desktop\WebDev\FacialRecognition\static\images\frame_webcam1_32853abc-7163-4854-88c9-f6346cb80f43.jpg
2025-07-04 14:42:26,056 - app.services.camera_manager - INFO - [webcam1] cv2.imwrite() returned True
2025-07-04 14:42:26,123 - app.services.camera_manager - INFO - [webcam1] — iteration 11, calling cap.read()
2025-07-04 14:42:26,123 - app.services.camera_manager - INFO - [webcam1] — cap.read() returned ret=True
2025-07-04 14:42:26,125 - app.services.camera_manager - INFO - [webcam1] saving to C:\Users\HiDigi\OneDrive\Desktop\WebDev\FacialRecognition\static\images\frame_webcam1_86503e7e-6be7-4853-a9f2-e8f6cff8894b.jpg
2025-07-04 14:42:26,130 - app.services.camera_manager - INFO - [webcam1] cv2.imwrite() returned True
2025-07-04 14:42:26,204 - app.services.camera_manager - INFO - [webcam1] — iteration 12, calling cap.read()
2025-07-04 14:42:26,204 - app.services.camera_manager - INFO - [webcam1] — cap.read() returned ret=True
2025-07-04 14:42:26,206 - app.services.camera_manager - INFO - [webcam1] saving to C:\Users\HiDigi\OneDrive\Desktop\WebDev\FacialRecognition\static\images\frame_webcam1_dcf747bd-ea8e-47b9-b369-74055a8ca14a.jpg
2025-07-04 14:42:26,211 - app.services.camera_manager - INFO - [webcam1] cv2.imwrite() returned True
2025-07-04 14:42:26,271 - app.services.camera_manager - INFO - [webcam1] — iteration 13, calling cap.read()
2025-07-04 14:42:26,271 - app.services.camera_manager - INFO - [webcam1] — cap.read() returned ret=True
2025-07-04 14:42:26,272 - app.services.camera_manager - INFO - [webcam1] saving to C:\Users\HiDigi\OneDrive\Desktop\WebDev\FacialRecognition\static\images\frame_webcam1_f7c5562e-f809-46ee-aec4-60176c3b6ae2.jpg
2025-07-04 14:42:26,278 - app.services.camera_manager - INFO - [webcam1] cv2.imwrite() returned True
2025-07-04 14:42:26,345 - app.services.camera_manager - INFO - [webcam1] — iteration 14, calling cap.read()
2025-07-04 14:42:26,346 - app.services.camera_manager - INFO - [webcam1] — cap.read() returned ret=True
2025-07-04 14:42:26,347 - app.services.camera_manager - INFO - [webcam1] saving to C:\Users\HiDigi\OneDrive\Desktop\WebDev\FacialRecognition\static\images\frame_webcam1_0d99685e-8a9a-422f-8480-bd22fd8d9d2e.jpg
2025-07-04 14:42:26,352 - app.services.camera_manager - INFO - [webcam1] cv2.imwrite() returned True
2025-07-04 14:42:26,420 - app.services.camera_manager - INFO - [webcam1] — iteration 15, calling cap.read()
2025-07-04 14:42:26,420 - app.services.camera_manager - INFO - [webcam1] — cap.read() returned ret=True
2025-07-04 14:42:26,421 - app.services.camera_manager - INFO - [webcam1] saving to C:\Users\HiDigi\OneDrive\Desktop\WebDev\FacialRecognition\static\images\frame_webcam1_cfcd19c6-9a74-4daf-92c4-46d8e72938c8.jpg
2025-07-04 14:42:26,427 - app.services.camera_manager - INFO - [webcam1] cv2.imwrite() returned True
2025-07-04 14:42:26,488 - app.services.camera_manager - INFO - [webcam1] — iteration 16, calling cap.read()
2025-07-04 14:42:26,488 - app.services.camera_manager - INFO - [webcam1] — cap.read() returned ret=True
2025-07-04 14:42:26,489 - app.services.camera_manager - INFO - [webcam1] saving to C:\Users\HiDigi\OneDrive\Desktop\WebDev\FacialRecognition\static\images\frame_webcam1_9b15cb5d-d6fe-4cdd-9485-f36985f0b7ed.jpg
2025-07-04 14:42:26,496 - app.services.camera_manager - INFO - [webcam1] cv2.imwrite() returned True
2025-07-04 14:42:26,570 - app.services.camera_manager - INFO - [webcam1] — iteration 17, calling cap.read()
2025-07-04 14:42:26,572 - app.services.camera_manager - INFO - [webcam1] — cap.read() returned ret=True
2025-07-04 14:42:26,575 - app.services.camera_manager - INFO - [webcam1] saving to C:\Users\HiDigi\OneDrive\Desktop\WebDev\FacialRecognition\static\images\frame_webcam1_7ca7998f-bf5f-4bc5-8f3d-e24d0764fb7f.jpg
2025-07-04 14:42:26,581 - app.services.camera_manager - INFO - [webcam1] cv2.imwrite() returned True
2025-07-04 14:42:26,648 - app.services.camera_manager - INFO - [webcam1] — iteration 18, calling cap.read()
2025-07-04 14:42:26,649 - app.services.camera_manager - INFO - [webcam1] — cap.read() returned ret=True
2025-07-04 14:42:26,650 - app.services.camera_manager - INFO - [webcam1] saving to C:\Users\HiDigi\OneDrive\Desktop\WebDev\FacialRecognition\static\images\frame_webcam1_2f47c6ea-efe0-4f0b-8283-a99986807e2d.jpg
2025-07-04 14:42:26,656 - app.services.camera_manager - INFO - [webcam1] cv2.imwrite() returned True
2025-07-04 14:42:26,724 - app.services.camera_manager - INFO - [webcam1] — iteration 19, calling cap.read()
2025-07-04 14:42:26,726 - app.services.camera_manager - INFO - [webcam1] — cap.read() returned ret=True
2025-07-04 14:42:26,730 - app.services.camera_manager - INFO - [webcam1] saving to C:\Users\HiDigi\OneDrive\Desktop\WebDev\FacialRecognition\static\images\frame_webcam1_68fd3476-feac-4a94-b988-3cf4e47b8434.jpg
2025-07-04 14:42:26,746 - app.services.camera_manager - INFO - [webcam1] cv2.imwrite() returned True
2025-07-04 14:42:26,803 - app.services.camera_manager - INFO - [webcam1] — iteration 20, calling cap.read()
2025-07-04 14:42:26,803 - app.services.camera_manager - INFO - [webcam1] — cap.read() returned ret=True
2025-07-04 14:42:26,804 - app.services.camera_manager - INFO - [webcam1] saving to C:\Users\HiDigi\OneDrive\Desktop\WebDev\FacialRecognition\static\images\frame_webcam1_063adc0c-e9be-4813-bcab-553b71aabeb8.jpg
2025-07-04 14:42:26,810 - app.services.camera_manager - INFO - [webcam1] cv2.imwrite() returned True
2025-07-04 14:42:26,885 - app.services.camera_manager - INFO - [webcam1] — iteration 21, calling cap.read()
2025-07-04 14:42:26,885 - app.services.camera_manager - INFO - [webcam1] — cap.read() returned ret=True
2025-07-04 14:42:26,886 - app.services.camera_manager - INFO - [webcam1] saving to C:\Users\HiDigi\OneDrive\Desktop\WebDev\FacialRecognition\static\images\frame_webcam1_246dce44-b45e-4dca-ac54-61e36272c30c.jpg
2025-07-04 14:42:26,892 - app.services.camera_manager - INFO - [webcam1] cv2.imwrite() returned True
2025-07-04 14:42:26,960 - app.services.camera_manager - INFO - [webcam1] — iteration 22, calling cap.read()
2025-07-04 14:42:26,960 - app.services.camera_manager - INFO - [webcam1] — cap.read() returned ret=True
2025-07-04 14:42:26,961 - app.services.camera_manager - INFO - [webcam1] saving to C:\Users\HiDigi\OneDrive\Desktop\WebDev\FacialRecognition\static\images\frame_webcam1_461cca5e-361a-4006-a220-0a5c7e4611b0.jpg
2025-07-04 14:42:26,967 - app.services.camera_manager - INFO - [webcam1] cv2.imwrite() returned True
2025-07-04 14:42:27,035 - app.services.camera_manager - INFO - [webcam1] — iteration 23, calling cap.read()
2025-07-04 14:42:27,035 - app.services.camera_manager - INFO - [webcam1] — cap.read() returned ret=True
2025-07-04 14:42:27,036 - app.services.camera_manager - INFO - [webcam1] saving to C:\Users\HiDigi\OneDrive\Desktop\WebDev\FacialRecognition\static\images\frame_webcam1_91f72feb-785f-46f7-90bc-4bc1bed66535.jpg
2025-07-04 14:42:27,042 - app.services.camera_manager - INFO - [webcam1] cv2.imwrite() returned True
2025-07-04 14:42:27,102 - app.services.camera_manager - INFO - [webcam1] — iteration 24, calling cap.read()
2025-07-04 14:42:27,102 - app.services.camera_manager - INFO - [webcam1] — cap.read() returned ret=True
2025-07-04 14:42:27,103 - app.services.camera_manager - INFO - [webcam1] saving to C:\Users\HiDigi\OneDrive\Desktop\WebDev\FacialRecognition\static\images\frame_webcam1_1dcf2663-e09f-40b6-bfca-a1063f9eeb61.jpg
2025-07-04 14:42:27,109 - app.services.camera_manager - INFO - [webcam1] cv2.imwrite() returned True
2025-07-04 14:42:27,177 - app.services.camera_manager - INFO - [webcam1] — iteration 25, calling cap.read()
2025-07-04 14:42:27,177 - app.services.camera_manager - INFO - [webcam1] — cap.read() returned ret=True
2025-07-04 14:42:27,178 - app.services.camera_manager - INFO - [webcam1] saving to C:\Users\HiDigi\OneDrive\Desktop\WebDev\FacialRecognition\static\images\frame_webcam1_0d612054-d343-4e3b-9b00-58402861cdc8.jpg
2025-07-04 14:42:27,184 - app.services.camera_manager - INFO - [webcam1] cv2.imwrite() returned True
2025-07-04 14:42:27,252 - app.services.camera_manager - INFO - [webcam1] — iteration 26, calling cap.read()
2025-07-04 14:42:27,252 - app.services.camera_manager - INFO - [webcam1] — cap.read() returned ret=True
2025-07-04 14:42:27,253 - app.services.camera_manager - INFO - [webcam1] saving to C:\Users\HiDigi\OneDrive\Desktop\WebDev\FacialRecognition\static\images\frame_webcam1_7a711c6d-89c0-4719-ac2e-989b287d300a.jpg
2025-07-04 14:42:27,259 - app.services.camera_manager - INFO - [webcam1] cv2.imwrite() returned True
2025-07-04 14:42:27,319 - app.services.camera_manager - INFO - [webcam1] — iteration 27, calling cap.read()
2025-07-04 14:42:27,319 - app.services.camera_manager - INFO - [webcam1] — cap.read() returned ret=True
2025-07-04 14:42:27,320 - app.services.camera_manager - INFO - [webcam1] saving to C:\Users\HiDigi\OneDrive\Desktop\WebDev\FacialRecognition\static\images\frame_webcam1_ecd8181c-ff9f-4467-9cfa-b1e6ba9827d6.jpg
2025-07-04 14:42:27,326 - app.services.camera_manager - INFO - [webcam1] cv2.imwrite() returned True
2025-07-04 14:42:27,394 - app.services.camera_manager - INFO - [webcam1] — iteration 28, calling cap.read()
2025-07-04 14:42:27,394 - app.services.camera_manager - INFO - [webcam1] — cap.read() returned ret=True
2025-07-04 14:42:27,395 - app.services.camera_manager - INFO - [webcam1] saving to C:\Users\HiDigi\OneDrive\Desktop\WebDev\FacialRecognition\static\images\frame_webcam1_8b754f63-71a8-441d-867c-fdcec31baac0.jpg
2025-07-04 14:42:27,401 - app.services.camera_manager - INFO - [webcam1] cv2.imwrite() returned True
2025-07-04 14:42:27,468 - app.services.camera_manager - INFO - [webcam1] — iteration 29, calling cap.read()
2025-07-04 14:42:27,468 - app.services.camera_manager - INFO - [webcam1] — cap.read() returned ret=True
2025-07-04 14:42:27,469 - app.services.camera_manager - INFO - [webcam1] saving to C:\Users\HiDigi\OneDrive\Desktop\WebDev\FacialRecognition\static\images\frame_webcam1_d5fd7c6b-c30b-447c-bc4a-f2b1945ec70b.jpg
2025-07-04 14:42:27,475 - app.services.camera_manager - INFO - [webcam1] cv2.imwrite() returned True
2025-07-04 14:42:27,535 - app.services.camera_manager - INFO - [webcam1] — iteration 30, calling cap.read()
2025-07-04 14:42:27,535 - app.services.camera_manager - INFO - [webcam1] — cap.read() returned ret=True
2025-07-04 14:42:27,536 - app.services.camera_manager - INFO - [webcam1] saving to C:\Users\HiDigi\OneDrive\Desktop\WebDev\FacialRecognition\static\images\frame_webcam1_e87dc33d-df68-4984-9ed5-afa3b07944b7.jpg
2025-07-04 14:42:27,542 - app.services.camera_manager - INFO - [webcam1] cv2.imwrite() returned True
2025-07-04 14:42:27,609 - app.services.camera_manager - INFO - [webcam1] — iteration 31, calling cap.read()
2025-07-04 14:42:27,609 - app.services.camera_manager - INFO - [webcam1] — cap.read() returned ret=True
2025-07-04 14:42:27,610 - app.services.camera_manager - INFO - [webcam1] saving to C:\Users\HiDigi\OneDrive\Desktop\WebDev\FacialRecognition\static\images\frame_webcam1_751d3a19-d8bb-4622-a23d-7bf0dc36e3c6.jpg
2025-07-04 14:42:27,616 - app.services.camera_manager - INFO - [webcam1] cv2.imwrite() returned True
2025-07-04 14:42:27,684 - app.services.camera_manager - INFO - [webcam1] — iteration 32, calling cap.read()
2025-07-04 14:42:27,684 - app.services.camera_manager - INFO - [webcam1] — cap.read() returned ret=True
2025-07-04 14:42:27,686 - app.services.camera_manager - INFO - [webcam1] saving to C:\Users\HiDigi\OneDrive\Desktop\WebDev\FacialRecognition\static\images\frame_webcam1_dbe90f67-892f-46f2-8e50-07f2c7fbe27d.jpg
2025-07-04 14:42:27,691 - app.services.camera_manager - INFO - [webcam1] cv2.imwrite() returned True
2025-07-04 14:42:27,767 - app.services.camera_manager - INFO - [webcam1] — iteration 33, calling cap.read()
2025-07-04 14:42:27,767 - app.services.camera_manager - INFO - [webcam1] — cap.read() returned ret=True
2025-07-04 14:42:27,768 - app.services.camera_manager - INFO - [webcam1] saving to C:\Users\HiDigi\OneDrive\Desktop\WebDev\FacialRecognition\static\images\frame_webcam1_71caefe1-1840-4e1e-9110-707b2408818a.jpg
2025-07-04 14:42:27,774 - app.services.camera_manager - INFO - [webcam1] cv2.imwrite() returned True
2025-07-04 14:42:27,833 - app.services.camera_manager - INFO - [webcam1] — iteration 34, calling cap.read()
2025-07-04 14:42:27,833 - app.services.camera_manager - INFO - [webcam1] — cap.read() returned ret=True
2025-07-04 14:42:27,835 - app.services.camera_manager - INFO - [webcam1] saving to C:\Users\HiDigi\OneDrive\Desktop\WebDev\FacialRecognition\static\images\frame_webcam1_73c5ed9f-5663-4e4e-8d11-24a901fa7933.jpg
2025-07-04 14:42:27,841 - app.services.camera_manager - INFO - [webcam1] cv2.imwrite() returned True
2025-07-04 14:42:27,908 - app.services.camera_manager - INFO - [webcam1] — iteration 35, calling cap.read()
2025-07-04 14:42:27,908 - app.services.camera_manager - INFO - [webcam1] — cap.read() returned ret=True
2025-07-04 14:42:27,909 - app.services.camera_manager - INFO - [webcam1] saving to C:\Users\HiDigi\OneDrive\Desktop\WebDev\FacialRecognition\static\images\frame_webcam1_6a0db992-eb24-4e65-851d-9483f7ff0d7a.jpg
2025-07-04 14:42:27,915 - app.services.camera_manager - INFO - [webcam1] cv2.imwrite() returned True
2025-07-04 14:42:27,983 - app.services.camera_manager - INFO - [webcam1] — iteration 36, calling cap.read()
2025-07-04 14:42:27,983 - app.services.camera_manager - INFO - [webcam1] — cap.read() returned ret=True
2025-07-04 14:42:27,984 - app.services.camera_manager - INFO - [webcam1] saving to C:\Users\HiDigi\OneDrive\Desktop\WebDev\FacialRecognition\static\images\frame_webcam1_33ea5dbb-c91c-4db8-ad83-d4f929a544a4.jpg
2025-07-04 14:42:27,990 - app.services.camera_manager - INFO - [webcam1] cv2.imwrite() returned True
2025-07-04 14:42:28,049 - app.services.camera_manager - INFO - [webcam1] — iteration 37, calling cap.read()
2025-07-04 14:42:28,049 - app.services.camera_manager - INFO - [webcam1] — cap.read() returned ret=True
2025-07-04 14:42:28,050 - app.services.camera_manager - INFO - [webcam1] saving to C:\Users\HiDigi\OneDrive\Desktop\WebDev\FacialRecognition\static\images\frame_webcam1_fc735374-a87c-420e-a168-e935ed2d9ac1.jpg
2025-07-04 14:42:28,056 - app.services.camera_manager - INFO - [webcam1] cv2.imwrite() returned True
2025-07-04 14:42:28,125 - app.services.camera_manager - INFO - [webcam1] — iteration 38, calling cap.read()
2025-07-04 14:42:28,125 - app.services.camera_manager - INFO - [webcam1] — cap.read() returned ret=True
2025-07-04 14:42:28,126 - app.services.camera_manager - INFO - [webcam1] saving to C:\Users\HiDigi\OneDrive\Desktop\WebDev\FacialRecognition\static\images\frame_webcam1_6e89ac11-2ee2-4214-987c-aacc4b1a475b.jpg
2025-07-04 14:42:28,132 - app.services.camera_manager - INFO - [webcam1] cv2.imwrite() returned True
2025-07-04 14:42:28,199 - app.services.camera_manager - INFO - [webcam1] — iteration 39, calling cap.read()
2025-07-04 14:42:28,199 - app.services.camera_manager - INFO - [webcam1] — cap.read() returned ret=True
2025-07-04 14:42:28,200 - app.services.camera_manager - INFO - [webcam1] saving to C:\Users\HiDigi\OneDrive\Desktop\WebDev\FacialRecognition\static\images\frame_webcam1_066fb58f-1f58-4edc-acc7-8cf1cad7b6a0.jpg
2025-07-04 14:42:28,206 - app.services.camera_manager - INFO - [webcam1] cv2.imwrite() returned True
2025-07-04 14:42:28,267 - app.services.camera_manager - INFO - [webcam1] — iteration 40, calling cap.read()
2025-07-04 14:42:28,267 - app.services.camera_manager - INFO - [webcam1] — cap.read() returned ret=True
2025-07-04 14:42:28,268 - app.services.camera_manager - INFO - [webcam1] saving to C:\Users\HiDigi\OneDrive\Desktop\WebDev\FacialRecognition\static\images\frame_webcam1_b2689904-fa78-455b-a063-b0ed52dc924c.jpg
2025-07-04 14:42:28,275 - app.services.camera_manager - INFO - [webcam1] cv2.imwrite() returned True
2025-07-04 14:42:28,343 - app.services.camera_manager - INFO - [webcam1] — iteration 41, calling cap.read()
2025-07-04 14:42:28,343 - app.services.camera_manager - INFO - [webcam1] — cap.read() returned ret=True
2025-07-04 14:42:28,344 - app.services.camera_manager - INFO - [webcam1] saving to C:\Users\HiDigi\OneDrive\Desktop\WebDev\FacialRecognition\static\images\frame_webcam1_de267943-0e37-47a0-9d51-9abb81f8b219.jpg
2025-07-04 14:42:28,350 - app.services.camera_manager - INFO - [webcam1] cv2.imwrite() returned True
2025-07-04 14:42:28,418 - app.services.camera_manager - INFO - [webcam1] — iteration 42, calling cap.read()
2025-07-04 14:42:28,418 - app.services.camera_manager - INFO - [webcam1] — cap.read() returned ret=True
2025-07-04 14:42:28,419 - app.services.camera_manager - INFO - [webcam1] saving to C:\Users\HiDigi\OneDrive\Desktop\WebDev\FacialRecognition\static\images\frame_webcam1_d009c673-db23-4e29-bd66-712b5b2a2d36.jpg
2025-07-04 14:42:28,425 - app.services.camera_manager - INFO - [webcam1] cv2.imwrite() returned True
2025-07-04 14:42:28,501 - app.services.camera_manager - INFO - [webcam1] — iteration 43, calling cap.read()
2025-07-04 14:42:28,501 - app.services.camera_manager - INFO - [webcam1] — cap.read() returned ret=True
2025-07-04 14:42:28,502 - app.services.camera_manager - INFO - [webcam1] saving to C:\Users\HiDigi\OneDrive\Desktop\WebDev\FacialRecognition\static\images\frame_webcam1_ff1a6ccb-e075-4d52-b73f-59958b906900.jpg
2025-07-04 14:42:28,508 - app.services.camera_manager - INFO - [webcam1] cv2.imwrite() returned True
2025-07-04 14:42:28,568 - app.services.camera_manager - INFO - [webcam1] — iteration 44, calling cap.read()
2025-07-04 14:42:28,568 - app.services.camera_manager - INFO - [webcam1] — cap.read() returned ret=True
2025-07-04 14:42:28,569 - app.services.camera_manager - INFO - [webcam1] saving to C:\Users\HiDigi\OneDrive\Desktop\WebDev\FacialRecognition\static\images\frame_webcam1_0e2a5946-880c-4513-961a-19eb0b0b289e.jpg
2025-07-04 14:42:28,576 - app.services.camera_manager - INFO - [webcam1] cv2.imwrite() returned True
2025-07-04 14:42:28,644 - app.services.camera_manager - INFO - [webcam1] — iteration 45, calling cap.read()
2025-07-04 14:42:28,644 - app.services.camera_manager - INFO - [webcam1] — cap.read() returned ret=True
2025-07-04 14:42:28,645 - app.services.camera_manager - INFO - [webcam1] saving to C:\Users\HiDigi\OneDrive\Desktop\WebDev\FacialRecognition\static\images\frame_webcam1_4a7f1524-0cf8-48f1-bdc0-1228e6067629.jpg
2025-07-04 14:42:28,652 - app.services.camera_manager - INFO - [webcam1] cv2.imwrite() returned True
2025-07-04 14:42:28,719 - app.services.camera_manager - INFO - [webcam1] — iteration 46, calling cap.read()
2025-07-04 14:42:28,719 - app.services.camera_manager - INFO - [webcam1] — cap.read() returned ret=True
2025-07-04 14:42:28,720 - app.services.camera_manager - INFO - [webcam1] saving to C:\Users\HiDigi\OneDrive\Desktop\WebDev\FacialRecognition\static\images\frame_webcam1_d0abd86a-ebd5-4333-8ae4-d7d076275fd8.jpg
2025-07-04 14:42:28,726 - app.services.camera_manager - INFO - [webcam1] cv2.imwrite() returned True
2025-07-04 14:42:28,786 - app.services.camera_manager - INFO - [webcam1] — iteration 47, calling cap.read()
2025-07-04 14:42:28,788 - app.services.camera_manager - INFO - [webcam1] — cap.read() returned ret=True
2025-07-04 14:42:28,790 - app.services.camera_manager - INFO - [webcam1] saving to C:\Users\HiDigi\OneDrive\Desktop\WebDev\FacialRecognition\static\images\frame_webcam1_96e7e355-5dd6-4fa6-8fbe-4e7cf05db14d.jpg
2025-07-04 14:42:28,796 - app.services.camera_manager - INFO - [webcam1] cv2.imwrite() returned True
2025-07-04 14:42:28,872 - app.services.camera_manager - INFO - [webcam1] — iteration 48, calling cap.read()
2025-07-04 14:42:28,872 - app.services.camera_manager - INFO - [webcam1] — cap.read() returned ret=True
2025-07-04 14:42:28,873 - app.services.camera_manager - INFO - [webcam1] saving to C:\Users\HiDigi\OneDrive\Desktop\WebDev\FacialRecognition\static\images\frame_webcam1_1403e6f3-dc3c-4271-9e82-ad8e8cebb07b.jpg
2025-07-04 14:42:28,879 - app.services.camera_manager - INFO - [webcam1] cv2.imwrite() returned True
2025-07-04 14:42:28,947 - app.services.camera_manager - INFO - [webcam1] — iteration 49, calling cap.read()
2025-07-04 14:42:28,947 - app.services.camera_manager - INFO - [webcam1] — cap.read() returned ret=True
2025-07-04 14:42:28,948 - app.services.camera_manager - INFO - [webcam1] saving to C:\Users\HiDigi\OneDrive\Desktop\WebDev\FacialRecognition\static\images\frame_webcam1_970094f4-0ade-4265-8e02-d9b7306d15c7.jpg
2025-07-04 14:42:28,955 - app.services.camera_manager - INFO - [webcam1] cv2.imwrite() returned True
2025-07-04 14:42:29,022 - app.services.camera_manager - INFO - [webcam1] — iteration 50, calling cap.read()
2025-07-04 14:42:29,023 - app.services.camera_manager - INFO - [webcam1] — cap.read() returned ret=True
2025-07-04 14:42:29,023 - app.services.camera_manager - INFO - [webcam1] saving to C:\Users\HiDigi\OneDrive\Desktop\WebDev\FacialRecognition\static\images\frame_webcam1_e7fff9f5-2b0e-4f33-837b-7d39ca0b8ce0.jpg
2025-07-04 14:42:29,030 - app.services.camera_manager - INFO - [webcam1] cv2.imwrite() returned True
2025-07-04 14:42:29,104 - app.services.camera_manager - INFO - [webcam1] — iteration 51, calling cap.read()
2025-07-04 14:42:29,105 - app.services.camera_manager - INFO - [webcam1] — cap.read() returned ret=True
2025-07-04 14:42:29,106 - app.services.camera_manager - INFO - [webcam1] saving to C:\Users\HiDigi\OneDrive\Desktop\WebDev\FacialRecognition\static\images\frame_webcam1_734153cd-10e1-4857-a6b7-54f41de868fd.jpg
2025-07-04 14:42:29,112 - app.services.camera_manager - INFO - [webcam1] cv2.imwrite() returned True
2025-07-04 14:42:29,188 - app.services.camera_manager - INFO - [webcam1] — iteration 52, calling cap.read()
2025-07-04 14:42:29,188 - app.services.camera_manager - INFO - [webcam1] — cap.read() returned ret=True
2025-07-04 14:42:29,190 - app.services.camera_manager - INFO - [webcam1] saving to C:\Users\HiDigi\OneDrive\Desktop\WebDev\FacialRecognition\static\images\frame_webcam1_914690d1-7d33-4ef9-b9b7-0dff6b0fae63.jpg
2025-07-04 14:42:29,196 - app.services.camera_manager - INFO - [webcam1] cv2.imwrite() returned True
2025-07-04 14:42:29,249 - app.services.camera_manager - INFO - [webcam1] — iteration 53, calling cap.read()
2025-07-04 14:42:29,249 - app.services.camera_manager - INFO - [webcam1] — cap.read() returned ret=True
2025-07-04 14:42:29,250 - app.services.camera_manager - INFO - [webcam1] saving to C:\Users\HiDigi\OneDrive\Desktop\WebDev\FacialRecognition\static\images\frame_webcam1_55e2907a-0d50-41e9-9045-b4325002d818.jpg
2025-07-04 14:42:29,258 - app.services.camera_manager - INFO - [webcam1] cv2.imwrite() returned True
2025-07-04 14:42:29,259 - app.api.v1.ws_router - INFO - [WS] Client disconnected -> total clients = 0
2025-07-04 14:42:29,326 - app.services.camera_manager - INFO - [webcam1] — iteration 54, calling cap.read()
2025-07-04 14:42:29,326 - app.services.camera_manager - INFO - [webcam1] — cap.read() returned ret=True
2025-07-04 14:42:29,327 - app.services.camera_manager - INFO - [webcam1] saving to C:\Users\HiDigi\OneDrive\Desktop\WebDev\FacialRecognition\static\images\frame_webcam1_588eb837-1880-42d6-a680-90eaf334813d.jpg
2025-07-04 14:42:29,334 - app.services.camera_manager - INFO - [webcam1] cv2.imwrite() returned True
2025-07-04 14:42:29,394 - app.services.camera_manager - INFO - [webcam1] — iteration 55, calling cap.read()
2025-07-04 14:42:29,394 - app.services.camera_manager - INFO - [webcam1] — cap.read() returned ret=True
2025-07-04 14:42:29,396 - app.services.camera_manager - INFO - [webcam1] saving to C:\Users\HiDigi\OneDrive\Desktop\WebDev\FacialRecognition\static\images\frame_webcam1_c08b4f71-c8c5-4ef7-9ee5-985b0a038346.jpg
2025-07-04 14:42:29,402 - app.services.camera_manager - INFO - [webcam1] cv2.imwrite() returned True
2025-07-04 14:42:29,478 - app.services.camera_manager - INFO - [webcam1] — iteration 56, calling cap.read()
2025-07-04 14:42:29,478 - app.services.camera_manager - INFO - [webcam1] — cap.read() returned ret=True
2025-07-04 14:42:29,480 - app.services.camera_manager - INFO - [webcam1] saving to C:\Users\HiDigi\OneDrive\Desktop\WebDev\FacialRecognition\static\images\frame_webcam1_b96d519e-b801-43b9-924e-8882c0f9a1d3.jpg
2025-07-04 14:42:29,486 - app.services.camera_manager - INFO - [webcam1] cv2.imwrite() returned True
2025-07-04 14:42:29,553 - app.services.camera_manager - INFO - [webcam1] — iteration 57, calling cap.read()
2025-07-04 14:42:29,553 - app.services.camera_manager - INFO - [webcam1] — cap.read() returned ret=True
2025-07-04 14:42:29,555 - app.services.camera_manager - INFO - [webcam1] saving to C:\Users\HiDigi\OneDrive\Desktop\WebDev\FacialRecognition\static\images\frame_webcam1_4577ad96-45f5-4500-9c9c-5baba8abf52b.jpg
2025-07-04 14:42:29,561 - app.services.camera_manager - INFO - [webcam1] cv2.imwrite() returned True
2025-07-04 14:42:29,628 - app.services.camera_manager - INFO - [webcam1] — iteration 58, calling cap.read()
2025-07-04 14:42:29,628 - app.services.camera_manager - INFO - [webcam1] — cap.read() returned ret=True
2025-07-04 14:42:29,629 - app.services.camera_manager - INFO - [webcam1] saving to C:\Users\HiDigi\OneDrive\Desktop\WebDev\FacialRecognition\static\images\frame_webcam1_35636c7b-1104-4ffa-a3a5-528d2a3c9174.jpg
2025-07-04 14:42:29,636 - app.services.camera_manager - INFO - [webcam1] cv2.imwrite() returned True
2025-07-04 14:42:29,696 - app.services.camera_manager - INFO - [webcam1] — iteration 59, calling cap.read()
2025-07-04 14:42:29,696 - app.services.camera_manager - INFO - [webcam1] — cap.read() returned ret=True
2025-07-04 14:42:29,697 - app.services.camera_manager - INFO - [webcam1] saving to C:\Users\HiDigi\OneDrive\Desktop\WebDev\FacialRecognition\static\images\frame_webcam1_7b1cf5ef-3c33-48b4-998f-6c3efdc69663.jpg
2025-07-04 14:42:29,703 - app.services.camera_manager - INFO - [webcam1] cv2.imwrite() returned True
2025-07-04 14:42:29,771 - app.services.camera_manager - INFO - [webcam1] — iteration 60, calling cap.read()
2025-07-04 14:42:29,772 - app.services.camera_manager - INFO - [webcam1] — cap.read() returned ret=True
2025-07-04 14:42:29,773 - app.services.camera_manager - INFO - [webcam1] saving to C:\Users\HiDigi\OneDrive\Desktop\WebDev\FacialRecognition\static\images\frame_webcam1_bd36a550-4bfa-4d62-a724-ce35a3d1b55b.jpg
2025-07-04 14:42:29,779 - app.services.camera_manager - INFO - [webcam1] cv2.imwrite() returned True
2025-07-04 14:42:29,847 - app.services.camera_manager - INFO - [webcam1] — iteration 61, calling cap.read()
2025-07-04 14:42:29,847 - app.services.camera_manager - INFO - [webcam1] — cap.read() returned ret=True
2025-07-04 14:42:29,848 - app.services.camera_manager - INFO - [webcam1] saving to C:\Users\HiDigi\OneDrive\Desktop\WebDev\FacialRecognition\static\images\frame_webcam1_c960163a-caa7-41f3-97f4-788fc10d276a.jpg
2025-07-04 14:42:29,855 - app.services.camera_manager - INFO - [webcam1] cv2.imwrite() returned True
2025-07-04 14:42:29,913 - app.services.camera_manager - INFO - [webcam1] — iteration 62, calling cap.read()
2025-07-04 14:42:29,913 - app.services.camera_manager - INFO - [webcam1] — cap.read() returned ret=True
2025-07-04 14:42:29,914 - app.services.camera_manager - INFO - [webcam1] saving to C:\Users\HiDigi\OneDrive\Desktop\WebDev\FacialRecognition\static\images\frame_webcam1_b7865110-2485-4e6a-abad-eee37390df0b.jpg
2025-07-04 14:42:29,920 - app.services.camera_manager - INFO - [webcam1] cv2.imwrite() returned True
2025-07-04 14:42:29,987 - app.services.camera_manager - INFO - [webcam1] — iteration 63, calling cap.read()
2025-07-04 14:42:29,987 - app.services.camera_manager - INFO - [webcam1] — cap.read() returned ret=True
2025-07-04 14:42:29,988 - app.services.camera_manager - INFO - [webcam1] saving to C:\Users\HiDigi\OneDrive\Desktop\WebDev\FacialRecognition\static\images\frame_webcam1_e0e9163d-1379-4e4b-af8e-ebea62d3d34e.jpg
2025-07-04 14:42:29,994 - app.services.camera_manager - INFO - [webcam1] cv2.imwrite() returned True
2025-07-04 14:42:30,005 - app.api.v1.ws_router - INFO - [WS] Client connected -> total clients = 1
2025-07-04 14:42:30,056 - app.services.camera_manager - INFO - [webcam1] — iteration 64, calling cap.read()
2025-07-04 14:42:30,057 - app.services.camera_manager - INFO - [webcam1] — cap.read() returned ret=True
2025-07-04 14:42:30,058 - app.services.camera_manager - INFO - [webcam1] saving to C:\Users\HiDigi\OneDrive\Desktop\WebDev\FacialRecognition\static\images\frame_webcam1_57c72716-89fc-4b59-93c9-d9c699a7fa41.jpg
2025-07-04 14:42:30,064 - app.services.camera_manager - INFO - [webcam1] cv2.imwrite() returned True
2025-07-04 14:42:30,132 - app.services.camera_manager - INFO - [webcam1] — iteration 65, calling cap.read()
2025-07-04 14:42:30,133 - app.services.camera_manager - INFO - [webcam1] — cap.read() returned ret=True
2025-07-04 14:42:30,134 - app.services.camera_manager - INFO - [webcam1] saving to C:\Users\HiDigi\OneDrive\Desktop\WebDev\FacialRecognition\static\images\frame_webcam1_432a819b-022a-4776-bb51-9e45e6aa7235.jpg
2025-07-04 14:42:30,140 - app.services.camera_manager - INFO - [webcam1] cv2.imwrite() returned True
2025-07-04 14:42:30,215 - app.services.camera_manager - INFO - [webcam1] — iteration 66, calling cap.read()
2025-07-04 14:42:30,215 - app.services.camera_manager - INFO - [webcam1] — cap.read() returned ret=True
2025-07-04 14:42:30,216 - app.services.camera_manager - INFO - [webcam1] saving to C:\Users\HiDigi\OneDrive\Desktop\WebDev\FacialRecognition\static\images\frame_webcam1_b25a9263-9ea9-486f-91e0-fc1fe072965c.jpg
2025-07-04 14:42:30,223 - app.services.camera_manager - INFO - [webcam1] cv2.imwrite() returned True
2025-07-04 14:42:30,290 - app.services.camera_manager - INFO - [webcam1] — iteration 67, calling cap.read()
2025-07-04 14:42:30,290 - app.services.camera_manager - INFO - [webcam1] — cap.read() returned ret=True
2025-07-04 14:42:30,291 - app.services.camera_manager - INFO - [webcam1] saving to C:\Users\HiDigi\OneDrive\Desktop\WebDev\FacialRecognition\static\images\frame_webcam1_bd8750fd-c92c-499a-8015-9ebfc589e579.jpg
2025-07-04 14:42:30,297 - app.services.camera_manager - INFO - [webcam1] cv2.imwrite() returned True
2025-07-04 14:42:30,365 - app.services.camera_manager - INFO - [webcam1] — iteration 68, calling cap.read()
2025-07-04 14:42:30,366 - app.services.camera_manager - INFO - [webcam1] — cap.read() returned ret=True
2025-07-04 14:42:30,367 - app.services.camera_manager - INFO - [webcam1] saving to C:\Users\HiDigi\OneDrive\Desktop\WebDev\FacialRecognition\static\images\frame_webcam1_e16806ed-a655-4b35-a2d0-8b7465bb601a.jpg
2025-07-04 14:42:30,372 - app.services.camera_manager - INFO - [webcam1] cv2.imwrite() returned True
2025-07-04 14:42:30,447 - app.services.camera_manager - INFO - [webcam1] — iteration 69, calling cap.read()
2025-07-04 14:42:30,447 - app.services.camera_manager - INFO - [webcam1] — cap.read() returned ret=True
2025-07-04 14:42:30,448 - app.services.camera_manager - INFO - [webcam1] saving to C:\Users\HiDigi\OneDrive\Desktop\WebDev\FacialRecognition\static\images\frame_webcam1_08c8908d-dcef-4a07-bd05-f5fccbd45631.jpg
2025-07-04 14:42:30,455 - app.services.camera_manager - INFO - [webcam1] cv2.imwrite() returned True
2025-07-04 14:42:30,532 - app.services.camera_manager - INFO - [webcam1] — iteration 70, calling cap.read()
2025-07-04 14:42:30,532 - app.services.camera_manager - INFO - [webcam1] — cap.read() returned ret=True
2025-07-04 14:42:30,533 - app.services.camera_manager - INFO - [webcam1] saving to C:\Users\HiDigi\OneDrive\Desktop\WebDev\FacialRecognition\static\images\frame_webcam1_fb568d62-dc9c-43e4-9682-24716d6763d5.jpg
2025-07-04 14:42:30,539 - app.services.camera_manager - INFO - [webcam1] cv2.imwrite() returned True
2025-07-04 14:42:30,593 - app.services.camera_manager - INFO - [webcam1] — iteration 71, calling cap.read()
2025-07-04 14:42:30,593 - app.services.camera_manager - INFO - [webcam1] — cap.read() returned ret=True
2025-07-04 14:42:30,594 - app.services.camera_manager - INFO - [webcam1] saving to C:\Users\HiDigi\OneDrive\Desktop\WebDev\FacialRecognition\static\images\frame_webcam1_6eeac83b-1040-4135-ac38-78c7e82e787f.jpg
2025-07-04 14:42:30,600 - app.services.camera_manager - INFO - [webcam1] cv2.imwrite() returned True
2025-07-04 14:42:30,668 - app.services.camera_manager - INFO - [webcam1] — iteration 72, calling cap.read()
2025-07-04 14:42:30,668 - app.services.camera_manager - INFO - [webcam1] — cap.read() returned ret=True
2025-07-04 14:42:30,669 - app.services.camera_manager - INFO - [webcam1] saving to C:\Users\HiDigi\OneDrive\Desktop\WebDev\FacialRecognition\static\images\frame_webcam1_1425a0e6-6729-46cf-817d-8a9d297ed237.jpg
2025-07-04 14:42:30,675 - app.services.camera_manager - INFO - [webcam1] cv2.imwrite() returned True
2025-07-04 14:42:30,750 - app.services.camera_manager - INFO - [webcam1] — iteration 73, calling cap.read()
2025-07-04 14:42:30,751 - app.services.camera_manager - INFO - [webcam1] — cap.read() returned ret=True
2025-07-04 14:42:30,752 - app.services.camera_manager - INFO - [webcam1] saving to C:\Users\HiDigi\OneDrive\Desktop\WebDev\FacialRecognition\static\images\frame_webcam1_3e1e2678-f7cd-4f70-a5b3-237d3eb3fba4.jpg
2025-07-04 14:42:30,758 - app.services.camera_manager - INFO - [webcam1] cv2.imwrite() returned True
2025-07-04 14:42:30,819 - app.services.camera_manager - INFO - [webcam1] — iteration 74, calling cap.read()
2025-07-04 14:42:30,819 - app.services.camera_manager - INFO - [webcam1] — cap.read() returned ret=True
2025-07-04 14:42:30,820 - app.services.camera_manager - INFO - [webcam1] saving to C:\Users\HiDigi\OneDrive\Desktop\WebDev\FacialRecognition\static\images\frame_webcam1_9778cc15-5c36-4b41-97f1-dd5d7ee0edfd.jpg
2025-07-04 14:42:30,826 - app.services.camera_manager - INFO - [webcam1] cv2.imwrite() returned True
2025-07-04 14:42:30,893 - app.services.camera_manager - INFO - [webcam1] — iteration 75, calling cap.read()
2025-07-04 14:42:30,893 - app.services.camera_manager - INFO - [webcam1] — cap.read() returned ret=True
2025-07-04 14:42:30,894 - app.services.camera_manager - INFO - [webcam1] saving to C:\Users\HiDigi\OneDrive\Desktop\WebDev\FacialRecognition\static\images\frame_webcam1_8d6aa051-18b1-46a8-af7f-a0fa7da37204.jpg
2025-07-04 14:42:30,900 - app.services.camera_manager - INFO - [webcam1] cv2.imwrite() returned True
2025-07-04 14:42:30,969 - app.services.camera_manager - INFO - [webcam1] — iteration 76, calling cap.read()
2025-07-04 14:42:30,969 - app.services.camera_manager - INFO - [webcam1] — cap.read() returned ret=True
2025-07-04 14:42:30,970 - app.services.camera_manager - INFO - [webcam1] saving to C:\Users\HiDigi\OneDrive\Desktop\WebDev\FacialRecognition\static\images\frame_webcam1_2c2dcf20-7556-4ed4-bdac-aba672ec7adc.jpg
2025-07-04 14:42:30,976 - app.services.camera_manager - INFO - [webcam1] cv2.imwrite() returned True
2025-07-04 14:42:31,034 - app.services.camera_manager - INFO - [webcam1] — iteration 77, calling cap.read()
2025-07-04 14:42:31,034 - app.services.camera_manager - INFO - [webcam1] — cap.read() returned ret=True
2025-07-04 14:42:31,035 - app.services.camera_manager - INFO - [webcam1] saving to C:\Users\HiDigi\OneDrive\Desktop\WebDev\FacialRecognition\static\images\frame_webcam1_81aac7a6-e89f-4051-9ec4-880f28a905b1.jpg
2025-07-04 14:42:31,041 - app.services.camera_manager - INFO - [webcam1] cv2.imwrite() returned True
2025-07-04 14:42:31,109 - app.services.camera_manager - INFO - [webcam1] — iteration 78, calling cap.read()
2025-07-04 14:42:31,110 - app.services.camera_manager - INFO - [webcam1] — cap.read() returned ret=True
2025-07-04 14:42:31,111 - app.services.camera_manager - INFO - [webcam1] saving to C:\Users\HiDigi\OneDrive\Desktop\WebDev\FacialRecognition\static\images\frame_webcam1_d21c59f4-0ccc-4aa2-b796-97620851bf8a.jpg
2025-07-04 14:42:31,116 - app.services.camera_manager - INFO - [webcam1] cv2.imwrite() returned True
2025-07-04 14:42:31,184 - app.services.camera_manager - INFO - [webcam1] — iteration 79, calling cap.read()
2025-07-04 14:42:31,184 - app.services.camera_manager - INFO - [webcam1] — cap.read() returned ret=True
2025-07-04 14:42:31,185 - app.services.camera_manager - INFO - [webcam1] saving to C:\Users\HiDigi\OneDrive\Desktop\WebDev\FacialRecognition\static\images\frame_webcam1_89b0961c-cf46-4b60-8db0-9b02db13665f.jpg
2025-07-04 14:42:31,191 - app.services.camera_manager - INFO - [webcam1] cv2.imwrite() returned True
2025-07-04 14:42:31,265 - app.services.camera_manager - INFO - [webcam1] — iteration 80, calling cap.read()
2025-07-04 14:42:31,265 - app.services.camera_manager - INFO - [webcam1] — cap.read() returned ret=True
2025-07-04 14:42:31,266 - app.services.camera_manager - INFO - [webcam1] saving to C:\Users\HiDigi\OneDrive\Desktop\WebDev\FacialRecognition\static\images\frame_webcam1_13dca71e-96e3-4bcd-9223-909506fafeca.jpg
2025-07-04 14:42:31,272 - app.services.camera_manager - INFO - [webcam1] cv2.imwrite() returned True
2025-07-04 14:42:31,331 - app.services.camera_manager - INFO - [webcam1] — iteration 81, calling cap.read()
2025-07-04 14:42:31,331 - app.services.camera_manager - INFO - [webcam1] — cap.read() returned ret=True
2025-07-04 14:42:31,332 - app.services.camera_manager - INFO - [webcam1] saving to C:\Users\HiDigi\OneDrive\Desktop\WebDev\FacialRecognition\static\images\frame_webcam1_b7cff7e0-b4fe-4209-afa5-cdb240acc39c.jpg
2025-07-04 14:42:31,338 - app.services.camera_manager - INFO - [webcam1] cv2.imwrite() returned True
2025-07-04 14:42:31,407 - app.services.camera_manager - INFO - [webcam1] — iteration 82, calling cap.read()
2025-07-04 14:42:31,407 - app.services.camera_manager - INFO - [webcam1] — cap.read() returned ret=True
2025-07-04 14:42:31,408 - app.services.camera_manager - INFO - [webcam1] saving to C:\Users\HiDigi\OneDrive\Desktop\WebDev\FacialRecognition\static\images\frame_webcam1_35535ef2-f084-435e-b9aa-bc756df18d6b.jpg
2025-07-04 14:42:31,414 - app.services.camera_manager - INFO - [webcam1] cv2.imwrite() returned True
2025-07-04 14:42:31,481 - app.services.camera_manager - INFO - [webcam1] — iteration 83, calling cap.read()
2025-07-04 14:42:31,481 - app.services.camera_manager - INFO - [webcam1] — cap.read() returned ret=True
2025-07-04 14:42:31,482 - app.services.camera_manager - INFO - [webcam1] saving to C:\Users\HiDigi\OneDrive\Desktop\WebDev\FacialRecognition\static\images\frame_webcam1_50a7371e-d2cd-48c8-839e-d55272f64182.jpg
2025-07-04 14:42:31,489 - app.services.camera_manager - INFO - [webcam1] cv2.imwrite() returned True
2025-07-04 14:42:31,562 - app.services.camera_manager - INFO - [webcam1] — iteration 84, calling cap.read()
2025-07-04 14:42:31,562 - app.services.camera_manager - INFO - [webcam1] — cap.read() returned ret=True
2025-07-04 14:42:31,563 - app.services.camera_manager - INFO - [webcam1] saving to C:\Users\HiDigi\OneDrive\Desktop\WebDev\FacialRecognition\static\images\frame_webcam1_d3b465d3-3c1c-4bd1-b7c0-4db07ba363a2.jpg
2025-07-04 14:42:31,570 - app.services.camera_manager - INFO - [webcam1] cv2.imwrite() returned True
2025-07-04 14:42:31,629 - app.services.camera_manager - INFO - [webcam1] — iteration 85, calling cap.read()
2025-07-04 14:42:31,629 - app.services.camera_manager - INFO - [webcam1] — cap.read() returned ret=True
2025-07-04 14:42:31,630 - app.services.camera_manager - INFO - [webcam1] saving to C:\Users\HiDigi\OneDrive\Desktop\WebDev\FacialRecognition\static\images\frame_webcam1_11aeefd9-f164-4353-864a-da4ad2325046.jpg
2025-07-04 14:42:31,637 - app.services.camera_manager - INFO - [webcam1] cv2.imwrite() returned True
2025-07-04 14:42:31,705 - app.services.camera_manager - INFO - [webcam1] — iteration 86, calling cap.read()
2025-07-04 14:42:31,705 - app.services.camera_manager - INFO - [webcam1] — cap.read() returned ret=True
2025-07-04 14:42:31,706 - app.services.camera_manager - INFO - [webcam1] saving to C:\Users\HiDigi\OneDrive\Desktop\WebDev\FacialRecognition\static\images\frame_webcam1_cfdbb1e1-3031-4e8a-8cd7-d9cf2f5d1b0f.jpg
2025-07-04 14:42:31,712 - app.services.camera_manager - INFO - [webcam1] cv2.imwrite() returned True
2025-07-04 14:42:31,779 - app.services.camera_manager - INFO - [webcam1] — iteration 87, calling cap.read()
2025-07-04 14:42:31,779 - app.services.camera_manager - INFO - [webcam1] — cap.read() returned ret=True
2025-07-04 14:42:31,781 - app.services.camera_manager - INFO - [webcam1] saving to C:\Users\HiDigi\OneDrive\Desktop\WebDev\FacialRecognition\static\images\frame_webcam1_55121a58-2e8b-4dd7-b313-76e69a84c588.jpg
2025-07-04 14:42:31,787 - app.services.camera_manager - INFO - [webcam1] cv2.imwrite() returned True
2025-07-04 14:42:31,846 - app.services.camera_manager - INFO - [webcam1] — iteration 88, calling cap.read()
2025-07-04 14:42:31,847 - app.services.camera_manager - INFO - [webcam1] — cap.read() returned ret=True
2025-07-04 14:42:31,847 - app.services.camera_manager - INFO - [webcam1] saving to C:\Users\HiDigi\OneDrive\Desktop\WebDev\FacialRecognition\static\images\frame_webcam1_7d09ce7b-c64b-4397-aefd-bdfa9f01a2eb.jpg
2025-07-04 14:42:31,853 - app.services.camera_manager - INFO - [webcam1] cv2.imwrite() returned True
2025-07-04 14:42:31,920 - app.services.camera_manager - INFO - [webcam1] — iteration 89, calling cap.read()
2025-07-04 14:42:31,920 - app.services.camera_manager - INFO - [webcam1] — cap.read() returned ret=True
2025-07-04 14:42:31,922 - app.services.camera_manager - INFO - [webcam1] saving to C:\Users\HiDigi\OneDrive\Desktop\WebDev\FacialRecognition\static\images\frame_webcam1_3bce61c8-de97-47b3-aefe-b67ff0b6322e.jpg
2025-07-04 14:42:31,928 - app.services.camera_manager - INFO - [webcam1] cv2.imwrite() returned True
2025-07-04 14:42:31,996 - app.services.camera_manager - INFO - [webcam1] — iteration 90, calling cap.read()
2025-07-04 14:42:31,996 - app.services.camera_manager - INFO - [webcam1] — cap.read() returned ret=True
2025-07-04 14:42:31,997 - app.services.camera_manager - INFO - [webcam1] saving to C:\Users\HiDigi\OneDrive\Desktop\WebDev\FacialRecognition\static\images\frame_webcam1_cb319183-9921-4fa0-b343-4f59f1ad4f87.jpg
2025-07-04 14:42:32,003 - app.services.camera_manager - INFO - [webcam1] cv2.imwrite() returned True
2025-07-04 14:42:32,078 - app.services.camera_manager - INFO - [webcam1] — iteration 91, calling cap.read()
2025-07-04 14:42:32,078 - app.services.camera_manager - INFO - [webcam1] — cap.read() returned ret=True
2025-07-04 14:42:32,079 - app.services.camera_manager - INFO - [webcam1] saving to C:\Users\HiDigi\OneDrive\Desktop\WebDev\FacialRecognition\static\images\frame_webcam1_c3b0bfe4-b0f9-496e-af55-61bb762a42d7.jpg
2025-07-04 14:42:32,085 - app.services.camera_manager - INFO - [webcam1] cv2.imwrite() returned True
2025-07-04 14:42:32,145 - app.services.camera_manager - INFO - [webcam1] — iteration 92, calling cap.read()
2025-07-04 14:42:32,146 - app.services.camera_manager - INFO - [webcam1] — cap.read() returned ret=True
2025-07-04 14:42:32,147 - app.services.camera_manager - INFO - [webcam1] saving to C:\Users\HiDigi\OneDrive\Desktop\WebDev\FacialRecognition\static\images\frame_webcam1_098b9b3d-a710-48ee-8164-1656951a1610.jpg
2025-07-04 14:42:32,152 - app.services.camera_manager - INFO - [webcam1] cv2.imwrite() returned True
2025-07-04 14:42:32,221 - app.services.camera_manager - INFO - [webcam1] — iteration 93, calling cap.read()
2025-07-04 14:42:32,221 - app.services.camera_manager - INFO - [webcam1] — cap.read() returned ret=True
2025-07-04 14:42:32,222 - app.services.camera_manager - INFO - [webcam1] saving to C:\Users\HiDigi\OneDrive\Desktop\WebDev\FacialRecognition\static\images\frame_webcam1_4162e9e7-7bff-465b-aef7-0ea1b5ec815d.jpg
2025-07-04 14:42:32,229 - app.services.camera_manager - INFO - [webcam1] cv2.imwrite() returned True
2025-07-04 14:42:32,296 - app.services.camera_manager - INFO - [webcam1] — iteration 94, calling cap.read()
2025-07-04 14:42:32,296 - app.services.camera_manager - INFO - [webcam1] — cap.read() returned ret=True
2025-07-04 14:42:32,297 - app.services.camera_manager - INFO - [webcam1] saving to C:\Users\HiDigi\OneDrive\Desktop\WebDev\FacialRecognition\static\images\frame_webcam1_f8179b0a-3860-466f-a042-9389cce1976d.jpg
2025-07-04 14:42:32,303 - app.services.camera_manager - INFO - [webcam1] cv2.imwrite() returned True
2025-07-04 14:42:32,363 - app.services.camera_manager - INFO - [webcam1] — iteration 95, calling cap.read()
2025-07-04 14:42:32,363 - app.services.camera_manager - INFO - [webcam1] — cap.read() returned ret=True
2025-07-04 14:42:32,364 - app.services.camera_manager - INFO - [webcam1] saving to C:\Users\HiDigi\OneDrive\Desktop\WebDev\FacialRecognition\static\images\frame_webcam1_7ca1c995-81c5-47c3-8d17-ba122f94ed73.jpg
2025-07-04 14:42:32,370 - app.services.camera_manager - INFO - [webcam1] cv2.imwrite() returned True
2025-07-04 14:42:32,438 - app.services.camera_manager - INFO - [webcam1] — iteration 96, calling cap.read()
2025-07-04 14:42:32,438 - app.services.camera_manager - INFO - [webcam1] — cap.read() returned ret=True
2025-07-04 14:42:32,439 - app.services.camera_manager - INFO - [webcam1] saving to C:\Users\HiDigi\OneDrive\Desktop\WebDev\FacialRecognition\static\images\frame_webcam1_67b3fd47-311f-48f0-957a-7f6f1ead4175.jpg
2025-07-04 14:42:32,445 - app.services.camera_manager - INFO - [webcam1] cv2.imwrite() returned True
2025-07-04 14:42:32,513 - app.services.camera_manager - INFO - [webcam1] — iteration 97, calling cap.read()
2025-07-04 14:42:32,513 - app.services.camera_manager - INFO - [webcam1] — cap.read() returned ret=True
2025-07-04 14:42:32,514 - app.services.camera_manager - INFO - [webcam1] saving to C:\Users\HiDigi\OneDrive\Desktop\WebDev\FacialRecognition\static\images\frame_webcam1_1b32c3e5-e722-4e7c-aa13-a5816578c114.jpg
2025-07-04 14:42:32,520 - app.services.camera_manager - INFO - [webcam1] cv2.imwrite() returned True
2025-07-04 14:42:32,596 - app.services.camera_manager - INFO - [webcam1] — iteration 98, calling cap.read()
2025-07-04 14:42:32,596 - app.services.camera_manager - INFO - [webcam1] — cap.read() returned ret=True
2025-07-04 14:42:32,597 - app.services.camera_manager - INFO - [webcam1] saving to C:\Users\HiDigi\OneDrive\Desktop\WebDev\FacialRecognition\static\images\frame_webcam1_f7cdbe70-54fb-472f-839f-75c32825abfd.jpg
2025-07-04 14:42:32,603 - app.services.camera_manager - INFO - [webcam1] cv2.imwrite() returned True
2025-07-04 14:42:32,660 - app.services.camera_manager - INFO - [webcam1] — iteration 99, calling cap.read()
2025-07-04 14:42:32,660 - app.services.camera_manager - INFO - [webcam1] — cap.read() returned ret=True
2025-07-04 14:42:32,661 - app.services.camera_manager - INFO - [webcam1] saving to C:\Users\HiDigi\OneDrive\Desktop\WebDev\FacialRecognition\static\images\frame_webcam1_046794d0-2e96-4595-8b20-1424948adde8.jpg
2025-07-04 14:42:32,667 - app.services.camera_manager - INFO - [webcam1] cv2.imwrite() returned True
2025-07-04 14:42:32,734 - app.services.camera_manager - INFO - [webcam1] — iteration 100, calling cap.read()
2025-07-04 14:42:32,734 - app.services.camera_manager - INFO - [webcam1] — cap.read() returned ret=True
2025-07-04 14:42:32,736 - app.services.camera_manager - INFO - [webcam1] saving to C:\Users\HiDigi\OneDrive\Desktop\WebDev\FacialRecognition\static\images\frame_webcam1_5428ebaa-ccd6-4354-bab2-5ee1114743a1.jpg
2025-07-04 14:42:32,742 - app.services.camera_manager - INFO - [webcam1] cv2.imwrite() returned True
2025-07-04 14:42:32,809 - app.services.camera_manager - INFO - [webcam1] — iteration 101, calling cap.read()
2025-07-04 14:42:32,809 - app.services.camera_manager - INFO - [webcam1] — cap.read() returned ret=True
2025-07-04 14:42:32,810 - app.services.camera_manager - INFO - [webcam1] saving to C:\Users\HiDigi\OneDrive\Desktop\WebDev\FacialRecognition\static\images\frame_webcam1_f05f5159-f03b-4691-8496-99795bedc39b.jpg
2025-07-04 14:42:32,821 - app.services.camera_manager - INFO - [webcam1] cv2.imwrite() returned True
2025-07-04 14:42:32,879 - app.services.camera_manager - INFO - [webcam1] — iteration 102, calling cap.read()
2025-07-04 14:42:32,879 - app.services.camera_manager - INFO - [webcam1] — cap.read() returned ret=True
2025-07-04 14:42:32,881 - app.services.camera_manager - INFO - [webcam1] saving to C:\Users\HiDigi\OneDrive\Desktop\WebDev\FacialRecognition\static\images\frame_webcam1_113e7881-c72e-4a58-9d26-3df42b25e85b.jpg
2025-07-04 14:42:32,886 - app.services.camera_manager - INFO - [webcam1] cv2.imwrite() returned True
2025-07-04 14:42:32,962 - app.services.camera_manager - INFO - [webcam1] — iteration 103, calling cap.read()
2025-07-04 14:42:32,962 - app.services.camera_manager - INFO - [webcam1] — cap.read() returned ret=True
2025-07-04 14:42:32,963 - app.services.camera_manager - INFO - [webcam1] saving to C:\Users\HiDigi\OneDrive\Desktop\WebDev\FacialRecognition\static\images\frame_webcam1_08dc1135-0150-4d07-9332-7dd2acdcc215.jpg
2025-07-04 14:42:32,969 - app.services.camera_manager - INFO - [webcam1] cv2.imwrite() returned True
2025-07-04 14:42:33,037 - app.services.camera_manager - INFO - [webcam1] — iteration 104, calling cap.read()
2025-07-04 14:42:33,037 - app.services.camera_manager - INFO - [webcam1] — cap.read() returned ret=True
2025-07-04 14:42:33,038 - app.services.camera_manager - INFO - [webcam1] saving to C:\Users\HiDigi\OneDrive\Desktop\WebDev\FacialRecognition\static\images\frame_webcam1_cbe1c3ab-fbdf-4b56-8c0e-5ef049999daa.jpg
2025-07-04 14:42:33,044 - app.services.camera_manager - INFO - [webcam1] cv2.imwrite() returned True
2025-07-04 14:42:33,112 - app.services.camera_manager - INFO - [webcam1] — iteration 105, calling cap.read()
2025-07-04 14:42:33,112 - app.services.camera_manager - INFO - [webcam1] — cap.read() returned ret=True
2025-07-04 14:42:33,113 - app.services.camera_manager - INFO - [webcam1] saving to C:\Users\HiDigi\OneDrive\Desktop\WebDev\FacialRecognition\static\images\frame_webcam1_c4fe412d-ef63-4126-aae4-093bd95c6028.jpg
2025-07-04 14:42:33,120 - app.services.camera_manager - INFO - [webcam1] cv2.imwrite() returned True
2025-07-04 14:42:33,179 - app.services.camera_manager - INFO - [webcam1] — iteration 106, calling cap.read()
2025-07-04 14:42:33,179 - app.services.camera_manager - INFO - [webcam1] — cap.read() returned ret=True
2025-07-04 14:42:33,180 - app.services.camera_manager - INFO - [webcam1] saving to C:\Users\HiDigi\OneDrive\Desktop\WebDev\FacialRecognition\static\images\frame_webcam1_5c9d6008-602e-4e74-b3bc-863cd70d446b.jpg
2025-07-04 14:42:33,185 - app.services.camera_manager - INFO - [webcam1] cv2.imwrite() returned True
2025-07-04 14:42:33,253 - app.services.camera_manager - INFO - [webcam1] — iteration 107, calling cap.read()
2025-07-04 14:42:33,253 - app.services.camera_manager - INFO - [webcam1] — cap.read() returned ret=True
2025-07-04 14:42:33,254 - app.services.camera_manager - INFO - [webcam1] saving to C:\Users\HiDigi\OneDrive\Desktop\WebDev\FacialRecognition\static\images\frame_webcam1_7b6bdb9a-db90-4141-835f-f75188a7859c.jpg
2025-07-04 14:42:33,259 - app.services.camera_manager - INFO - [webcam1] cv2.imwrite() returned True
2025-07-04 14:42:33,328 - app.services.camera_manager - INFO - [webcam1] — iteration 108, calling cap.read()
2025-07-04 14:42:33,328 - app.services.camera_manager - INFO - [webcam1] — cap.read() returned ret=True
2025-07-04 14:42:33,329 - app.services.camera_manager - INFO - [webcam1] saving to C:\Users\HiDigi\OneDrive\Desktop\WebDev\FacialRecognition\static\images\frame_webcam1_ee892167-5f5b-40dd-86c5-62999eeb7867.jpg
2025-07-04 14:42:33,335 - app.services.camera_manager - INFO - [webcam1] cv2.imwrite() returned True
2025-07-04 14:42:33,394 - app.services.camera_manager - INFO - [webcam1] — iteration 109, calling cap.read()
2025-07-04 14:42:33,394 - app.services.camera_manager - INFO - [webcam1] — cap.read() returned ret=True
2025-07-04 14:42:33,395 - app.services.camera_manager - INFO - [webcam1] saving to C:\Users\HiDigi\OneDrive\Desktop\WebDev\FacialRecognition\static\images\frame_webcam1_f360fa49-0d0a-4a60-8f82-5de321edd899.jpg
2025-07-04 14:42:33,402 - app.services.camera_manager - INFO - [webcam1] cv2.imwrite() returned True
2025-07-04 14:42:33,469 - app.services.camera_manager - INFO - [webcam1] — iteration 110, calling cap.read()
2025-07-04 14:42:33,470 - app.services.camera_manager - INFO - [webcam1] — cap.read() returned ret=True
2025-07-04 14:42:33,470 - app.services.camera_manager - INFO - [webcam1] saving to C:\Users\HiDigi\OneDrive\Desktop\WebDev\FacialRecognition\static\images\frame_webcam1_4f3ae36f-5b18-4011-b1fc-979536d7bfff.jpg
2025-07-04 14:42:33,476 - app.services.camera_manager - INFO - [webcam1] cv2.imwrite() returned True
2025-07-04 14:42:33,544 - app.services.camera_manager - INFO - [webcam1] — iteration 111, calling cap.read()
2025-07-04 14:42:33,544 - app.services.camera_manager - INFO - [webcam1] — cap.read() returned ret=True
2025-07-04 14:42:33,545 - app.services.camera_manager - INFO - [webcam1] saving to C:\Users\HiDigi\OneDrive\Desktop\WebDev\FacialRecognition\static\images\frame_webcam1_fb051e61-4577-4187-9404-5a04c94e0979.jpg
2025-07-04 14:42:33,551 - app.services.camera_manager - INFO - [webcam1] cv2.imwrite() returned True
2025-07-04 14:42:33,612 - app.services.camera_manager - INFO - [webcam1] — iteration 112, calling cap.read()
2025-07-04 14:42:33,612 - app.services.camera_manager - INFO - [webcam1] — cap.read() returned ret=True
2025-07-04 14:42:33,613 - app.services.camera_manager - INFO - [webcam1] saving to C:\Users\HiDigi\OneDrive\Desktop\WebDev\FacialRecognition\static\images\frame_webcam1_c20e860b-115d-4f1f-88d3-e889e39e2df9.jpg
2025-07-04 14:42:33,618 - app.services.camera_manager - INFO - [webcam1] cv2.imwrite() returned True
2025-07-04 14:42:33,686 - app.services.camera_manager - INFO - [webcam1] — iteration 113, calling cap.read()
2025-07-04 14:42:33,686 - app.services.camera_manager - INFO - [webcam1] — cap.read() returned ret=True
2025-07-04 14:42:33,687 - app.services.camera_manager - INFO - [webcam1] saving to C:\Users\HiDigi\OneDrive\Desktop\WebDev\FacialRecognition\static\images\frame_webcam1_bf43c57b-3fe6-4c9b-8ba7-9f0da76ebb20.jpg
2025-07-04 14:42:33,693 - app.services.camera_manager - INFO - [webcam1] cv2.imwrite() returned True
2025-07-04 14:42:33,761 - app.services.camera_manager - INFO - [webcam1] — iteration 114, calling cap.read()
2025-07-04 14:42:33,761 - app.services.camera_manager - INFO - [webcam1] — cap.read() returned ret=True
2025-07-04 14:42:33,762 - app.services.camera_manager - INFO - [webcam1] saving to C:\Users\HiDigi\OneDrive\Desktop\WebDev\FacialRecognition\static\images\frame_webcam1_b8ef580b-dc7a-4985-901f-dea675d68737.jpg
2025-07-04 14:42:33,768 - app.services.camera_manager - INFO - [webcam1] cv2.imwrite() returned True
2025-07-04 14:42:33,845 - app.services.camera_manager - INFO - [webcam1] — iteration 115, calling cap.read()
2025-07-04 14:42:33,845 - app.services.camera_manager - INFO - [webcam1] — cap.read() returned ret=True
2025-07-04 14:42:33,846 - app.services.camera_manager - INFO - [webcam1] saving to C:\Users\HiDigi\OneDrive\Desktop\WebDev\FacialRecognition\static\images\frame_webcam1_415778d6-997f-43ad-b167-40cd5716e95e.jpg
2025-07-04 14:42:33,852 - app.services.camera_manager - INFO - [webcam1] cv2.imwrite() returned True
2025-07-04 14:42:33,911 - app.services.camera_manager - INFO - [webcam1] — iteration 116, calling cap.read()
2025-07-04 14:42:33,911 - app.services.camera_manager - INFO - [webcam1] — cap.read() returned ret=True
2025-07-04 14:42:33,912 - app.services.camera_manager - INFO - [webcam1] saving to C:\Users\HiDigi\OneDrive\Desktop\WebDev\FacialRecognition\static\images\frame_webcam1_ce53d872-2079-49d1-8e49-1b1d7256ec89.jpg
2025-07-04 14:42:33,921 - app.services.camera_manager - INFO - [webcam1] cv2.imwrite() returned True
2025-07-04 14:42:33,988 - app.services.camera_manager - INFO - [webcam1] — iteration 117, calling cap.read()
2025-07-04 14:42:33,988 - app.services.camera_manager - INFO - [webcam1] — cap.read() returned ret=True
2025-07-04 14:42:33,989 - app.services.camera_manager - INFO - [webcam1] saving to C:\Users\HiDigi\OneDrive\Desktop\WebDev\FacialRecognition\static\images\frame_webcam1_5e2723f2-da79-488c-889c-c348e1498620.jpg
2025-07-04 14:42:33,995 - app.services.camera_manager - INFO - [webcam1] cv2.imwrite() returned True
2025-07-04 14:42:34,062 - app.services.camera_manager - INFO - [webcam1] — iteration 118, calling cap.read()
2025-07-04 14:42:34,062 - app.services.camera_manager - INFO - [webcam1] — cap.read() returned ret=True
2025-07-04 14:42:34,063 - app.services.camera_manager - INFO - [webcam1] saving to C:\Users\HiDigi\OneDrive\Desktop\WebDev\FacialRecognition\static\images\frame_webcam1_eaeee52b-153f-4f54-934d-3c69206fb438.jpg
2025-07-04 14:42:34,068 - app.services.camera_manager - INFO - [webcam1] cv2.imwrite() returned True
2025-07-04 14:42:34,129 - app.services.camera_manager - INFO - [webcam1] — iteration 119, calling cap.read()
2025-07-04 14:42:34,129 - app.services.camera_manager - INFO - [webcam1] — cap.read() returned ret=True
2025-07-04 14:42:34,131 - app.services.camera_manager - INFO - [webcam1] saving to C:\Users\HiDigi\OneDrive\Desktop\WebDev\FacialRecognition\static\images\frame_webcam1_82fd0748-ec80-4f46-929f-cb710c01f540.jpg
2025-07-04 14:42:34,137 - app.services.camera_manager - INFO - [webcam1] cv2.imwrite() returned True
2025-07-04 14:42:34,213 - app.services.camera_manager - INFO - [webcam1] — iteration 120, calling cap.read()
2025-07-04 14:42:34,213 - app.services.camera_manager - INFO - [webcam1] — cap.read() returned ret=True
2025-07-04 14:42:34,214 - app.services.camera_manager - INFO - [webcam1] saving to C:\Users\HiDigi\OneDrive\Desktop\WebDev\FacialRecognition\static\images\frame_webcam1_cb4b0504-92af-4295-beee-21480906b4a0.jpg
2025-07-04 14:42:34,219 - app.services.camera_manager - INFO - [webcam1] cv2.imwrite() returned True
2025-07-04 14:42:34,288 - app.services.camera_manager - INFO - [webcam1] — iteration 121, calling cap.read()
2025-07-04 14:42:34,288 - app.services.camera_manager - INFO - [webcam1] — cap.read() returned ret=True
2025-07-04 14:42:34,289 - app.services.camera_manager - INFO - [webcam1] saving to C:\Users\HiDigi\OneDrive\Desktop\WebDev\FacialRecognition\static\images\frame_webcam1_840958a8-5e37-4809-a9d2-0cac33f979c4.jpg
2025-07-04 14:42:34,294 - app.services.camera_manager - INFO - [webcam1] cv2.imwrite() returned True
2025-07-04 14:42:34,362 - app.services.camera_manager - INFO - [webcam1] — iteration 122, calling cap.read()
2025-07-04 14:42:34,362 - app.services.camera_manager - INFO - [webcam1] — cap.read() returned ret=True
2025-07-04 14:42:34,363 - app.services.camera_manager - INFO - [webcam1] saving to C:\Users\HiDigi\OneDrive\Desktop\WebDev\FacialRecognition\static\images\frame_webcam1_a328673b-6f39-45a0-bb57-ec4f21fafc49.jpg
2025-07-04 14:42:34,369 - app.services.camera_manager - INFO - [webcam1] cv2.imwrite() returned True
2025-07-04 14:42:34,429 - app.services.camera_manager - INFO - [webcam1] — iteration 123, calling cap.read()
2025-07-04 14:42:34,429 - app.services.camera_manager - INFO - [webcam1] — cap.read() returned ret=True
2025-07-04 14:42:34,430 - app.services.camera_manager - INFO - [webcam1] saving to C:\Users\HiDigi\OneDrive\Desktop\WebDev\FacialRecognition\static\images\frame_webcam1_f0ef12df-a434-44b7-b957-2e0704d4e2ad.jpg
2025-07-04 14:42:34,436 - app.services.camera_manager - INFO - [webcam1] cv2.imwrite() returned True
2025-07-04 14:42:34,503 - app.services.camera_manager - INFO - [webcam1] — iteration 124, calling cap.read()
2025-07-04 14:42:34,504 - app.services.camera_manager - INFO - [webcam1] — cap.read() returned ret=True
2025-07-04 14:42:34,505 - app.services.camera_manager - INFO - [webcam1] saving to C:\Users\HiDigi\OneDrive\Desktop\WebDev\FacialRecognition\static\images\frame_webcam1_a703014a-1f73-4350-8f77-a87619059582.jpg
2025-07-04 14:42:34,511 - app.services.camera_manager - INFO - [webcam1] cv2.imwrite() returned True
2025-07-04 14:42:34,578 - app.services.camera_manager - INFO - [webcam1] — iteration 125, calling cap.read()
2025-07-04 14:42:34,578 - app.services.camera_manager - INFO - [webcam1] — cap.read() returned ret=True
2025-07-04 14:42:34,580 - app.services.camera_manager - INFO - [webcam1] saving to C:\Users\HiDigi\OneDrive\Desktop\WebDev\FacialRecognition\static\images\frame_webcam1_04fa36af-744c-419d-943a-142256d3eeed.jpg
2025-07-04 14:42:34,585 - app.services.camera_manager - INFO - [webcam1] cv2.imwrite() returned True
2025-07-04 14:42:34,646 - app.services.camera_manager - INFO - [webcam1] — iteration 126, calling cap.read()
2025-07-04 14:42:34,646 - app.services.camera_manager - INFO - [webcam1] — cap.read() returned ret=True
2025-07-04 14:42:34,647 - app.services.camera_manager - INFO - [webcam1] saving to C:\Users\HiDigi\OneDrive\Desktop\WebDev\FacialRecognition\static\images\frame_webcam1_fefa56ea-7338-4811-a4bb-44632bcd4ab1.jpg
2025-07-04 14:42:34,653 - app.services.camera_manager - INFO - [webcam1] cv2.imwrite() returned True
2025-07-04 14:42:34,728 - app.services.camera_manager - INFO - [webcam1] — iteration 127, calling cap.read()
2025-07-04 14:42:34,728 - app.services.camera_manager - INFO - [webcam1] — cap.read() returned ret=True
2025-07-04 14:42:34,730 - app.services.camera_manager - INFO - [webcam1] saving to C:\Users\HiDigi\OneDrive\Desktop\WebDev\FacialRecognition\static\images\frame_webcam1_0c4d5e8b-be3a-4895-9d05-4c407a7460d7.jpg
2025-07-04 14:42:34,735 - app.services.camera_manager - INFO - [webcam1] cv2.imwrite() returned True
2025-07-04 14:42:34,803 - app.services.camera_manager - INFO - [webcam1] — iteration 128, calling cap.read()
2025-07-04 14:42:34,803 - app.services.camera_manager - INFO - [webcam1] — cap.read() returned ret=True
2025-07-04 14:42:34,805 - app.services.camera_manager - INFO - [webcam1] saving to C:\Users\HiDigi\OneDrive\Desktop\WebDev\FacialRecognition\static\images\frame_webcam1_6baac963-6e59-41cf-9294-4438999869b4.jpg
2025-07-04 14:42:34,810 - app.services.camera_manager - INFO - [webcam1] cv2.imwrite() returned True
2025-07-04 14:42:34,879 - app.services.camera_manager - INFO - [webcam1] — iteration 129, calling cap.read()
2025-07-04 14:42:34,879 - app.services.camera_manager - INFO - [webcam1] — cap.read() returned ret=True
2025-07-04 14:42:34,880 - app.services.camera_manager - INFO - [webcam1] saving to C:\Users\HiDigi\OneDrive\Desktop\WebDev\FacialRecognition\static\images\frame_webcam1_98ad197a-0bd3-4ba1-a0bc-6d6f50bd3df4.jpg
2025-07-04 14:42:34,886 - app.services.camera_manager - INFO - [webcam1] cv2.imwrite() returned True
2025-07-04 14:42:34,963 - app.services.camera_manager - INFO - [webcam1] — iteration 130, calling cap.read()
2025-07-04 14:42:34,964 - app.services.camera_manager - INFO - [webcam1] — cap.read() returned ret=True
2025-07-04 14:42:34,965 - app.services.camera_manager - INFO - [webcam1] saving to C:\Users\HiDigi\OneDrive\Desktop\WebDev\FacialRecognition\static\images\frame_webcam1_13bc33aa-1904-43a6-aeba-a7fbdeb452af.jpg
2025-07-04 14:42:34,972 - app.services.camera_manager - INFO - [webcam1] cv2.imwrite() returned True
2025-07-04 14:42:35,045 - app.services.camera_manager - INFO - [webcam1] — iteration 131, calling cap.read()
2025-07-04 14:42:35,045 - app.services.camera_manager - INFO - [webcam1] — cap.read() returned ret=True
2025-07-04 14:42:35,046 - app.services.camera_manager - INFO - [webcam1] saving to C:\Users\HiDigi\OneDrive\Desktop\WebDev\FacialRecognition\static\images\frame_webcam1_877b08c1-37ce-46a2-9912-36d821ed98ff.jpg
2025-07-04 14:42:35,052 - app.services.camera_manager - INFO - [webcam1] cv2.imwrite() returned True
2025-07-04 14:42:35,109 - app.services.camera_manager - INFO - [webcam1] — iteration 132, calling cap.read()
2025-07-04 14:42:35,109 - app.services.camera_manager - INFO - [webcam1] — cap.read() returned ret=True
2025-07-04 14:42:35,111 - app.services.camera_manager - INFO - [webcam1] saving to C:\Users\HiDigi\OneDrive\Desktop\WebDev\FacialRecognition\static\images\frame_webcam1_5b19b743-2a44-4fe8-a5b5-7673878b12a0.jpg
2025-07-04 14:42:35,116 - app.services.camera_manager - INFO - [webcam1] cv2.imwrite() returned True
2025-07-04 14:42:35,185 - app.services.camera_manager - INFO - [webcam1] — iteration 133, calling cap.read()
2025-07-04 14:42:35,185 - app.services.camera_manager - INFO - [webcam1] — cap.read() returned ret=True
2025-07-04 14:42:35,186 - app.services.camera_manager - INFO - [webcam1] saving to C:\Users\HiDigi\OneDrive\Desktop\WebDev\FacialRecognition\static\images\frame_webcam1_76995f12-5bb3-4e3a-a26a-5040294e8011.jpg
2025-07-04 14:42:35,193 - app.services.camera_manager - INFO - [webcam1] cv2.imwrite() returned True
2025-07-04 14:42:35,252 - app.services.camera_manager - INFO - [webcam1] — iteration 134, calling cap.read()
2025-07-04 14:42:35,253 - app.services.camera_manager - INFO - [webcam1] — cap.read() returned ret=True
2025-07-04 14:42:35,254 - app.services.camera_manager - INFO - [webcam1] saving to C:\Users\HiDigi\OneDrive\Desktop\WebDev\FacialRecognition\static\images\frame_webcam1_984a415a-aeae-4c5a-8686-fa0b3bcff48a.jpg
2025-07-04 14:42:35,259 - app.services.camera_manager - INFO - [webcam1] cv2.imwrite() returned True
2025-07-04 14:42:35,327 - app.services.camera_manager - INFO - [webcam1] — iteration 135, calling cap.read()
2025-07-04 14:42:35,327 - app.services.camera_manager - INFO - [webcam1] — cap.read() returned ret=True
2025-07-04 14:42:35,328 - app.services.camera_manager - INFO - [webcam1] saving to C:\Users\HiDigi\OneDrive\Desktop\WebDev\FacialRecognition\static\images\frame_webcam1_1d772cdf-599c-4e3d-b14e-1c6ffcdd8640.jpg
2025-07-04 14:42:35,333 - app.services.camera_manager - INFO - [webcam1] cv2.imwrite() returned True
2025-07-04 14:42:35,402 - app.services.camera_manager - INFO - [webcam1] — iteration 136, calling cap.read()
2025-07-04 14:42:35,402 - app.services.camera_manager - INFO - [webcam1] — cap.read() returned ret=True
2025-07-04 14:42:35,403 - app.services.camera_manager - INFO - [webcam1] saving to C:\Users\HiDigi\OneDrive\Desktop\WebDev\FacialRecognition\static\images\frame_webcam1_a99dbdb9-49d2-459e-9571-235a74e9638b.jpg
2025-07-04 14:42:35,409 - app.services.camera_manager - INFO - [webcam1] cv2.imwrite() returned True
2025-07-04 14:42:35,484 - app.services.camera_manager - INFO - [webcam1] — iteration 137, calling cap.read()
2025-07-04 14:42:35,484 - app.services.camera_manager - INFO - [webcam1] — cap.read() returned ret=True
2025-07-04 14:42:35,485 - app.services.camera_manager - INFO - [webcam1] saving to C:\Users\HiDigi\OneDrive\Desktop\WebDev\FacialRecognition\static\images\frame_webcam1_879432a3-09d4-41d9-93f7-d8da08e56523.jpg
2025-07-04 14:42:35,492 - app.services.camera_manager - INFO - [webcam1] cv2.imwrite() returned True
2025-07-04 14:42:35,552 - app.services.camera_manager - INFO - [webcam1] — iteration 138, calling cap.read()
2025-07-04 14:42:35,552 - app.services.camera_manager - INFO - [webcam1] — cap.read() returned ret=True
2025-07-04 14:42:35,553 - app.services.camera_manager - INFO - [webcam1] saving to C:\Users\HiDigi\OneDrive\Desktop\WebDev\FacialRecognition\static\images\frame_webcam1_43ca7851-6a67-4fd4-a963-867ad8c75dfb.jpg
2025-07-04 14:42:35,559 - app.services.camera_manager - INFO - [webcam1] cv2.imwrite() returned True
2025-07-04 14:42:35,626 - app.services.camera_manager - INFO - [webcam1] — iteration 139, calling cap.read()
2025-07-04 14:42:35,626 - app.services.camera_manager - INFO - [webcam1] — cap.read() returned ret=True
2025-07-04 14:42:35,627 - app.services.camera_manager - INFO - [webcam1] saving to C:\Users\HiDigi\OneDrive\Desktop\WebDev\FacialRecognition\static\images\frame_webcam1_84b6fced-2067-4bc3-8ad6-3689f91dfc7c.jpg
2025-07-04 14:42:35,633 - app.services.camera_manager - INFO - [webcam1] cv2.imwrite() returned True
2025-07-04 14:42:35,701 - app.services.camera_manager - INFO - [webcam1] — iteration 140, calling cap.read()
2025-07-04 14:42:35,701 - app.services.camera_manager - INFO - [webcam1] — cap.read() returned ret=True
2025-07-04 14:42:35,702 - app.services.camera_manager - INFO - [webcam1] saving to C:\Users\HiDigi\OneDrive\Desktop\WebDev\FacialRecognition\static\images\frame_webcam1_5e213687-a8cf-4845-ba51-e6dc9f4c6889.jpg
2025-07-04 14:42:35,707 - app.services.camera_manager - INFO - [webcam1] cv2.imwrite() returned True
2025-07-04 14:42:35,768 - app.services.camera_manager - INFO - [webcam1] — iteration 141, calling cap.read()
2025-07-04 14:42:35,769 - app.services.camera_manager - INFO - [webcam1] — cap.read() returned ret=True
2025-07-04 14:42:35,770 - app.services.camera_manager - INFO - [webcam1] saving to C:\Users\HiDigi\OneDrive\Desktop\WebDev\FacialRecognition\static\images\frame_webcam1_c404877c-4b9d-4384-b0af-d62c4d5b36a2.jpg
2025-07-04 14:42:35,776 - app.services.camera_manager - INFO - [webcam1] cv2.imwrite() returned True
2025-07-04 14:42:35,844 - app.services.camera_manager - INFO - [webcam1] — iteration 142, calling cap.read()
2025-07-04 14:42:35,844 - app.services.camera_manager - INFO - [webcam1] — cap.read() returned ret=True
2025-07-04 14:42:35,845 - app.services.camera_manager - INFO - [webcam1] saving to C:\Users\HiDigi\OneDrive\Desktop\WebDev\FacialRecognition\static\images\frame_webcam1_27de4e4a-cf71-4228-adcf-e2f1740fee9e.jpg
2025-07-04 14:42:35,851 - app.services.camera_manager - INFO - [webcam1] cv2.imwrite() returned True
2025-07-04 14:42:35,919 - app.services.camera_manager - INFO - [webcam1] — iteration 143, calling cap.read()
2025-07-04 14:42:35,920 - app.services.camera_manager - INFO - [webcam1] — cap.read() returned ret=True
2025-07-04 14:42:35,922 - app.services.camera_manager - INFO - [webcam1] saving to C:\Users\HiDigi\OneDrive\Desktop\WebDev\FacialRecognition\static\images\frame_webcam1_0a1b764a-10c3-4fde-b05a-09435caf2a12.jpg
2025-07-04 14:42:35,932 - app.services.camera_manager - INFO - [webcam1] cv2.imwrite() returned True
2025-07-04 14:42:35,993 - app.services.camera_manager - INFO - [webcam1] — iteration 144, calling cap.read()
2025-07-04 14:42:35,994 - app.services.camera_manager - INFO - [webcam1] — cap.read() returned ret=True
2025-07-04 14:42:35,995 - app.services.camera_manager - INFO - [webcam1] saving to C:\Users\HiDigi\OneDrive\Desktop\WebDev\FacialRecognition\static\images\frame_webcam1_e8c7b9f7-fb6d-4aab-8f3d-575a6c8dada6.jpg
2025-07-04 14:42:36,006 - app.services.camera_manager - INFO - [webcam1] cv2.imwrite() returned True
2025-07-04 14:42:36,060 - app.services.camera_manager - INFO - [webcam1] — iteration 145, calling cap.read()
2025-07-04 14:42:36,061 - app.services.camera_manager - INFO - [webcam1] — cap.read() returned ret=True
2025-07-04 14:42:36,063 - app.services.camera_manager - INFO - [webcam1] saving to C:\Users\HiDigi\OneDrive\Desktop\WebDev\FacialRecognition\static\images\frame_webcam1_d0d2907f-3187-45d3-a557-c2931135d4c7.jpg
2025-07-04 14:42:36,075 - app.services.camera_manager - INFO - [webcam1] cv2.imwrite() returned True
2025-07-04 14:42:36,144 - app.services.camera_manager - INFO - [webcam1] — iteration 146, calling cap.read()
2025-07-04 14:42:36,144 - app.services.camera_manager - INFO - [webcam1] — cap.read() returned ret=True
2025-07-04 14:42:36,146 - app.services.camera_manager - INFO - [webcam1] saving to C:\Users\HiDigi\OneDrive\Desktop\WebDev\FacialRecognition\static\images\frame_webcam1_2c29f2fb-a841-4d55-a2a5-6f3e367a7895.jpg
2025-07-04 14:42:36,154 - app.services.camera_manager - INFO - [webcam1] cv2.imwrite() returned True
2025-07-04 14:42:36,232 - app.services.camera_manager - INFO - [webcam1] — iteration 147, calling cap.read()
2025-07-04 14:42:36,232 - app.services.camera_manager - INFO - [webcam1] — cap.read() returned ret=True
2025-07-04 14:42:36,234 - app.services.camera_manager - INFO - [webcam1] saving to C:\Users\HiDigi\OneDrive\Desktop\WebDev\FacialRecognition\static\images\frame_webcam1_1fe2311e-2fe4-4962-b729-1c85269ad329.jpg
2025-07-04 14:42:36,241 - app.services.camera_manager - INFO - [webcam1] cv2.imwrite() returned True
2025-07-04 14:42:36,299 - app.services.camera_manager - INFO - [webcam1] — iteration 148, calling cap.read()
2025-07-04 14:42:36,299 - app.services.camera_manager - INFO - [webcam1] — cap.read() returned ret=True
2025-07-04 14:42:36,300 - app.services.camera_manager - INFO - [webcam1] saving to C:\Users\HiDigi\OneDrive\Desktop\WebDev\FacialRecognition\static\images\frame_webcam1_770acc0d-094e-4a78-a4d0-378f0165abe2.jpg
2025-07-04 14:42:36,306 - app.services.camera_manager - INFO - [webcam1] cv2.imwrite() returned True
2025-07-04 14:42:36,374 - app.services.camera_manager - INFO - [webcam1] — iteration 149, calling cap.read()
2025-07-04 14:42:36,374 - app.services.camera_manager - INFO - [webcam1] — cap.read() returned ret=True
2025-07-04 14:42:36,375 - app.services.camera_manager - INFO - [webcam1] saving to C:\Users\HiDigi\OneDrive\Desktop\WebDev\FacialRecognition\static\images\frame_webcam1_9e6833b8-61a5-4bb5-95be-672aed051c85.jpg
2025-07-04 14:42:36,381 - app.services.camera_manager - INFO - [webcam1] cv2.imwrite() returned True
2025-07-04 14:42:36,448 - app.services.camera_manager - INFO - [webcam1] — iteration 150, calling cap.read()
2025-07-04 14:42:36,448 - app.services.camera_manager - INFO - [webcam1] — cap.read() returned ret=True
2025-07-04 14:42:36,449 - app.services.camera_manager - INFO - [webcam1] saving to C:\Users\HiDigi\OneDrive\Desktop\WebDev\FacialRecognition\static\images\frame_webcam1_47115a30-f356-4b35-be1b-3131b89f6238.jpg
2025-07-04 14:42:36,455 - app.services.camera_manager - INFO - [webcam1] cv2.imwrite() returned True
2025-07-04 14:42:36,529 - app.services.camera_manager - INFO - [webcam1] — iteration 151, calling cap.read()
2025-07-04 14:42:36,529 - app.services.camera_manager - INFO - [webcam1] — cap.read() returned ret=True
2025-07-04 14:42:36,530 - app.services.camera_manager - INFO - [webcam1] saving to C:\Users\HiDigi\OneDrive\Desktop\WebDev\FacialRecognition\static\images\frame_webcam1_29f18b3d-c945-42d2-9525-a7199b7722bc.jpg
2025-07-04 14:42:36,535 - app.services.camera_manager - INFO - [webcam1] cv2.imwrite() returned True
2025-07-04 14:42:36,595 - app.services.camera_manager - INFO - [webcam1] — iteration 152, calling cap.read()
2025-07-04 14:42:36,595 - app.services.camera_manager - INFO - [webcam1] — cap.read() returned ret=True
2025-07-04 14:42:36,596 - app.services.camera_manager - INFO - [webcam1] saving to C:\Users\HiDigi\OneDrive\Desktop\WebDev\FacialRecognition\static\images\frame_webcam1_7347ba08-17e3-47b3-903b-1251da9663a1.jpg
2025-07-04 14:42:36,602 - app.services.camera_manager - INFO - [webcam1] cv2.imwrite() returned True
2025-07-04 14:42:36,670 - app.services.camera_manager - INFO - [webcam1] — iteration 153, calling cap.read()
2025-07-04 14:42:36,670 - app.services.camera_manager - INFO - [webcam1] — cap.read() returned ret=True
2025-07-04 14:42:36,671 - app.services.camera_manager - INFO - [webcam1] saving to C:\Users\HiDigi\OneDrive\Desktop\WebDev\FacialRecognition\static\images\frame_webcam1_914df672-e6bd-4438-9d5a-bd670ac9ab03.jpg
2025-07-04 14:42:36,678 - app.services.camera_manager - INFO - [webcam1] cv2.imwrite() returned True
2025-07-04 14:42:36,746 - app.services.camera_manager - INFO - [webcam1] — iteration 154, calling cap.read()
2025-07-04 14:42:36,746 - app.services.camera_manager - INFO - [webcam1] — cap.read() returned ret=True
2025-07-04 14:42:36,747 - app.services.camera_manager - INFO - [webcam1] saving to C:\Users\HiDigi\OneDrive\Desktop\WebDev\FacialRecognition\static\images\frame_webcam1_df835b79-1477-43b6-84af-a4562380979f.jpg
2025-07-04 14:42:36,752 - app.services.camera_manager - INFO - [webcam1] cv2.imwrite() returned True
2025-07-04 14:42:36,826 - app.services.camera_manager - INFO - [webcam1] — iteration 155, calling cap.read()
2025-07-04 14:42:36,827 - app.services.camera_manager - INFO - [webcam1] — cap.read() returned ret=True
2025-07-04 14:42:36,828 - app.services.camera_manager - INFO - [webcam1] saving to C:\Users\HiDigi\OneDrive\Desktop\WebDev\FacialRecognition\static\images\frame_webcam1_a5ee9dd7-4c29-4206-8cfa-e869e5a69a38.jpg
2025-07-04 14:42:36,834 - app.services.camera_manager - INFO - [webcam1] cv2.imwrite() returned True
2025-07-04 14:42:36,893 - app.services.camera_manager - INFO - [webcam1] — iteration 156, calling cap.read()
2025-07-04 14:42:36,893 - app.services.camera_manager - INFO - [webcam1] — cap.read() returned ret=True
2025-07-04 14:42:36,894 - app.services.camera_manager - INFO - [webcam1] saving to C:\Users\HiDigi\OneDrive\Desktop\WebDev\FacialRecognition\static\images\frame_webcam1_f7d77745-3ffd-430f-9fe5-144d6e245566.jpg
2025-07-04 14:42:36,900 - app.services.camera_manager - INFO - [webcam1] cv2.imwrite() returned True
2025-07-04 14:42:36,968 - app.services.camera_manager - INFO - [webcam1] — iteration 157, calling cap.read()
2025-07-04 14:42:36,969 - app.services.camera_manager - INFO - [webcam1] — cap.read() returned ret=True
2025-07-04 14:42:36,970 - app.services.camera_manager - INFO - [webcam1] saving to C:\Users\HiDigi\OneDrive\Desktop\WebDev\FacialRecognition\static\images\frame_webcam1_e2354fed-3a9b-4be6-88ac-b7db6f13738a.jpg
2025-07-04 14:42:36,976 - app.services.camera_manager - INFO - [webcam1] cv2.imwrite() returned True
2025-07-04 14:42:37,044 - app.services.camera_manager - INFO - [webcam1] — iteration 158, calling cap.read()
2025-07-04 14:42:37,044 - app.services.camera_manager - INFO - [webcam1] — cap.read() returned ret=True
2025-07-04 14:42:37,045 - app.services.camera_manager - INFO - [webcam1] saving to C:\Users\HiDigi\OneDrive\Desktop\WebDev\FacialRecognition\static\images\frame_webcam1_3e8a1786-4973-401d-a2bf-60952aba6f82.jpg
2025-07-04 14:42:37,051 - app.services.camera_manager - INFO - [webcam1] cv2.imwrite() returned True
2025-07-04 14:42:37,126 - app.services.camera_manager - INFO - [webcam1] — iteration 159, calling cap.read()
2025-07-04 14:42:37,126 - app.services.camera_manager - INFO - [webcam1] — cap.read() returned ret=True
2025-07-04 14:42:37,127 - app.services.camera_manager - INFO - [webcam1] saving to C:\Users\HiDigi\OneDrive\Desktop\WebDev\FacialRecognition\static\images\frame_webcam1_c4e6d210-68fc-4da4-99b1-e59a118378e5.jpg
2025-07-04 14:42:37,134 - app.services.camera_manager - INFO - [webcam1] cv2.imwrite() returned True
2025-07-04 14:42:37,194 - app.services.camera_manager - INFO - [webcam1] — iteration 160, calling cap.read()
2025-07-04 14:42:37,194 - app.services.camera_manager - INFO - [webcam1] — cap.read() returned ret=True
2025-07-04 14:42:37,196 - app.services.camera_manager - INFO - [webcam1] saving to C:\Users\HiDigi\OneDrive\Desktop\WebDev\FacialRecognition\static\images\frame_webcam1_b09c1ba6-d4d2-4778-bcf7-9c0379738a9b.jpg
2025-07-04 14:42:37,202 - app.services.camera_manager - INFO - [webcam1] cv2.imwrite() returned True
2025-07-04 14:42:37,270 - app.services.camera_manager - INFO - [webcam1] — iteration 161, calling cap.read()
2025-07-04 14:42:37,270 - app.services.camera_manager - INFO - [webcam1] — cap.read() returned ret=True
2025-07-04 14:42:37,271 - app.services.camera_manager - INFO - [webcam1] saving to C:\Users\HiDigi\OneDrive\Desktop\WebDev\FacialRecognition\static\images\frame_webcam1_8853d435-50f7-41bf-bc1d-dcba8aa56a41.jpg
2025-07-04 14:42:37,278 - app.services.camera_manager - INFO - [webcam1] cv2.imwrite() returned True
2025-07-04 14:42:37,345 - app.services.camera_manager - INFO - [webcam1] — iteration 162, calling cap.read()
2025-07-04 14:42:37,345 - app.services.camera_manager - INFO - [webcam1] — cap.read() returned ret=True
2025-07-04 14:42:37,346 - app.services.camera_manager - INFO - [webcam1] saving to C:\Users\HiDigi\OneDrive\Desktop\WebDev\FacialRecognition\static\images\frame_webcam1_8801ea53-1ba1-48f1-aa5f-b0af674143f3.jpg
2025-07-04 14:42:37,351 - app.services.camera_manager - INFO - [webcam1] cv2.imwrite() returned True
2025-07-04 14:42:37,410 - app.services.camera_manager - INFO - [webcam1] — iteration 163, calling cap.read()
2025-07-04 14:42:37,410 - app.services.camera_manager - INFO - [webcam1] — cap.read() returned ret=True
2025-07-04 14:42:37,411 - app.services.camera_manager - INFO - [webcam1] saving to C:\Users\HiDigi\OneDrive\Desktop\WebDev\FacialRecognition\static\images\frame_webcam1_b4b94216-4a42-4eb8-99e0-f4033b401e40.jpg
2025-07-04 14:42:37,417 - app.services.camera_manager - INFO - [webcam1] cv2.imwrite() returned True
2025-07-04 14:42:37,485 - app.services.camera_manager - INFO - [webcam1] — iteration 164, calling cap.read()
2025-07-04 14:42:37,486 - app.services.camera_manager - INFO - [webcam1] — cap.read() returned ret=True
2025-07-04 14:42:37,487 - app.services.camera_manager - INFO - [webcam1] saving to C:\Users\HiDigi\OneDrive\Desktop\WebDev\FacialRecognition\static\images\frame_webcam1_3ebca176-c8e9-4df2-9566-9e3b783ab9b1.jpg
2025-07-04 14:42:37,492 - app.services.camera_manager - INFO - [webcam1] cv2.imwrite() returned True
2025-07-04 14:42:37,559 - app.services.camera_manager - INFO - [webcam1] — iteration 165, calling cap.read()
2025-07-04 14:42:37,559 - app.services.camera_manager - INFO - [webcam1] — cap.read() returned ret=True
2025-07-04 14:42:37,560 - app.services.camera_manager - INFO - [webcam1] saving to C:\Users\HiDigi\OneDrive\Desktop\WebDev\FacialRecognition\static\images\frame_webcam1_68934483-f3b2-4ac8-b7ea-7033cbefef68.jpg
2025-07-04 14:42:37,566 - app.services.camera_manager - INFO - [webcam1] cv2.imwrite() returned True
2025-07-04 14:42:37,642 - app.services.camera_manager - INFO - [webcam1] — iteration 166, calling cap.read()
2025-07-04 14:42:37,642 - app.services.camera_manager - INFO - [webcam1] — cap.read() returned ret=True
2025-07-04 14:42:37,643 - app.services.camera_manager - INFO - [webcam1] saving to C:\Users\HiDigi\OneDrive\Desktop\WebDev\FacialRecognition\static\images\frame_webcam1_3d4e765f-e707-48ba-9fc9-123bcb37d5f1.jpg
2025-07-04 14:42:37,648 - app.services.camera_manager - INFO - [webcam1] cv2.imwrite() returned True
2025-07-04 14:42:37,708 - app.services.camera_manager - INFO - [webcam1] — iteration 167, calling cap.read()
2025-07-04 14:42:37,708 - app.services.camera_manager - INFO - [webcam1] — cap.read() returned ret=True
2025-07-04 14:42:37,709 - app.services.camera_manager - INFO - [webcam1] saving to C:\Users\HiDigi\OneDrive\Desktop\WebDev\FacialRecognition\static\images\frame_webcam1_1160780c-676d-4645-b497-1c0fa54d3884.jpg
2025-07-04 14:42:37,715 - app.services.camera_manager - INFO - [webcam1] cv2.imwrite() returned True
2025-07-04 14:42:37,783 - app.services.camera_manager - INFO - [webcam1] — iteration 168, calling cap.read()
2025-07-04 14:42:37,783 - app.services.camera_manager - INFO - [webcam1] — cap.read() returned ret=True
2025-07-04 14:42:37,784 - app.services.camera_manager - INFO - [webcam1] saving to C:\Users\HiDigi\OneDrive\Desktop\WebDev\FacialRecognition\static\images\frame_webcam1_17554e53-41e7-419c-9ae1-e96e9b3e1af7.jpg
2025-07-04 14:42:37,789 - app.services.camera_manager - INFO - [webcam1] cv2.imwrite() returned True
2025-07-04 14:42:37,858 - app.services.camera_manager - INFO - [webcam1] — iteration 169, calling cap.read()
2025-07-04 14:42:37,858 - app.services.camera_manager - INFO - [webcam1] — cap.read() returned ret=True
2025-07-04 14:42:37,859 - app.services.camera_manager - INFO - [webcam1] saving to C:\Users\HiDigi\OneDrive\Desktop\WebDev\FacialRecognition\static\images\frame_webcam1_67b7ca52-3c55-4ced-8493-6973ccc182e9.jpg
2025-07-04 14:42:37,866 - app.services.camera_manager - INFO - [webcam1] cv2.imwrite() returned True
2025-07-04 14:42:37,923 - app.services.camera_manager - INFO - [webcam1] — iteration 170, calling cap.read()
2025-07-04 14:42:37,923 - app.services.camera_manager - INFO - [webcam1] — cap.read() returned ret=True
2025-07-04 14:42:37,924 - app.services.camera_manager - INFO - [webcam1] saving to C:\Users\HiDigi\OneDrive\Desktop\WebDev\FacialRecognition\static\images\frame_webcam1_b89a1b37-7059-4dc8-9735-1497a1445f24.jpg
2025-07-04 14:42:37,929 - app.services.camera_manager - INFO - [webcam1] cv2.imwrite() returned True
2025-07-04 14:42:37,999 - app.services.camera_manager - INFO - [webcam1] — iteration 171, calling cap.read()
2025-07-04 14:42:37,999 - app.services.camera_manager - INFO - [webcam1] — cap.read() returned ret=True
2025-07-04 14:42:38,000 - app.services.camera_manager - INFO - [webcam1] saving to C:\Users\HiDigi\OneDrive\Desktop\WebDev\FacialRecognition\static\images\frame_webcam1_4303b300-bd5d-4622-9a84-32bcfe630c9d.jpg
2025-07-04 14:42:38,006 - app.services.camera_manager - INFO - [webcam1] cv2.imwrite() returned True
2025-07-04 14:42:38,073 - app.services.camera_manager - INFO - [webcam1] — iteration 172, calling cap.read()
2025-07-04 14:42:38,073 - app.services.camera_manager - INFO - [webcam1] — cap.read() returned ret=True
2025-07-04 14:42:38,074 - app.services.camera_manager - INFO - [webcam1] saving to C:\Users\HiDigi\OneDrive\Desktop\WebDev\FacialRecognition\static\images\frame_webcam1_962a29ee-26da-408e-972b-80a88722e5e7.jpg
2025-07-04 14:42:38,081 - app.services.camera_manager - INFO - [webcam1] cv2.imwrite() returned True
2025-07-04 14:42:38,155 - app.services.camera_manager - INFO - [webcam1] — iteration 173, calling cap.read()
2025-07-04 14:42:38,155 - app.services.camera_manager - INFO - [webcam1] — cap.read() returned ret=True
2025-07-04 14:42:38,156 - app.services.camera_manager - INFO - [webcam1] saving to C:\Users\HiDigi\OneDrive\Desktop\WebDev\FacialRecognition\static\images\frame_webcam1_5b9a622f-8cb1-4547-b619-0ee174a60693.jpg
2025-07-04 14:42:38,162 - app.services.camera_manager - INFO - [webcam1] cv2.imwrite() returned True
2025-07-04 14:42:38,222 - app.services.camera_manager - INFO - [webcam1] — iteration 174, calling cap.read()
2025-07-04 14:42:38,222 - app.services.camera_manager - INFO - [webcam1] — cap.read() returned ret=True
2025-07-04 14:42:38,223 - app.services.camera_manager - INFO - [webcam1] saving to C:\Users\HiDigi\OneDrive\Desktop\WebDev\FacialRecognition\static\images\frame_webcam1_db684fef-7584-4470-a224-ade937e1d1c6.jpg
2025-07-04 14:42:38,229 - app.services.camera_manager - INFO - [webcam1] cv2.imwrite() returned True
2025-07-04 14:42:38,298 - app.services.camera_manager - INFO - [webcam1] — iteration 175, calling cap.read()
2025-07-04 14:42:38,299 - app.services.camera_manager - INFO - [webcam1] — cap.read() returned ret=True
2025-07-04 14:42:38,299 - app.services.camera_manager - INFO - [webcam1] saving to C:\Users\HiDigi\OneDrive\Desktop\WebDev\FacialRecognition\static\images\frame_webcam1_2c788235-3dac-4fd9-9871-b02fdac179f8.jpg
2025-07-04 14:42:38,305 - app.services.camera_manager - INFO - [webcam1] cv2.imwrite() returned True
2025-07-04 14:42:38,373 - app.services.camera_manager - INFO - [webcam1] — iteration 176, calling cap.read()
2025-07-04 14:42:38,373 - app.services.camera_manager - INFO - [webcam1] — cap.read() returned ret=True
2025-07-04 14:42:38,374 - app.services.camera_manager - INFO - [webcam1] saving to C:\Users\HiDigi\OneDrive\Desktop\WebDev\FacialRecognition\static\images\frame_webcam1_4525b418-07a0-4898-a05e-1b400a9dbef9.jpg
2025-07-04 14:42:38,380 - app.services.camera_manager - INFO - [webcam1] cv2.imwrite() returned True
2025-07-04 14:42:38,440 - app.services.camera_manager - INFO - [webcam1] — iteration 177, calling cap.read()
2025-07-04 14:42:38,440 - app.services.camera_manager - INFO - [webcam1] — cap.read() returned ret=True
2025-07-04 14:42:38,441 - app.services.camera_manager - INFO - [webcam1] saving to C:\Users\HiDigi\OneDrive\Desktop\WebDev\FacialRecognition\static\images\frame_webcam1_87709ace-81e3-4211-85fe-c34c7859b4b5.jpg
2025-07-04 14:42:38,446 - app.services.camera_manager - INFO - [webcam1] cv2.imwrite() returned True
2025-07-04 14:42:38,514 - app.services.camera_manager - INFO - [webcam1] — iteration 178, calling cap.read()
2025-07-04 14:42:38,514 - app.services.camera_manager - INFO - [webcam1] — cap.read() returned ret=True
2025-07-04 14:42:38,515 - app.services.camera_manager - INFO - [webcam1] saving to C:\Users\HiDigi\OneDrive\Desktop\WebDev\FacialRecognition\static\images\frame_webcam1_ad86d3bc-d437-4ca1-9374-6191da884c8f.jpg
2025-07-04 14:42:38,520 - app.services.camera_manager - INFO - [webcam1] cv2.imwrite() returned True
2025-07-04 14:42:38,589 - app.services.camera_manager - INFO - [webcam1] — iteration 179, calling cap.read()
2025-07-04 14:42:38,589 - app.services.camera_manager - INFO - [webcam1] — cap.read() returned ret=True
2025-07-04 14:42:38,590 - app.services.camera_manager - INFO - [webcam1] saving to C:\Users\HiDigi\OneDrive\Desktop\WebDev\FacialRecognition\static\images\frame_webcam1_cda9c3c8-2744-4ca2-97ff-798fc6c1f9c8.jpg
2025-07-04 14:42:38,595 - app.services.camera_manager - INFO - [webcam1] cv2.imwrite() returned True
2025-07-04 14:42:38,671 - app.services.camera_manager - INFO - [webcam1] — iteration 180, calling cap.read()
2025-07-04 14:42:38,671 - app.services.camera_manager - INFO - [webcam1] — cap.read() returned ret=True
2025-07-04 14:42:38,672 - app.services.camera_manager - INFO - [webcam1] saving to C:\Users\HiDigi\OneDrive\Desktop\WebDev\FacialRecognition\static\images\frame_webcam1_6148ed6d-784f-4a8f-aa17-8270af5851a2.jpg
2025-07-04 14:42:38,678 - app.services.camera_manager - INFO - [webcam1] cv2.imwrite() returned True
2025-07-04 14:42:38,737 - app.services.camera_manager - INFO - [webcam1] — iteration 181, calling cap.read()
2025-07-04 14:42:38,737 - app.services.camera_manager - INFO - [webcam1] — cap.read() returned ret=True
2025-07-04 14:42:38,738 - app.services.camera_manager - INFO - [webcam1] saving to C:\Users\HiDigi\OneDrive\Desktop\WebDev\FacialRecognition\static\images\frame_webcam1_ed48f588-30c6-4d9c-ae3b-3240f632c4f2.jpg
2025-07-04 14:42:38,744 - app.services.camera_manager - INFO - [webcam1] cv2.imwrite() returned True
2025-07-04 14:42:38,811 - app.services.camera_manager - INFO - [webcam1] — iteration 182, calling cap.read()
2025-07-04 14:42:38,811 - app.services.camera_manager - INFO - [webcam1] — cap.read() returned ret=True
2025-07-04 14:42:38,813 - app.services.camera_manager - INFO - [webcam1] saving to C:\Users\HiDigi\OneDrive\Desktop\WebDev\FacialRecognition\static\images\frame_webcam1_1a05cdc8-30d6-4a27-b045-b70e9a16a4b9.jpg
2025-07-04 14:42:38,818 - app.services.camera_manager - INFO - [webcam1] cv2.imwrite() returned True
2025-07-04 14:42:38,885 - app.services.camera_manager - INFO - [webcam1] — iteration 183, calling cap.read()
2025-07-04 14:42:38,885 - app.services.camera_manager - INFO - [webcam1] — cap.read() returned ret=True
2025-07-04 14:42:38,886 - app.services.camera_manager - INFO - [webcam1] saving to C:\Users\HiDigi\OneDrive\Desktop\WebDev\FacialRecognition\static\images\frame_webcam1_673ad561-e0ed-44c4-aba9-810c520e8d6a.jpg
2025-07-04 14:42:38,892 - app.services.camera_manager - INFO - [webcam1] cv2.imwrite() returned True
2025-07-04 14:42:38,968 - app.services.camera_manager - INFO - [webcam1] — iteration 184, calling cap.read()
2025-07-04 14:42:38,968 - app.services.camera_manager - INFO - [webcam1] — cap.read() returned ret=True
2025-07-04 14:42:38,969 - app.services.camera_manager - INFO - [webcam1] saving to C:\Users\HiDigi\OneDrive\Desktop\WebDev\FacialRecognition\static\images\frame_webcam1_ce25c86b-dbce-48ca-84e6-f486c3c42103.jpg
2025-07-04 14:42:38,975 - app.services.camera_manager - INFO - [webcam1] cv2.imwrite() returned True
2025-07-04 14:42:39,035 - app.services.camera_manager - INFO - [webcam1] — iteration 185, calling cap.read()
2025-07-04 14:42:39,035 - app.services.camera_manager - INFO - [webcam1] — cap.read() returned ret=True
2025-07-04 14:42:39,036 - app.services.camera_manager - INFO - [webcam1] saving to C:\Users\HiDigi\OneDrive\Desktop\WebDev\FacialRecognition\static\images\frame_webcam1_c1772ddc-bdc8-41d3-b555-804f5d87b5b9.jpg
2025-07-04 14:42:39,041 - app.services.camera_manager - INFO - [webcam1] cv2.imwrite() returned True
2025-07-04 14:42:39,110 - app.services.camera_manager - INFO - [webcam1] — iteration 186, calling cap.read()
2025-07-04 14:42:39,110 - app.services.camera_manager - INFO - [webcam1] — cap.read() returned ret=True
2025-07-04 14:42:39,111 - app.services.camera_manager - INFO - [webcam1] saving to C:\Users\HiDigi\OneDrive\Desktop\WebDev\FacialRecognition\static\images\frame_webcam1_519f42f9-b8a0-431a-8e95-2138dc6fa9e8.jpg
2025-07-04 14:42:39,117 - app.services.camera_manager - INFO - [webcam1] cv2.imwrite() returned True
2025-07-04 14:42:39,184 - app.services.camera_manager - INFO - [webcam1] — iteration 187, calling cap.read()
2025-07-04 14:42:39,184 - app.services.camera_manager - INFO - [webcam1] — cap.read() returned ret=True
2025-07-04 14:42:39,185 - app.services.camera_manager - INFO - [webcam1] saving to C:\Users\HiDigi\OneDrive\Desktop\WebDev\FacialRecognition\static\images\frame_webcam1_cfda1f0f-fc40-42cf-b764-6449fa5208fe.jpg
2025-07-04 14:42:39,191 - app.services.camera_manager - INFO - [webcam1] cv2.imwrite() returned True
2025-07-04 14:42:39,266 - app.services.camera_manager - INFO - [webcam1] — iteration 188, calling cap.read()
2025-07-04 14:42:39,266 - app.services.camera_manager - INFO - [webcam1] — cap.read() returned ret=True
2025-07-04 14:42:39,267 - app.services.camera_manager - INFO - [webcam1] saving to C:\Users\HiDigi\OneDrive\Desktop\WebDev\FacialRecognition\static\images\frame_webcam1_50713d81-a1c1-44de-b507-7826298f1cae.jpg
2025-07-04 14:42:39,281 - app.services.camera_manager - INFO - [webcam1] cv2.imwrite() returned True
2025-07-04 14:42:39,357 - app.services.camera_manager - INFO - [webcam1] — iteration 189, calling cap.read()
2025-07-04 14:42:39,357 - app.services.camera_manager - INFO - [webcam1] — cap.read() returned ret=True
2025-07-04 14:42:39,358 - app.services.camera_manager - INFO - [webcam1] saving to C:\Users\HiDigi\OneDrive\Desktop\WebDev\FacialRecognition\static\images\frame_webcam1_40f13b50-03bd-4fcb-bb49-906bb5f4224a.jpg
2025-07-04 14:42:39,364 - app.services.camera_manager - INFO - [webcam1] cv2.imwrite() returned True
2025-07-04 14:42:39,424 - app.services.camera_manager - INFO - [webcam1] — iteration 190, calling cap.read()
2025-07-04 14:42:39,424 - app.services.camera_manager - INFO - [webcam1] — cap.read() returned ret=True
2025-07-04 14:42:39,425 - app.services.camera_manager - INFO - [webcam1] saving to C:\Users\HiDigi\OneDrive\Desktop\WebDev\FacialRecognition\static\images\frame_webcam1_6e43f5a9-4ce5-451f-8e30-d9463080ca86.jpg
2025-07-04 14:42:39,431 - app.services.camera_manager - INFO - [webcam1] cv2.imwrite() returned True
2025-07-04 14:42:39,498 - app.services.camera_manager - INFO - [webcam1] — iteration 191, calling cap.read()
2025-07-04 14:42:39,498 - app.services.camera_manager - INFO - [webcam1] — cap.read() returned ret=True
2025-07-04 14:42:39,499 - app.services.camera_manager - INFO - [webcam1] saving to C:\Users\HiDigi\OneDrive\Desktop\WebDev\FacialRecognition\static\images\frame_webcam1_f76f91f1-cc38-47f3-b60c-7d8bb76a228e.jpg
2025-07-04 14:42:39,505 - app.services.camera_manager - INFO - [webcam1] cv2.imwrite() returned True
2025-07-04 14:42:39,573 - app.services.camera_manager - INFO - [webcam1] — iteration 192, calling cap.read()
2025-07-04 14:42:39,573 - app.services.camera_manager - INFO - [webcam1] — cap.read() returned ret=True
2025-07-04 14:42:39,575 - app.services.camera_manager - INFO - [webcam1] saving to C:\Users\HiDigi\OneDrive\Desktop\WebDev\FacialRecognition\static\images\frame_webcam1_89c5ffac-7680-4bc6-84df-95e76e251f6b.jpg
2025-07-04 14:42:39,582 - app.services.camera_manager - INFO - [webcam1] cv2.imwrite() returned True
2025-07-04 14:42:39,643 - app.services.camera_manager - INFO - [webcam1] — iteration 193, calling cap.read()
2025-07-04 14:42:39,643 - app.services.camera_manager - INFO - [webcam1] — cap.read() returned ret=True
2025-07-04 14:42:39,644 - app.services.camera_manager - INFO - [webcam1] saving to C:\Users\HiDigi\OneDrive\Desktop\WebDev\FacialRecognition\static\images\frame_webcam1_2d6327e3-45e8-4446-afe2-75109a21bc74.jpg
2025-07-04 14:42:39,651 - app.services.camera_manager - INFO - [webcam1] cv2.imwrite() returned True
2025-07-04 14:42:39,719 - app.services.camera_manager - INFO - [webcam1] — iteration 194, calling cap.read()
2025-07-04 14:42:39,719 - app.services.camera_manager - INFO - [webcam1] — cap.read() returned ret=True
2025-07-04 14:42:39,720 - app.services.camera_manager - INFO - [webcam1] saving to C:\Users\HiDigi\OneDrive\Desktop\WebDev\FacialRecognition\static\images\frame_webcam1_7fb5787b-3b37-4458-9aac-bbc404eaff33.jpg
2025-07-04 14:42:39,727 - app.services.camera_manager - INFO - [webcam1] cv2.imwrite() returned True
2025-07-04 14:42:39,795 - app.services.camera_manager - INFO - [webcam1] — iteration 195, calling cap.read()
2025-07-04 14:42:39,795 - app.services.camera_manager - INFO - [webcam1] — cap.read() returned ret=True
2025-07-04 14:42:39,796 - app.services.camera_manager - INFO - [webcam1] saving to C:\Users\HiDigi\OneDrive\Desktop\WebDev\FacialRecognition\static\images\frame_webcam1_dd0b468c-62c8-41ab-a486-dbad49bde374.jpg
2025-07-04 14:42:39,802 - app.services.camera_manager - INFO - [webcam1] cv2.imwrite() returned True
2025-07-04 14:42:39,862 - app.services.camera_manager - INFO - [webcam1] — iteration 196, calling cap.read()
2025-07-04 14:42:39,862 - app.services.camera_manager - INFO - [webcam1] — cap.read() returned ret=True
2025-07-04 14:42:39,863 - app.services.camera_manager - INFO - [webcam1] saving to C:\Users\HiDigi\OneDrive\Desktop\WebDev\FacialRecognition\static\images\frame_webcam1_6a1c52c7-dd60-43d2-96cc-15866e78b63d.jpg
2025-07-04 14:42:39,869 - app.services.camera_manager - INFO - [webcam1] cv2.imwrite() returned True
2025-07-04 14:42:39,936 - app.services.camera_manager - INFO - [webcam1] — iteration 197, calling cap.read()
2025-07-04 14:42:39,936 - app.services.camera_manager - INFO - [webcam1] — cap.read() returned ret=True
2025-07-04 14:42:39,937 - app.services.camera_manager - INFO - [webcam1] saving to C:\Users\HiDigi\OneDrive\Desktop\WebDev\FacialRecognition\static\images\frame_webcam1_24d43467-f382-4a29-b6b3-125cdbf87ff8.jpg
2025-07-04 14:42:39,944 - app.services.camera_manager - INFO - [webcam1] cv2.imwrite() returned True
2025-07-04 14:42:40,011 - app.services.camera_manager - INFO - [webcam1] — iteration 198, calling cap.read()
2025-07-04 14:42:40,012 - app.services.camera_manager - INFO - [webcam1] — cap.read() returned ret=True
2025-07-04 14:42:40,013 - app.services.camera_manager - INFO - [webcam1] saving to C:\Users\HiDigi\OneDrive\Desktop\WebDev\FacialRecognition\static\images\frame_webcam1_eb1084a5-aa41-41af-b0c0-8acb0fe6548e.jpg
2025-07-04 14:42:40,018 - app.services.camera_manager - INFO - [webcam1] cv2.imwrite() returned True
2025-07-04 14:42:40,095 - app.services.camera_manager - INFO - [webcam1] — iteration 199, calling cap.read()
2025-07-04 14:42:40,096 - app.services.camera_manager - INFO - [webcam1] — cap.read() returned ret=True
2025-07-04 14:42:40,097 - app.services.camera_manager - INFO - [webcam1] saving to C:\Users\HiDigi\OneDrive\Desktop\WebDev\FacialRecognition\static\images\frame_webcam1_80cc2fc4-3bb2-424a-9d65-8bc2abf3aac0.jpg
2025-07-04 14:42:40,102 - app.services.camera_manager - INFO - [webcam1] cv2.imwrite() returned True
2025-07-04 14:42:40,160 - app.services.camera_manager - INFO - [webcam1] — iteration 200, calling cap.read()
2025-07-04 14:42:40,160 - app.services.camera_manager - INFO - [webcam1] — cap.read() returned ret=True
2025-07-04 14:42:40,161 - app.services.camera_manager - INFO - [webcam1] saving to C:\Users\HiDigi\OneDrive\Desktop\WebDev\FacialRecognition\static\images\frame_webcam1_b01ff15a-8d90-44e6-b7cc-d2a947254e90.jpg
2025-07-04 14:42:40,167 - app.services.camera_manager - INFO - [webcam1] cv2.imwrite() returned True
2025-07-04 14:42:40,234 - app.services.camera_manager - INFO - [webcam1] — iteration 201, calling cap.read()
2025-07-04 14:42:40,234 - app.services.camera_manager - INFO - [webcam1] — cap.read() returned ret=True
2025-07-04 14:42:40,236 - app.services.camera_manager - INFO - [webcam1] saving to C:\Users\HiDigi\OneDrive\Desktop\WebDev\FacialRecognition\static\images\frame_webcam1_9973734f-4e6f-4b47-84e9-a443862bd077.jpg
2025-07-04 14:42:40,242 - app.services.camera_manager - INFO - [webcam1] cv2.imwrite() returned True
2025-07-04 14:42:40,311 - app.services.camera_manager - INFO - [webcam1] — iteration 202, calling cap.read()
2025-07-04 14:42:40,311 - app.services.camera_manager - INFO - [webcam1] — cap.read() returned ret=True
2025-07-04 14:42:40,312 - app.services.camera_manager - INFO - [webcam1] saving to C:\Users\HiDigi\OneDrive\Desktop\WebDev\FacialRecognition\static\images\frame_webcam1_e3f1185e-6cc8-4231-b97d-7e0863c05bfa.jpg
2025-07-04 14:42:40,318 - app.services.camera_manager - INFO - [webcam1] cv2.imwrite() returned True
2025-07-04 14:42:40,376 - app.services.camera_manager - INFO - [webcam1] — iteration 203, calling cap.read()
2025-07-04 14:42:40,376 - app.services.camera_manager - INFO - [webcam1] — cap.read() returned ret=True
2025-07-04 14:42:40,377 - app.services.camera_manager - INFO - [webcam1] saving to C:\Users\HiDigi\OneDrive\Desktop\WebDev\FacialRecognition\static\images\frame_webcam1_5d50d417-667b-46d1-ae2d-c149d03816e5.jpg
2025-07-04 14:42:40,383 - app.services.camera_manager - INFO - [webcam1] cv2.imwrite() returned True
2025-07-04 14:42:40,451 - app.services.camera_manager - INFO - [webcam1] — iteration 204, calling cap.read()
2025-07-04 14:42:40,451 - app.services.camera_manager - INFO - [webcam1] — cap.read() returned ret=True
2025-07-04 14:42:40,452 - app.services.camera_manager - INFO - [webcam1] saving to C:\Users\HiDigi\OneDrive\Desktop\WebDev\FacialRecognition\static\images\frame_webcam1_55374582-0534-41ec-9956-13cefa4a0b7e.jpg
2025-07-04 14:42:40,458 - app.services.camera_manager - INFO - [webcam1] cv2.imwrite() returned True
2025-07-04 14:42:40,526 - app.services.camera_manager - INFO - [webcam1] — iteration 205, calling cap.read()
2025-07-04 14:42:40,526 - app.services.camera_manager - INFO - [webcam1] — cap.read() returned ret=True
2025-07-04 14:42:40,527 - app.services.camera_manager - INFO - [webcam1] saving to C:\Users\HiDigi\OneDrive\Desktop\WebDev\FacialRecognition\static\images\frame_webcam1_eddf56af-58ad-42b1-895f-6ea97194f56b.jpg
2025-07-04 14:42:40,533 - app.services.camera_manager - INFO - [webcam1] cv2.imwrite() returned True
2025-07-04 14:42:40,607 - app.services.camera_manager - INFO - [webcam1] — iteration 206, calling cap.read()
2025-07-04 14:42:40,607 - app.services.camera_manager - INFO - [webcam1] — cap.read() returned ret=True
2025-07-04 14:42:40,608 - app.services.camera_manager - INFO - [webcam1] saving to C:\Users\HiDigi\OneDrive\Desktop\WebDev\FacialRecognition\static\images\frame_webcam1_74d52028-a23a-46b8-94ff-2686d74605ba.jpg
2025-07-04 14:42:40,614 - app.services.camera_manager - INFO - [webcam1] cv2.imwrite() returned True
2025-07-04 14:42:40,674 - app.services.camera_manager - INFO - [webcam1] — iteration 207, calling cap.read()
2025-07-04 14:42:40,674 - app.services.camera_manager - INFO - [webcam1] — cap.read() returned ret=True
2025-07-04 14:42:40,675 - app.services.camera_manager - INFO - [webcam1] saving to C:\Users\HiDigi\OneDrive\Desktop\WebDev\FacialRecognition\static\images\frame_webcam1_9be8e6a4-c190-4c16-9cad-7d168763719c.jpg
2025-07-04 14:42:40,680 - app.services.camera_manager - INFO - [webcam1] cv2.imwrite() returned True
2025-07-04 14:42:40,747 - app.services.camera_manager - INFO - [webcam1] — iteration 208, calling cap.read()
2025-07-04 14:42:40,748 - app.services.camera_manager - INFO - [webcam1] — cap.read() returned ret=True
2025-07-04 14:42:40,749 - app.services.camera_manager - INFO - [webcam1] saving to C:\Users\HiDigi\OneDrive\Desktop\WebDev\FacialRecognition\static\images\frame_webcam1_9eabbb18-3726-4b45-87bf-0574e19633b0.jpg
2025-07-04 14:42:40,755 - app.services.camera_manager - INFO - [webcam1] cv2.imwrite() returned True
2025-07-04 14:42:40,823 - app.services.camera_manager - INFO - [webcam1] — iteration 209, calling cap.read()
2025-07-04 14:42:40,823 - app.services.camera_manager - INFO - [webcam1] — cap.read() returned ret=True
2025-07-04 14:42:40,825 - app.services.camera_manager - INFO - [webcam1] saving to C:\Users\HiDigi\OneDrive\Desktop\WebDev\FacialRecognition\static\images\frame_webcam1_211c4d5c-688e-4000-b83b-126c34236442.jpg
2025-07-04 14:42:40,831 - app.services.camera_manager - INFO - [webcam1] cv2.imwrite() returned True
2025-07-04 14:42:40,907 - app.services.camera_manager - INFO - [webcam1] — iteration 210, calling cap.read()
2025-07-04 14:42:40,907 - app.services.camera_manager - INFO - [webcam1] — cap.read() returned ret=True
2025-07-04 14:42:40,908 - app.services.camera_manager - INFO - [webcam1] saving to C:\Users\HiDigi\OneDrive\Desktop\WebDev\FacialRecognition\static\images\frame_webcam1_3636e05d-21b0-4eb9-a7f7-f2a37107e081.jpg
2025-07-04 14:42:40,914 - app.services.camera_manager - INFO - [webcam1] cv2.imwrite() returned True
2025-07-04 14:42:40,974 - app.services.camera_manager - INFO - [webcam1] — iteration 211, calling cap.read()
2025-07-04 14:42:40,974 - app.services.camera_manager - INFO - [webcam1] — cap.read() returned ret=True
2025-07-04 14:42:40,975 - app.services.camera_manager - INFO - [webcam1] saving to C:\Users\HiDigi\OneDrive\Desktop\WebDev\FacialRecognition\static\images\frame_webcam1_14b22a19-26aa-47d1-a6a1-e07273168826.jpg
2025-07-04 14:42:40,982 - app.services.camera_manager - INFO - [webcam1] cv2.imwrite() returned True
2025-07-04 14:42:41,049 - app.services.camera_manager - INFO - [webcam1] — iteration 212, calling cap.read()
2025-07-04 14:42:41,049 - app.services.camera_manager - INFO - [webcam1] — cap.read() returned ret=True
2025-07-04 14:42:41,050 - app.services.camera_manager - INFO - [webcam1] saving to C:\Users\HiDigi\OneDrive\Desktop\WebDev\FacialRecognition\static\images\frame_webcam1_f46eab76-2041-41ff-ad4b-2beb213929ff.jpg
2025-07-04 14:42:41,056 - app.services.camera_manager - INFO - [webcam1] cv2.imwrite() returned True
2025-07-04 14:42:41,123 - app.services.camera_manager - INFO - [webcam1] — iteration 213, calling cap.read()
2025-07-04 14:42:41,123 - app.services.camera_manager - INFO - [webcam1] — cap.read() returned ret=True
2025-07-04 14:42:41,125 - app.services.camera_manager - INFO - [webcam1] saving to C:\Users\HiDigi\OneDrive\Desktop\WebDev\FacialRecognition\static\images\frame_webcam1_272070f7-0e9d-4110-8ee4-01d40501f5f9.jpg
2025-07-04 14:42:41,130 - app.services.camera_manager - INFO - [webcam1] cv2.imwrite() returned True
2025-07-04 14:42:41,204 - app.services.camera_manager - INFO - [webcam1] — iteration 214, calling cap.read()
2025-07-04 14:42:41,204 - app.services.camera_manager - INFO - [webcam1] — cap.read() returned ret=True
2025-07-04 14:42:41,205 - app.services.camera_manager - INFO - [webcam1] saving to C:\Users\HiDigi\OneDrive\Desktop\WebDev\FacialRecognition\static\images\frame_webcam1_1079ac27-e43e-4b2e-a6e2-17229c7c495d.jpg
2025-07-04 14:42:41,211 - app.services.camera_manager - INFO - [webcam1] cv2.imwrite() returned True
2025-07-04 14:42:41,271 - app.services.camera_manager - INFO - [webcam1] — iteration 215, calling cap.read()
2025-07-04 14:42:41,271 - app.services.camera_manager - INFO - [webcam1] — cap.read() returned ret=True
2025-07-04 14:42:41,272 - app.services.camera_manager - INFO - [webcam1] saving to C:\Users\HiDigi\OneDrive\Desktop\WebDev\FacialRecognition\static\images\frame_webcam1_c66a4185-f6dd-422c-a807-a6dbeec9b968.jpg
2025-07-04 14:42:41,277 - app.services.camera_manager - INFO - [webcam1] cv2.imwrite() returned True
2025-07-04 14:42:41,345 - app.services.camera_manager - INFO - [webcam1] — iteration 216, calling cap.read()
2025-07-04 14:42:41,345 - app.services.camera_manager - INFO - [webcam1] — cap.read() returned ret=True
2025-07-04 14:42:41,347 - app.services.camera_manager - INFO - [webcam1] saving to C:\Users\HiDigi\OneDrive\Desktop\WebDev\FacialRecognition\static\images\frame_webcam1_62400cf0-3858-4518-888b-a3609fdfe392.jpg
2025-07-04 14:42:41,352 - app.services.camera_manager - INFO - [webcam1] cv2.imwrite() returned True
2025-07-04 14:42:41,420 - app.services.camera_manager - INFO - [webcam1] — iteration 217, calling cap.read()
2025-07-04 14:42:41,420 - app.services.camera_manager - INFO - [webcam1] — cap.read() returned ret=True
2025-07-04 14:42:41,421 - app.services.camera_manager - INFO - [webcam1] saving to C:\Users\HiDigi\OneDrive\Desktop\WebDev\FacialRecognition\static\images\frame_webcam1_c040a71b-2aeb-486c-982d-6d98ac2dc49b.jpg
2025-07-04 14:42:41,427 - app.services.camera_manager - INFO - [webcam1] cv2.imwrite() returned True
2025-07-04 14:42:41,486 - app.services.camera_manager - INFO - [webcam1] — iteration 218, calling cap.read()
2025-07-04 14:42:41,486 - app.services.camera_manager - INFO - [webcam1] — cap.read() returned ret=True
2025-07-04 14:42:41,487 - app.services.camera_manager - INFO - [webcam1] saving to C:\Users\HiDigi\OneDrive\Desktop\WebDev\FacialRecognition\static\images\frame_webcam1_97c6a59b-0c5b-4e03-8fa0-08a3b3949f21.jpg
2025-07-04 14:42:41,493 - app.services.camera_manager - INFO - [webcam1] cv2.imwrite() returned True
2025-07-04 14:42:41,561 - app.services.camera_manager - INFO - [webcam1] — iteration 219, calling cap.read()
2025-07-04 14:42:41,561 - app.services.camera_manager - INFO - [webcam1] — cap.read() returned ret=True
2025-07-04 14:42:41,562 - app.services.camera_manager - INFO - [webcam1] saving to C:\Users\HiDigi\OneDrive\Desktop\WebDev\FacialRecognition\static\images\frame_webcam1_e4ab59eb-46f5-4136-af73-bd4e0e4f6337.jpg
2025-07-04 14:42:41,568 - app.services.camera_manager - INFO - [webcam1] cv2.imwrite() returned True
2025-07-04 14:42:41,635 - app.services.camera_manager - INFO - [webcam1] — iteration 220, calling cap.read()
2025-07-04 14:42:41,635 - app.services.camera_manager - INFO - [webcam1] — cap.read() returned ret=True
2025-07-04 14:42:41,636 - app.services.camera_manager - INFO - [webcam1] saving to C:\Users\HiDigi\OneDrive\Desktop\WebDev\FacialRecognition\static\images\frame_webcam1_a67ad780-a28c-49f8-8369-3b87fc983a03.jpg
2025-07-04 14:42:41,642 - app.services.camera_manager - INFO - [webcam1] cv2.imwrite() returned True
2025-07-04 14:42:41,719 - app.services.camera_manager - INFO - [webcam1] — iteration 221, calling cap.read()
2025-07-04 14:42:41,719 - app.services.camera_manager - INFO - [webcam1] — cap.read() returned ret=True
2025-07-04 14:42:41,720 - app.services.camera_manager - INFO - [webcam1] saving to C:\Users\HiDigi\OneDrive\Desktop\WebDev\FacialRecognition\static\images\frame_webcam1_40021b8f-e31e-4155-a2d7-f8a21eecfa63.jpg
2025-07-04 14:42:41,726 - app.services.camera_manager - INFO - [webcam1] cv2.imwrite() returned True
2025-07-04 14:42:41,784 - app.services.camera_manager - INFO - [webcam1] — iteration 222, calling cap.read()
2025-07-04 14:42:41,784 - app.services.camera_manager - INFO - [webcam1] — cap.read() returned ret=True
2025-07-04 14:42:41,785 - app.services.camera_manager - INFO - [webcam1] saving to C:\Users\HiDigi\OneDrive\Desktop\WebDev\FacialRecognition\static\images\frame_webcam1_3cc008ec-4426-4fff-9f87-1ae22a0b914a.jpg
2025-07-04 14:42:41,791 - app.services.camera_manager - INFO - [webcam1] cv2.imwrite() returned True
2025-07-04 14:42:41,859 - app.services.camera_manager - INFO - [webcam1] — iteration 223, calling cap.read()
2025-07-04 14:42:41,859 - app.services.camera_manager - INFO - [webcam1] — cap.read() returned ret=True
2025-07-04 14:42:41,860 - app.services.camera_manager - INFO - [webcam1] saving to C:\Users\HiDigi\OneDrive\Desktop\WebDev\FacialRecognition\static\images\frame_webcam1_de4f20af-9dce-41f4-9931-e38d1612706f.jpg
2025-07-04 14:42:41,866 - app.services.camera_manager - INFO - [webcam1] cv2.imwrite() returned True
2025-07-04 14:42:41,934 - app.services.camera_manager - INFO - [webcam1] — iteration 224, calling cap.read()
2025-07-04 14:42:41,934 - app.services.camera_manager - INFO - [webcam1] — cap.read() returned ret=True
2025-07-04 14:42:41,935 - app.services.camera_manager - INFO - [webcam1] saving to C:\Users\HiDigi\OneDrive\Desktop\WebDev\FacialRecognition\static\images\frame_webcam1_f33bf5d7-602c-4579-aee6-a47535706295.jpg
2025-07-04 14:42:41,942 - app.services.camera_manager - INFO - [webcam1] cv2.imwrite() returned True
2025-07-04 14:42:42,017 - app.services.camera_manager - INFO - [webcam1] — iteration 225, calling cap.read()
2025-07-04 14:42:42,017 - app.services.camera_manager - INFO - [webcam1] — cap.read() returned ret=True
2025-07-04 14:42:42,018 - app.services.camera_manager - INFO - [webcam1] saving to C:\Users\HiDigi\OneDrive\Desktop\WebDev\FacialRecognition\static\images\frame_webcam1_b9d3d744-17a8-4f30-ab42-068423e75b39.jpg
2025-07-04 14:42:42,023 - app.services.camera_manager - INFO - [webcam1] cv2.imwrite() returned True
2025-07-04 14:42:42,082 - app.services.camera_manager - INFO - [webcam1] — iteration 226, calling cap.read()
2025-07-04 14:42:42,082 - app.services.camera_manager - INFO - [webcam1] — cap.read() returned ret=True
2025-07-04 14:42:42,083 - app.services.camera_manager - INFO - [webcam1] saving to C:\Users\HiDigi\OneDrive\Desktop\WebDev\FacialRecognition\static\images\frame_webcam1_29af8db5-8aaf-4b78-88a0-f88b9ae3134c.jpg
2025-07-04 14:42:42,089 - app.services.camera_manager - INFO - [webcam1] cv2.imwrite() returned True
2025-07-04 14:42:42,157 - app.services.camera_manager - INFO - [webcam1] — iteration 227, calling cap.read()
2025-07-04 14:42:42,157 - app.services.camera_manager - INFO - [webcam1] — cap.read() returned ret=True
2025-07-04 14:42:42,158 - app.services.camera_manager - INFO - [webcam1] saving to C:\Users\HiDigi\OneDrive\Desktop\WebDev\FacialRecognition\static\images\frame_webcam1_ff48e969-2215-4467-b813-8b42bc1ad654.jpg
2025-07-04 14:42:42,163 - app.services.camera_manager - INFO - [webcam1] cv2.imwrite() returned True
2025-07-04 14:42:42,232 - app.services.camera_manager - INFO - [webcam1] — iteration 228, calling cap.read()
2025-07-04 14:42:42,232 - app.services.camera_manager - INFO - [webcam1] — cap.read() returned ret=True
2025-07-04 14:42:42,233 - app.services.camera_manager - INFO - [webcam1] saving to C:\Users\HiDigi\OneDrive\Desktop\WebDev\FacialRecognition\static\images\frame_webcam1_4c43172c-56fc-4963-99a9-2ff4e2fa56e8.jpg
2025-07-04 14:42:42,239 - app.services.camera_manager - INFO - [webcam1] cv2.imwrite() returned True
2025-07-04 14:42:42,313 - app.services.camera_manager - INFO - [webcam1] — iteration 229, calling cap.read()
2025-07-04 14:42:42,314 - app.services.camera_manager - INFO - [webcam1] — cap.read() returned ret=True
2025-07-04 14:42:42,314 - app.services.camera_manager - INFO - [webcam1] saving to C:\Users\HiDigi\OneDrive\Desktop\WebDev\FacialRecognition\static\images\frame_webcam1_f16480ce-01d7-4125-91e2-a4bc1b05a014.jpg
2025-07-04 14:42:42,320 - app.services.camera_manager - INFO - [webcam1] cv2.imwrite() returned True
2025-07-04 14:42:42,379 - app.services.camera_manager - INFO - [webcam1] — iteration 230, calling cap.read()
2025-07-04 14:42:42,379 - app.services.camera_manager - INFO - [webcam1] — cap.read() returned ret=True
2025-07-04 14:42:42,380 - app.services.camera_manager - INFO - [webcam1] saving to C:\Users\HiDigi\OneDrive\Desktop\WebDev\FacialRecognition\static\images\frame_webcam1_574903c7-4bea-4931-a494-18938f7c8a45.jpg
2025-07-04 14:42:42,386 - app.services.camera_manager - INFO - [webcam1] cv2.imwrite() returned True
2025-07-04 14:42:42,454 - app.services.camera_manager - INFO - [webcam1] — iteration 231, calling cap.read()
2025-07-04 14:42:42,454 - app.services.camera_manager - INFO - [webcam1] — cap.read() returned ret=True
2025-07-04 14:42:42,455 - app.services.camera_manager - INFO - [webcam1] saving to C:\Users\HiDigi\OneDrive\Desktop\WebDev\FacialRecognition\static\images\frame_webcam1_7d306c9c-31d0-4ba7-bbee-3e2cfb7ebc28.jpg
2025-07-04 14:42:42,461 - app.services.camera_manager - INFO - [webcam1] cv2.imwrite() returned True
2025-07-04 14:42:42,529 - app.services.camera_manager - INFO - [webcam1] — iteration 232, calling cap.read()
2025-07-04 14:42:42,529 - app.services.camera_manager - INFO - [webcam1] — cap.read() returned ret=True
2025-07-04 14:42:42,530 - app.services.camera_manager - INFO - [webcam1] saving to C:\Users\HiDigi\OneDrive\Desktop\WebDev\FacialRecognition\static\images\frame_webcam1_0a1dd946-60f8-4826-b30a-85a58acc0cae.jpg
2025-07-04 14:42:42,536 - app.services.camera_manager - INFO - [webcam1] cv2.imwrite() returned True
2025-07-04 14:42:42,595 - app.services.camera_manager - INFO - [webcam1] — iteration 233, calling cap.read()
2025-07-04 14:42:42,595 - app.services.camera_manager - INFO - [webcam1] — cap.read() returned ret=True
2025-07-04 14:42:42,597 - app.services.camera_manager - INFO - [webcam1] saving to C:\Users\HiDigi\OneDrive\Desktop\WebDev\FacialRecognition\static\images\frame_webcam1_5ec51285-da89-403a-b2cd-8a1c273520cf.jpg
2025-07-04 14:42:42,603 - app.services.camera_manager - INFO - [webcam1] cv2.imwrite() returned True
2025-07-04 14:42:42,671 - app.services.camera_manager - INFO - [webcam1] — iteration 234, calling cap.read()
2025-07-04 14:42:42,671 - app.services.camera_manager - INFO - [webcam1] — cap.read() returned ret=True
2025-07-04 14:42:42,672 - app.services.camera_manager - INFO - [webcam1] saving to C:\Users\HiDigi\OneDrive\Desktop\WebDev\FacialRecognition\static\images\frame_webcam1_f06ea2b8-2b04-4951-854a-47acd711c2e9.jpg
2025-07-04 14:42:42,680 - app.services.camera_manager - INFO - [webcam1] cv2.imwrite() returned True
2025-07-04 14:42:42,748 - app.services.camera_manager - INFO - [webcam1] — iteration 235, calling cap.read()
2025-07-04 14:42:42,749 - app.services.camera_manager - INFO - [webcam1] — cap.read() returned ret=True
2025-07-04 14:42:42,750 - app.services.camera_manager - INFO - [webcam1] saving to C:\Users\HiDigi\OneDrive\Desktop\WebDev\FacialRecognition\static\images\frame_webcam1_c51b610a-f496-4e58-b2c3-dd948d209a55.jpg
2025-07-04 14:42:42,756 - app.services.camera_manager - INFO - [webcam1] cv2.imwrite() returned True
2025-07-04 14:42:42,815 - app.services.camera_manager - INFO - [webcam1] — iteration 236, calling cap.read()
2025-07-04 14:42:42,815 - app.services.camera_manager - INFO - [webcam1] — cap.read() returned ret=True
2025-07-04 14:42:42,816 - app.services.camera_manager - INFO - [webcam1] saving to C:\Users\HiDigi\OneDrive\Desktop\WebDev\FacialRecognition\static\images\frame_webcam1_7445761b-5620-4513-a269-5d65595f91d8.jpg
2025-07-04 14:42:42,822 - app.services.camera_manager - INFO - [webcam1] cv2.imwrite() returned True
2025-07-04 14:42:42,890 - app.services.camera_manager - INFO - [webcam1] — iteration 237, calling cap.read()
2025-07-04 14:42:42,890 - app.services.camera_manager - INFO - [webcam1] — cap.read() returned ret=True
2025-07-04 14:42:42,891 - app.services.camera_manager - INFO - [webcam1] saving to C:\Users\HiDigi\OneDrive\Desktop\WebDev\FacialRecognition\static\images\frame_webcam1_03d0ae8d-a677-41e7-8327-cb6be9ca25be.jpg
2025-07-04 14:42:42,897 - app.services.camera_manager - INFO - [webcam1] cv2.imwrite() returned True
2025-07-04 14:42:42,964 - app.services.camera_manager - INFO - [webcam1] — iteration 238, calling cap.read()
2025-07-04 14:42:42,964 - app.services.camera_manager - INFO - [webcam1] — cap.read() returned ret=True
2025-07-04 14:42:42,965 - app.services.camera_manager - INFO - [webcam1] saving to C:\Users\HiDigi\OneDrive\Desktop\WebDev\FacialRecognition\static\images\frame_webcam1_3340f8ff-b163-499a-9db9-3f36b9678e34.jpg
2025-07-04 14:42:42,971 - app.services.camera_manager - INFO - [webcam1] cv2.imwrite() returned True
2025-07-04 14:42:43,046 - app.services.camera_manager - INFO - [webcam1] — iteration 239, calling cap.read()
2025-07-04 14:42:43,046 - app.services.camera_manager - INFO - [webcam1] — cap.read() returned ret=True
2025-07-04 14:42:43,047 - app.services.camera_manager - INFO - [webcam1] saving to C:\Users\HiDigi\OneDrive\Desktop\WebDev\FacialRecognition\static\images\frame_webcam1_67e4ee39-5fc0-4d0c-9505-0ed017493800.jpg
2025-07-04 14:42:43,053 - app.services.camera_manager - INFO - [webcam1] cv2.imwrite() returned True
2025-07-04 14:42:43,112 - app.services.camera_manager - INFO - [webcam1] — iteration 240, calling cap.read()
2025-07-04 14:42:43,112 - app.services.camera_manager - INFO - [webcam1] — cap.read() returned ret=True
2025-07-04 14:42:43,113 - app.services.camera_manager - INFO - [webcam1] saving to C:\Users\HiDigi\OneDrive\Desktop\WebDev\FacialRecognition\static\images\frame_webcam1_c819526f-9561-43e9-83d9-e1144c547f63.jpg
2025-07-04 14:42:43,118 - app.services.camera_manager - INFO - [webcam1] cv2.imwrite() returned True
2025-07-04 14:42:43,186 - app.services.camera_manager - INFO - [webcam1] — iteration 241, calling cap.read()
2025-07-04 14:42:43,186 - app.services.camera_manager - INFO - [webcam1] — cap.read() returned ret=True
2025-07-04 14:42:43,187 - app.services.camera_manager - INFO - [webcam1] saving to C:\Users\HiDigi\OneDrive\Desktop\WebDev\FacialRecognition\static\images\frame_webcam1_430d386d-f12b-4409-80f5-25b4c672fe3f.jpg
2025-07-04 14:42:43,193 - app.services.camera_manager - INFO - [webcam1] cv2.imwrite() returned True
2025-07-04 14:42:43,262 - app.services.camera_manager - INFO - [webcam1] — iteration 242, calling cap.read()
2025-07-04 14:42:43,262 - app.services.camera_manager - INFO - [webcam1] — cap.read() returned ret=True
2025-07-04 14:42:43,264 - app.services.camera_manager - INFO - [webcam1] saving to C:\Users\HiDigi\OneDrive\Desktop\WebDev\FacialRecognition\static\images\frame_webcam1_37b0fd41-518f-48e9-9647-0150538d8656.jpg
2025-07-04 14:42:43,269 - app.services.camera_manager - INFO - [webcam1] cv2.imwrite() returned True
2025-07-04 14:42:43,345 - app.services.camera_manager - INFO - [webcam1] — iteration 243, calling cap.read()
2025-07-04 14:42:43,345 - app.services.camera_manager - INFO - [webcam1] — cap.read() returned ret=True
2025-07-04 14:42:43,346 - app.services.camera_manager - INFO - [webcam1] saving to C:\Users\HiDigi\OneDrive\Desktop\WebDev\FacialRecognition\static\images\frame_webcam1_7065bf13-812e-4aff-b252-27a1ec66c4c3.jpg
2025-07-04 14:42:43,352 - app.services.camera_manager - INFO - [webcam1] cv2.imwrite() returned True
2025-07-04 14:42:43,411 - app.services.camera_manager - INFO - [webcam1] — iteration 244, calling cap.read()
2025-07-04 14:42:43,411 - app.services.camera_manager - INFO - [webcam1] — cap.read() returned ret=True
2025-07-04 14:42:43,412 - app.services.camera_manager - INFO - [webcam1] saving to C:\Users\HiDigi\OneDrive\Desktop\WebDev\FacialRecognition\static\images\frame_webcam1_7fb724a6-68e2-4b8f-addd-f147aad6e665.jpg
2025-07-04 14:42:43,418 - app.services.camera_manager - INFO - [webcam1] cv2.imwrite() returned True
2025-07-04 14:42:43,486 - app.services.camera_manager - INFO - [webcam1] — iteration 245, calling cap.read()
2025-07-04 14:42:43,486 - app.services.camera_manager - INFO - [webcam1] — cap.read() returned ret=True
2025-07-04 14:42:43,487 - app.services.camera_manager - INFO - [webcam1] saving to C:\Users\HiDigi\OneDrive\Desktop\WebDev\FacialRecognition\static\images\frame_webcam1_bfb6a94c-866d-4706-995c-b6c6a2f79a14.jpg
2025-07-04 14:42:43,493 - app.services.camera_manager - INFO - [webcam1] cv2.imwrite() returned True
2025-07-04 14:42:43,560 - app.services.camera_manager - INFO - [webcam1] — iteration 246, calling cap.read()
2025-07-04 14:42:43,560 - app.services.camera_manager - INFO - [webcam1] — cap.read() returned ret=True
2025-07-04 14:42:43,562 - app.services.camera_manager - INFO - [webcam1] saving to C:\Users\HiDigi\OneDrive\Desktop\WebDev\FacialRecognition\static\images\frame_webcam1_d8af28cc-b8e8-40f8-96fe-8152131a91d4.jpg
2025-07-04 14:42:43,568 - app.services.camera_manager - INFO - [webcam1] cv2.imwrite() returned True
2025-07-04 14:42:43,627 - app.services.camera_manager - INFO - [webcam1] — iteration 247, calling cap.read()
2025-07-04 14:42:43,627 - app.services.camera_manager - INFO - [webcam1] — cap.read() returned ret=True
2025-07-04 14:42:43,629 - app.services.camera_manager - INFO - [webcam1] saving to C:\Users\HiDigi\OneDrive\Desktop\WebDev\FacialRecognition\static\images\frame_webcam1_8a09e3c2-8620-433f-a158-50d10c7c5f31.jpg
2025-07-04 14:42:43,636 - app.services.camera_manager - INFO - [webcam1] cv2.imwrite() returned True
2025-07-04 14:42:43,703 - app.services.camera_manager - INFO - [webcam1] — iteration 248, calling cap.read()
2025-07-04 14:42:43,703 - app.services.camera_manager - INFO - [webcam1] — cap.read() returned ret=True
2025-07-04 14:42:43,704 - app.services.camera_manager - INFO - [webcam1] saving to C:\Users\HiDigi\OneDrive\Desktop\WebDev\FacialRecognition\static\images\frame_webcam1_b528c7a6-bad5-4359-ad5a-24d4bfa26450.jpg
2025-07-04 14:42:43,709 - app.services.camera_manager - INFO - [webcam1] cv2.imwrite() returned True
2025-07-04 14:42:43,777 - app.services.camera_manager - INFO - [webcam1] — iteration 249, calling cap.read()
2025-07-04 14:42:43,777 - app.services.camera_manager - INFO - [webcam1] — cap.read() returned ret=True
2025-07-04 14:42:43,778 - app.services.camera_manager - INFO - [webcam1] saving to C:\Users\HiDigi\OneDrive\Desktop\WebDev\FacialRecognition\static\images\frame_webcam1_9b368090-0223-4b30-a24e-a4a691a11313.jpg
2025-07-04 14:42:43,784 - app.services.camera_manager - INFO - [webcam1] cv2.imwrite() returned True
2025-07-04 14:42:43,858 - app.services.camera_manager - INFO - [webcam1] — iteration 250, calling cap.read()
2025-07-04 14:42:43,859 - app.services.camera_manager - INFO - [webcam1] — cap.read() returned ret=True
2025-07-04 14:42:43,860 - app.services.camera_manager - INFO - [webcam1] saving to C:\Users\HiDigi\OneDrive\Desktop\WebDev\FacialRecognition\static\images\frame_webcam1_cd705808-203c-4761-a850-877a3d99da2c.jpg
2025-07-04 14:42:43,866 - app.services.camera_manager - INFO - [webcam1] cv2.imwrite() returned True
2025-07-04 14:42:43,926 - app.services.camera_manager - INFO - [webcam1] — iteration 251, calling cap.read()
2025-07-04 14:42:43,926 - app.services.camera_manager - INFO - [webcam1] — cap.read() returned ret=True
2025-07-04 14:42:43,927 - app.services.camera_manager - INFO - [webcam1] saving to C:\Users\HiDigi\OneDrive\Desktop\WebDev\FacialRecognition\static\images\frame_webcam1_6233de17-53d9-43db-8fec-b411e2b32fe1.jpg
2025-07-04 14:42:43,933 - app.services.camera_manager - INFO - [webcam1] cv2.imwrite() returned True
2025-07-04 14:42:44,001 - app.services.camera_manager - INFO - [webcam1] — iteration 252, calling cap.read()
2025-07-04 14:42:44,001 - app.services.camera_manager - INFO - [webcam1] — cap.read() returned ret=True
2025-07-04 14:42:44,002 - app.services.camera_manager - INFO - [webcam1] saving to C:\Users\HiDigi\OneDrive\Desktop\WebDev\FacialRecognition\static\images\frame_webcam1_df03dce8-962b-4353-a21b-3de499b16443.jpg
2025-07-04 14:42:44,007 - app.services.camera_manager - INFO - [webcam1] cv2.imwrite() returned True
2025-07-04 14:42:44,075 - app.services.camera_manager - INFO - [webcam1] — iteration 253, calling cap.read()
2025-07-04 14:42:44,076 - app.services.camera_manager - INFO - [webcam1] — cap.read() returned ret=True
2025-07-04 14:42:44,077 - app.services.camera_manager - INFO - [webcam1] saving to C:\Users\HiDigi\OneDrive\Desktop\WebDev\FacialRecognition\static\images\frame_webcam1_4a588de5-9a64-4b9e-94d1-8855ceacd355.jpg
2025-07-04 14:42:44,082 - app.services.camera_manager - INFO - [webcam1] cv2.imwrite() returned True
2025-07-04 14:42:44,142 - app.services.camera_manager - INFO - [webcam1] — iteration 254, calling cap.read()
2025-07-04 14:42:44,143 - app.services.camera_manager - INFO - [webcam1] — cap.read() returned ret=True
2025-07-04 14:42:44,143 - app.services.camera_manager - INFO - [webcam1] saving to C:\Users\HiDigi\OneDrive\Desktop\WebDev\FacialRecognition\static\images\frame_webcam1_39c1a784-d454-4325-af99-7223d622d8e3.jpg
2025-07-04 14:42:44,149 - app.services.camera_manager - INFO - [webcam1] cv2.imwrite() returned True
2025-07-04 14:42:44,218 - app.services.camera_manager - INFO - [webcam1] — iteration 255, calling cap.read()
2025-07-04 14:42:44,218 - app.services.camera_manager - INFO - [webcam1] — cap.read() returned ret=True
2025-07-04 14:42:44,219 - app.services.camera_manager - INFO - [webcam1] saving to C:\Users\HiDigi\OneDrive\Desktop\WebDev\FacialRecognition\static\images\frame_webcam1_28eb7849-7ac0-4835-a2c5-397e9a081623.jpg
2025-07-04 14:42:44,225 - app.services.camera_manager - INFO - [webcam1] cv2.imwrite() returned True
2025-07-04 14:42:44,292 - app.services.camera_manager - INFO - [webcam1] — iteration 256, calling cap.read()
2025-07-04 14:42:44,292 - app.services.camera_manager - INFO - [webcam1] — cap.read() returned ret=True
2025-07-04 14:42:44,293 - app.services.camera_manager - INFO - [webcam1] saving to C:\Users\HiDigi\OneDrive\Desktop\WebDev\FacialRecognition\static\images\frame_webcam1_2d8c37bc-9233-4a93-a561-d37fe05d19f8.jpg
2025-07-04 14:42:44,299 - app.services.camera_manager - INFO - [webcam1] cv2.imwrite() returned True
2025-07-04 14:42:44,374 - app.services.camera_manager - INFO - [webcam1] — iteration 257, calling cap.read()
2025-07-04 14:42:44,374 - app.services.camera_manager - INFO - [webcam1] — cap.read() returned ret=True
2025-07-04 14:42:44,376 - app.services.camera_manager - INFO - [webcam1] saving to C:\Users\HiDigi\OneDrive\Desktop\WebDev\FacialRecognition\static\images\frame_webcam1_e8a4e99b-d232-47df-92f4-4c99580c017e.jpg
2025-07-04 14:42:44,381 - app.services.camera_manager - INFO - [webcam1] cv2.imwrite() returned True
2025-07-04 14:42:44,442 - app.services.camera_manager - INFO - [webcam1] — iteration 258, calling cap.read()
2025-07-04 14:42:44,442 - app.services.camera_manager - INFO - [webcam1] — cap.read() returned ret=True
2025-07-04 14:42:44,443 - app.services.camera_manager - INFO - [webcam1] saving to C:\Users\HiDigi\OneDrive\Desktop\WebDev\FacialRecognition\static\images\frame_webcam1_c607acd5-8f59-443e-bf72-c0d3ba20334e.jpg
2025-07-04 14:42:44,449 - app.services.camera_manager - INFO - [webcam1] cv2.imwrite() returned True
2025-07-04 14:42:44,517 - app.services.camera_manager - INFO - [webcam1] — iteration 259, calling cap.read()
2025-07-04 14:42:44,518 - app.services.camera_manager - INFO - [webcam1] — cap.read() returned ret=True
2025-07-04 14:42:44,518 - app.services.camera_manager - INFO - [webcam1] saving to C:\Users\HiDigi\OneDrive\Desktop\WebDev\FacialRecognition\static\images\frame_webcam1_a0873965-e49f-4ca5-b29b-1cde9aa427c3.jpg
2025-07-04 14:42:44,525 - app.services.camera_manager - INFO - [webcam1] cv2.imwrite() returned True
2025-07-04 14:42:44,592 - app.services.camera_manager - INFO - [webcam1] — iteration 260, calling cap.read()
2025-07-04 14:42:44,592 - app.services.camera_manager - INFO - [webcam1] — cap.read() returned ret=True
2025-07-04 14:42:44,593 - app.services.camera_manager - INFO - [webcam1] saving to C:\Users\HiDigi\OneDrive\Desktop\WebDev\FacialRecognition\static\images\frame_webcam1_fab20580-6baa-4b0a-81a9-fa2a6f9cf433.jpg
2025-07-04 14:42:44,599 - app.services.camera_manager - INFO - [webcam1] cv2.imwrite() returned True
2025-07-04 14:42:44,658 - app.services.camera_manager - INFO - [webcam1] — iteration 261, calling cap.read()
2025-07-04 14:42:44,658 - app.services.camera_manager - INFO - [webcam1] — cap.read() returned ret=True
2025-07-04 14:42:44,659 - app.services.camera_manager - INFO - [webcam1] saving to C:\Users\HiDigi\OneDrive\Desktop\WebDev\FacialRecognition\static\images\frame_webcam1_5df5dcac-5a9d-41f6-ad87-8701e9c23694.jpg
2025-07-04 14:42:44,666 - app.services.camera_manager - INFO - [webcam1] cv2.imwrite() returned True
2025-07-04 14:42:44,733 - app.services.camera_manager - INFO - [webcam1] — iteration 262, calling cap.read()
2025-07-04 14:42:44,733 - app.services.camera_manager - INFO - [webcam1] — cap.read() returned ret=True
2025-07-04 14:42:44,734 - app.services.camera_manager - INFO - [webcam1] saving to C:\Users\HiDigi\OneDrive\Desktop\WebDev\FacialRecognition\static\images\frame_webcam1_79bd6578-4b35-4f21-99ee-9e6a5f0a9e66.jpg
2025-07-04 14:42:44,740 - app.services.camera_manager - INFO - [webcam1] cv2.imwrite() returned True
2025-07-04 14:42:44,808 - app.services.camera_manager - INFO - [webcam1] — iteration 263, calling cap.read()
2025-07-04 14:42:44,808 - app.services.camera_manager - INFO - [webcam1] — cap.read() returned ret=True
2025-07-04 14:42:44,809 - app.services.camera_manager - INFO - [webcam1] saving to C:\Users\HiDigi\OneDrive\Desktop\WebDev\FacialRecognition\static\images\frame_webcam1_53786252-bb1d-4f10-9efe-a239aa748b63.jpg
2025-07-04 14:42:44,814 - app.services.camera_manager - INFO - [webcam1] cv2.imwrite() returned True
2025-07-04 14:42:44,888 - app.services.camera_manager - INFO - [webcam1] — iteration 264, calling cap.read()
2025-07-04 14:42:44,888 - app.services.camera_manager - INFO - [webcam1] — cap.read() returned ret=True
2025-07-04 14:42:44,889 - app.services.camera_manager - INFO - [webcam1] saving to C:\Users\HiDigi\OneDrive\Desktop\WebDev\FacialRecognition\static\images\frame_webcam1_b03110ad-93e8-4599-97e8-d51b9eea867a.jpg
2025-07-04 14:42:44,895 - app.services.camera_manager - INFO - [webcam1] cv2.imwrite() returned True
2025-07-04 14:42:44,969 - app.services.camera_manager - INFO - [webcam1] — iteration 265, calling cap.read()
2025-07-04 14:42:44,969 - app.services.camera_manager - INFO - [webcam1] — cap.read() returned ret=True
2025-07-04 14:42:44,970 - app.services.camera_manager - INFO - [webcam1] saving to C:\Users\HiDigi\OneDrive\Desktop\WebDev\FacialRecognition\static\images\frame_webcam1_edd52ddb-b061-422a-9798-8cc7158ee651.jpg
2025-07-04 14:42:44,976 - app.services.camera_manager - INFO - [webcam1] cv2.imwrite() returned True
2025-07-04 14:42:45,031 - app.services.camera_manager - INFO - [webcam1] — iteration 266, calling cap.read()
2025-07-04 14:42:45,031 - app.services.camera_manager - INFO - [webcam1] — cap.read() returned ret=True
2025-07-04 14:42:45,032 - app.services.camera_manager - INFO - [webcam1] saving to C:\Users\HiDigi\OneDrive\Desktop\WebDev\FacialRecognition\static\images\frame_webcam1_c1c549cf-8dd9-4c35-bd8b-e0dc2c015652.jpg
2025-07-04 14:42:45,039 - app.services.camera_manager - INFO - [webcam1] cv2.imwrite() returned True
2025-07-04 14:42:45,106 - app.services.camera_manager - INFO - [webcam1] — iteration 267, calling cap.read()
2025-07-04 14:42:45,107 - app.services.camera_manager - INFO - [webcam1] — cap.read() returned ret=True
2025-07-04 14:42:45,108 - app.services.camera_manager - INFO - [webcam1] saving to C:\Users\HiDigi\OneDrive\Desktop\WebDev\FacialRecognition\static\images\frame_webcam1_d4a77478-1aab-4b13-8f3b-cbcc59f7cb5b.jpg
2025-07-04 14:42:45,113 - app.services.camera_manager - INFO - [webcam1] cv2.imwrite() returned True
2025-07-04 14:42:45,188 - app.services.camera_manager - INFO - [webcam1] — iteration 268, calling cap.read()
2025-07-04 14:42:45,188 - app.services.camera_manager - INFO - [webcam1] — cap.read() returned ret=True
2025-07-04 14:42:45,189 - app.services.camera_manager - INFO - [webcam1] saving to C:\Users\HiDigi\OneDrive\Desktop\WebDev\FacialRecognition\static\images\frame_webcam1_b39376fd-59f9-4d29-89c5-cef80abeafbd.jpg
2025-07-04 14:42:45,195 - app.services.camera_manager - INFO - [webcam1] cv2.imwrite() returned True
2025-07-04 14:42:45,255 - app.services.camera_manager - INFO - [webcam1] — iteration 269, calling cap.read()
2025-07-04 14:42:45,255 - app.services.camera_manager - INFO - [webcam1] — cap.read() returned ret=True
2025-07-04 14:42:45,256 - app.services.camera_manager - INFO - [webcam1] saving to C:\Users\HiDigi\OneDrive\Desktop\WebDev\FacialRecognition\static\images\frame_webcam1_b73dfdc3-eaee-4b0c-abaf-377224018960.jpg
2025-07-04 14:42:45,263 - app.services.camera_manager - INFO - [webcam1] cv2.imwrite() returned True
2025-07-04 14:42:45,330 - app.services.camera_manager - INFO - [webcam1] — iteration 270, calling cap.read()
2025-07-04 14:42:45,330 - app.services.camera_manager - INFO - [webcam1] — cap.read() returned ret=True
2025-07-04 14:42:45,330 - app.services.camera_manager - INFO - [webcam1] saving to C:\Users\HiDigi\OneDrive\Desktop\WebDev\FacialRecognition\static\images\frame_webcam1_1d5b5df8-23f4-453b-9557-2f780ae721f7.jpg
2025-07-04 14:42:45,336 - app.services.camera_manager - INFO - [webcam1] cv2.imwrite() returned True
2025-07-04 14:42:45,405 - app.services.camera_manager - INFO - [webcam1] — iteration 271, calling cap.read()
2025-07-04 14:42:45,405 - app.services.camera_manager - INFO - [webcam1] — cap.read() returned ret=True
2025-07-04 14:42:45,406 - app.services.camera_manager - INFO - [webcam1] saving to C:\Users\HiDigi\OneDrive\Desktop\WebDev\FacialRecognition\static\images\frame_webcam1_b241a57c-e9d7-43a6-9d35-130462d6b27c.jpg
2025-07-04 14:42:45,411 - app.services.camera_manager - INFO - [webcam1] cv2.imwrite() returned True
2025-07-04 14:42:45,470 - app.services.camera_manager - INFO - [webcam1] — iteration 272, calling cap.read()
2025-07-04 14:42:45,470 - app.services.camera_manager - INFO - [webcam1] — cap.read() returned ret=True
2025-07-04 14:42:45,471 - app.services.camera_manager - INFO - [webcam1] saving to C:\Users\HiDigi\OneDrive\Desktop\WebDev\FacialRecognition\static\images\frame_webcam1_3f8eb97d-da9a-4141-be04-7b41243c8ce4.jpg
2025-07-04 14:42:45,477 - app.services.camera_manager - INFO - [webcam1] cv2.imwrite() returned True
2025-07-04 14:42:45,545 - app.services.camera_manager - INFO - [webcam1] — iteration 273, calling cap.read()
2025-07-04 14:42:45,546 - app.services.camera_manager - INFO - [webcam1] — cap.read() returned ret=True
2025-07-04 14:42:45,547 - app.services.camera_manager - INFO - [webcam1] saving to C:\Users\HiDigi\OneDrive\Desktop\WebDev\FacialRecognition\static\images\frame_webcam1_29d00060-e0c2-44aa-b331-fbd9102ad97b.jpg
2025-07-04 14:42:45,552 - app.services.camera_manager - INFO - [webcam1] cv2.imwrite() returned True
2025-07-04 14:42:45,620 - app.services.camera_manager - INFO - [webcam1] — iteration 274, calling cap.read()
2025-07-04 14:42:45,620 - app.services.camera_manager - INFO - [webcam1] — cap.read() returned ret=True
2025-07-04 14:42:45,621 - app.services.camera_manager - INFO - [webcam1] saving to C:\Users\HiDigi\OneDrive\Desktop\WebDev\FacialRecognition\static\images\frame_webcam1_4f178b59-dbcb-404b-a133-8f8869e03c17.jpg
2025-07-04 14:42:45,628 - app.services.camera_manager - INFO - [webcam1] cv2.imwrite() returned True
2025-07-04 14:42:45,702 - app.services.camera_manager - INFO - [webcam1] — iteration 275, calling cap.read()
2025-07-04 14:42:45,702 - app.services.camera_manager - INFO - [webcam1] — cap.read() returned ret=True
2025-07-04 14:42:45,703 - app.services.camera_manager - INFO - [webcam1] saving to C:\Users\HiDigi\OneDrive\Desktop\WebDev\FacialRecognition\static\images\frame_webcam1_4a4c2931-b6f8-4be9-98ab-5dd0a82109cf.jpg
2025-07-04 14:42:45,709 - app.services.camera_manager - INFO - [webcam1] cv2.imwrite() returned True
2025-07-04 14:42:45,769 - app.services.camera_manager - INFO - [webcam1] — iteration 276, calling cap.read()
2025-07-04 14:42:45,769 - app.services.camera_manager - INFO - [webcam1] — cap.read() returned ret=True
2025-07-04 14:42:45,770 - app.services.camera_manager - INFO - [webcam1] saving to C:\Users\HiDigi\OneDrive\Desktop\WebDev\FacialRecognition\static\images\frame_webcam1_e1d038e3-c8bc-4972-945b-f7cfc8ea9ddf.jpg
2025-07-04 14:42:45,775 - app.services.camera_manager - INFO - [webcam1] cv2.imwrite() returned True
2025-07-04 14:42:45,844 - app.services.camera_manager - INFO - [webcam1] — iteration 277, calling cap.read()
2025-07-04 14:42:45,844 - app.services.camera_manager - INFO - [webcam1] — cap.read() returned ret=True
2025-07-04 14:42:45,845 - app.services.camera_manager - INFO - [webcam1] saving to C:\Users\HiDigi\OneDrive\Desktop\WebDev\FacialRecognition\static\images\frame_webcam1_43c21be7-29d7-4ec5-a29e-27412b0ea85f.jpg
2025-07-04 14:42:45,851 - app.services.camera_manager - INFO - [webcam1] cv2.imwrite() returned True
2025-07-04 14:42:45,919 - app.services.camera_manager - INFO - [webcam1] — iteration 278, calling cap.read()
2025-07-04 14:42:45,919 - app.services.camera_manager - INFO - [webcam1] — cap.read() returned ret=True
2025-07-04 14:42:45,920 - app.services.camera_manager - INFO - [webcam1] saving to C:\Users\HiDigi\OneDrive\Desktop\WebDev\FacialRecognition\static\images\frame_webcam1_068cbb25-f3b0-4d0f-ae62-b3e8919031ce.jpg
2025-07-04 14:42:45,926 - app.services.camera_manager - INFO - [webcam1] cv2.imwrite() returned True
2025-07-04 14:42:46,001 - app.services.camera_manager - INFO - [webcam1] — iteration 279, calling cap.read()
2025-07-04 14:42:46,001 - app.services.camera_manager - INFO - [webcam1] — cap.read() returned ret=True
2025-07-04 14:42:46,002 - app.services.camera_manager - INFO - [webcam1] saving to C:\Users\HiDigi\OneDrive\Desktop\WebDev\FacialRecognition\static\images\frame_webcam1_4abd2ac5-25e4-4c71-96e7-032ff7b06440.jpg
2025-07-04 14:42:46,008 - app.services.camera_manager - INFO - [webcam1] cv2.imwrite() returned True
2025-07-04 14:42:46,068 - app.services.camera_manager - INFO - [webcam1] — iteration 280, calling cap.read()
2025-07-04 14:42:46,068 - app.services.camera_manager - INFO - [webcam1] — cap.read() returned ret=True
2025-07-04 14:42:46,070 - app.services.camera_manager - INFO - [webcam1] saving to C:\Users\HiDigi\OneDrive\Desktop\WebDev\FacialRecognition\static\images\frame_webcam1_e1f4c2da-ef2e-47ca-8b1c-25c84717ace4.jpg
2025-07-04 14:42:46,075 - app.services.camera_manager - INFO - [webcam1] cv2.imwrite() returned True
2025-07-04 14:42:46,144 - app.services.camera_manager - INFO - [webcam1] — iteration 281, calling cap.read()
2025-07-04 14:42:46,144 - app.services.camera_manager - INFO - [webcam1] — cap.read() returned ret=True
2025-07-04 14:42:46,145 - app.services.camera_manager - INFO - [webcam1] saving to C:\Users\HiDigi\OneDrive\Desktop\WebDev\FacialRecognition\static\images\frame_webcam1_778bccdb-1981-4c4f-a310-8f2db8f16d0a.jpg
2025-07-04 14:42:46,150 - app.services.camera_manager - INFO - [webcam1] cv2.imwrite() returned True
2025-07-04 14:42:46,218 - app.services.camera_manager - INFO - [webcam1] — iteration 282, calling cap.read()
2025-07-04 14:42:46,218 - app.services.camera_manager - INFO - [webcam1] — cap.read() returned ret=True
2025-07-04 14:42:46,220 - app.services.camera_manager - INFO - [webcam1] saving to C:\Users\HiDigi\OneDrive\Desktop\WebDev\FacialRecognition\static\images\frame_webcam1_7f0bea21-89af-4f6a-a5c6-129622283bdb.jpg
2025-07-04 14:42:46,226 - app.services.camera_manager - INFO - [webcam1] cv2.imwrite() returned True
2025-07-04 14:42:46,285 - app.services.camera_manager - INFO - [webcam1] — iteration 283, calling cap.read()
2025-07-04 14:42:46,285 - app.services.camera_manager - INFO - [webcam1] — cap.read() returned ret=True
2025-07-04 14:42:46,286 - app.services.camera_manager - INFO - [webcam1] saving to C:\Users\HiDigi\OneDrive\Desktop\WebDev\FacialRecognition\static\images\frame_webcam1_7615e6b0-5a69-4c9d-9c68-1c20b69fa59f.jpg
2025-07-04 14:42:46,292 - app.services.camera_manager - INFO - [webcam1] cv2.imwrite() returned True
2025-07-04 14:42:46,359 - app.services.camera_manager - INFO - [webcam1] — iteration 284, calling cap.read()
2025-07-04 14:42:46,359 - app.services.camera_manager - INFO - [webcam1] — cap.read() returned ret=True
2025-07-04 14:42:46,361 - app.services.camera_manager - INFO - [webcam1] saving to C:\Users\HiDigi\OneDrive\Desktop\WebDev\FacialRecognition\static\images\frame_webcam1_bc2c948d-86c1-4e9b-9e51-c2d0a991f8f3.jpg
2025-07-04 14:42:46,366 - app.services.camera_manager - INFO - [webcam1] cv2.imwrite() returned True
2025-07-04 14:42:46,433 - app.services.camera_manager - INFO - [webcam1] — iteration 285, calling cap.read()
2025-07-04 14:42:46,433 - app.services.camera_manager - INFO - [webcam1] — cap.read() returned ret=True
2025-07-04 14:42:46,435 - app.services.camera_manager - INFO - [webcam1] saving to C:\Users\HiDigi\OneDrive\Desktop\WebDev\FacialRecognition\static\images\frame_webcam1_2e6705ba-2dff-4c74-8680-b08e62dff7d8.jpg
2025-07-04 14:42:46,440 - app.services.camera_manager - INFO - [webcam1] cv2.imwrite() returned True
2025-07-04 14:42:46,517 - app.services.camera_manager - INFO - [webcam1] — iteration 286, calling cap.read()
2025-07-04 14:42:46,517 - app.services.camera_manager - INFO - [webcam1] — cap.read() returned ret=True
2025-07-04 14:42:46,519 - app.services.camera_manager - INFO - [webcam1] saving to C:\Users\HiDigi\OneDrive\Desktop\WebDev\FacialRecognition\static\images\frame_webcam1_e4293936-ffda-4c4a-9327-7197f1bf7d9e.jpg
2025-07-04 14:42:46,524 - app.services.camera_manager - INFO - [webcam1] cv2.imwrite() returned True
2025-07-04 14:42:46,584 - app.services.camera_manager - INFO - [webcam1] — iteration 287, calling cap.read()
2025-07-04 14:42:46,584 - app.services.camera_manager - INFO - [webcam1] — cap.read() returned ret=True
2025-07-04 14:42:46,585 - app.services.camera_manager - INFO - [webcam1] saving to C:\Users\HiDigi\OneDrive\Desktop\WebDev\FacialRecognition\static\images\frame_webcam1_74649c24-e588-4e41-9f21-bc5e87b167fd.jpg
2025-07-04 14:42:46,591 - app.services.camera_manager - INFO - [webcam1] cv2.imwrite() returned True
2025-07-04 14:42:46,658 - app.services.camera_manager - INFO - [webcam1] — iteration 288, calling cap.read()
2025-07-04 14:42:46,658 - app.services.camera_manager - INFO - [webcam1] — cap.read() returned ret=True
2025-07-04 14:42:46,659 - app.services.camera_manager - INFO - [webcam1] saving to C:\Users\HiDigi\OneDrive\Desktop\WebDev\FacialRecognition\static\images\frame_webcam1_1ad08918-2680-4378-b081-07c327d73c19.jpg
2025-07-04 14:42:46,665 - app.services.camera_manager - INFO - [webcam1] cv2.imwrite() returned True
2025-07-04 14:42:46,733 - app.services.camera_manager - INFO - [webcam1] — iteration 289, calling cap.read()
2025-07-04 14:42:46,733 - app.services.camera_manager - INFO - [webcam1] — cap.read() returned ret=True
2025-07-04 14:42:46,734 - app.services.camera_manager - INFO - [webcam1] saving to C:\Users\HiDigi\OneDrive\Desktop\WebDev\FacialRecognition\static\images\frame_webcam1_fa233d24-8817-4438-8d97-a22a836e35a5.jpg
2025-07-04 14:42:46,739 - app.services.camera_manager - INFO - [webcam1] cv2.imwrite() returned True
2025-07-04 14:42:46,797 - app.services.camera_manager - INFO - [webcam1] — iteration 290, calling cap.read()
2025-07-04 14:42:46,798 - app.services.camera_manager - INFO - [webcam1] — cap.read() returned ret=True
2025-07-04 14:42:46,799 - app.services.camera_manager - INFO - [webcam1] saving to C:\Users\HiDigi\OneDrive\Desktop\WebDev\FacialRecognition\static\images\frame_webcam1_2c454255-facd-40a2-b77f-20579a69fb08.jpg
2025-07-04 14:42:46,805 - app.services.camera_manager - INFO - [webcam1] cv2.imwrite() returned True
2025-07-04 14:42:46,873 - app.services.camera_manager - INFO - [webcam1] — iteration 291, calling cap.read()
2025-07-04 14:42:46,873 - app.services.camera_manager - INFO - [webcam1] — cap.read() returned ret=True
2025-07-04 14:42:46,875 - app.services.camera_manager - INFO - [webcam1] saving to C:\Users\HiDigi\OneDrive\Desktop\WebDev\FacialRecognition\static\images\frame_webcam1_3799717f-1e3a-47bb-acf9-2ca13e7dda80.jpg
2025-07-04 14:42:46,880 - app.services.camera_manager - INFO - [webcam1] cv2.imwrite() returned True
2025-07-04 14:42:46,948 - app.services.camera_manager - INFO - [webcam1] — iteration 292, calling cap.read()
2025-07-04 14:42:46,948 - app.services.camera_manager - INFO - [webcam1] — cap.read() returned ret=True
2025-07-04 14:42:46,949 - app.services.camera_manager - INFO - [webcam1] saving to C:\Users\HiDigi\OneDrive\Desktop\WebDev\FacialRecognition\static\images\frame_webcam1_0d57ead2-eff9-4098-bd56-3ef8c2527be2.jpg
2025-07-04 14:42:46,955 - app.services.camera_manager - INFO - [webcam1] cv2.imwrite() returned True
2025-07-04 14:42:47,030 - app.services.camera_manager - INFO - [webcam1] — iteration 293, calling cap.read()
2025-07-04 14:42:47,030 - app.services.camera_manager - INFO - [webcam1] — cap.read() returned ret=True
2025-07-04 14:42:47,031 - app.services.camera_manager - INFO - [webcam1] saving to C:\Users\HiDigi\OneDrive\Desktop\WebDev\FacialRecognition\static\images\frame_webcam1_1dceda42-1709-4c04-bf2f-1bbf57a9ea7c.jpg
2025-07-04 14:42:47,037 - app.services.camera_manager - INFO - [webcam1] cv2.imwrite() returned True
2025-07-04 14:42:47,098 - app.services.camera_manager - INFO - [webcam1] — iteration 294, calling cap.read()
2025-07-04 14:42:47,098 - app.services.camera_manager - INFO - [webcam1] — cap.read() returned ret=True
2025-07-04 14:42:47,099 - app.services.camera_manager - INFO - [webcam1] saving to C:\Users\HiDigi\OneDrive\Desktop\WebDev\FacialRecognition\static\images\frame_webcam1_d937eb16-b1ad-42a7-ba9e-cf7900296340.jpg
2025-07-04 14:42:47,106 - app.services.camera_manager - INFO - [webcam1] cv2.imwrite() returned True
2025-07-04 14:42:47,174 - app.services.camera_manager - INFO - [webcam1] — iteration 295, calling cap.read()
2025-07-04 14:42:47,175 - app.services.camera_manager - INFO - [webcam1] — cap.read() returned ret=True
2025-07-04 14:42:47,175 - app.services.camera_manager - INFO - [webcam1] saving to C:\Users\HiDigi\OneDrive\Desktop\WebDev\FacialRecognition\static\images\frame_webcam1_09027b74-4bab-4577-8e08-64e8662d3242.jpg
2025-07-04 14:42:47,181 - app.services.camera_manager - INFO - [webcam1] cv2.imwrite() returned True
2025-07-04 14:42:47,249 - app.services.camera_manager - INFO - [webcam1] — iteration 296, calling cap.read()
2025-07-04 14:42:47,250 - app.services.camera_manager - INFO - [webcam1] — cap.read() returned ret=True
2025-07-04 14:42:47,251 - app.services.camera_manager - INFO - [webcam1] saving to C:\Users\HiDigi\OneDrive\Desktop\WebDev\FacialRecognition\static\images\frame_webcam1_0dccaed0-f866-41ae-bdd5-e3de2844c3c7.jpg
2025-07-04 14:42:47,258 - app.services.camera_manager - INFO - [webcam1] cv2.imwrite() returned True
2025-07-04 14:42:47,317 - app.services.camera_manager - INFO - [webcam1] — iteration 297, calling cap.read()
2025-07-04 14:42:47,317 - app.services.camera_manager - INFO - [webcam1] — cap.read() returned ret=True
2025-07-04 14:42:47,319 - app.services.camera_manager - INFO - [webcam1] saving to C:\Users\HiDigi\OneDrive\Desktop\WebDev\FacialRecognition\static\images\frame_webcam1_2c0e4de5-44b6-4525-9038-7a0c962e8903.jpg
2025-07-04 14:42:47,324 - app.services.camera_manager - INFO - [webcam1] cv2.imwrite() returned True
2025-07-04 14:42:47,399 - app.services.camera_manager - INFO - [webcam1] — iteration 298, calling cap.read()
2025-07-04 14:42:47,399 - app.services.camera_manager - INFO - [webcam1] — cap.read() returned ret=True
2025-07-04 14:42:47,399 - app.services.camera_manager - INFO - [webcam1] saving to C:\Users\HiDigi\OneDrive\Desktop\WebDev\FacialRecognition\static\images\frame_webcam1_d8f61bdb-8cbb-47cf-b2dd-57f935665608.jpg
2025-07-04 14:42:47,406 - app.services.camera_manager - INFO - [webcam1] cv2.imwrite() returned True
2025-07-04 14:42:47,474 - app.services.camera_manager - INFO - [webcam1] — iteration 299, calling cap.read()
2025-07-04 14:42:47,474 - app.services.camera_manager - INFO - [webcam1] — cap.read() returned ret=True
2025-07-04 14:42:47,475 - app.services.camera_manager - INFO - [webcam1] saving to C:\Users\HiDigi\OneDrive\Desktop\WebDev\FacialRecognition\static\images\frame_webcam1_d8e87a79-9b49-4392-8302-cf00f0da0420.jpg
2025-07-04 14:42:47,481 - app.services.camera_manager - INFO - [webcam1] cv2.imwrite() returned True
2025-07-04 14:42:47,548 - app.services.camera_manager - INFO - [webcam1] — iteration 300, calling cap.read()
2025-07-04 14:42:47,550 - app.services.camera_manager - INFO - [webcam1] — cap.read() returned ret=True
2025-07-04 14:42:47,553 - app.services.camera_manager - INFO - [webcam1] saving to C:\Users\HiDigi\OneDrive\Desktop\WebDev\FacialRecognition\static\images\frame_webcam1_094bace3-28fc-46df-9274-2401a785e3a4.jpg
2025-07-04 14:42:47,558 - app.services.camera_manager - INFO - [webcam1] cv2.imwrite() returned True
2025-07-04 14:42:47,617 - app.services.camera_manager - INFO - [webcam1] — iteration 301, calling cap.read()
2025-07-04 14:42:47,617 - app.services.camera_manager - INFO - [webcam1] — cap.read() returned ret=True
2025-07-04 14:42:47,618 - app.services.camera_manager - INFO - [webcam1] saving to C:\Users\HiDigi\OneDrive\Desktop\WebDev\FacialRecognition\static\images\frame_webcam1_f47d60c5-6c82-4d63-84d8-c0ece5da2fb5.jpg
2025-07-04 14:42:47,624 - app.services.camera_manager - INFO - [webcam1] cv2.imwrite() returned True
2025-07-04 14:42:47,692 - app.services.camera_manager - INFO - [webcam1] — iteration 302, calling cap.read()
2025-07-04 14:42:47,692 - app.services.camera_manager - INFO - [webcam1] — cap.read() returned ret=True
2025-07-04 14:42:47,694 - app.services.camera_manager - INFO - [webcam1] saving to C:\Users\HiDigi\OneDrive\Desktop\WebDev\FacialRecognition\static\images\frame_webcam1_c3ee209b-cec6-43e6-9c4b-27b66386eb9c.jpg
2025-07-04 14:42:47,698 - app.services.camera_manager - INFO - [webcam1] cv2.imwrite() returned True
2025-07-04 14:42:47,767 - app.services.camera_manager - INFO - [webcam1] — iteration 303, calling cap.read()
2025-07-04 14:42:47,767 - app.services.camera_manager - INFO - [webcam1] — cap.read() returned ret=True
2025-07-04 14:42:47,768 - app.services.camera_manager - INFO - [webcam1] saving to C:\Users\HiDigi\OneDrive\Desktop\WebDev\FacialRecognition\static\images\frame_webcam1_b9caeda4-ffff-4bf9-b2b0-bbfe8a0a977e.jpg
2025-07-04 14:42:47,774 - app.services.camera_manager - INFO - [webcam1] cv2.imwrite() returned True
2025-07-04 14:42:47,834 - app.services.camera_manager - INFO - [webcam1] — iteration 304, calling cap.read()
2025-07-04 14:42:47,834 - app.services.camera_manager - INFO - [webcam1] — cap.read() returned ret=True
2025-07-04 14:42:47,835 - app.services.camera_manager - INFO - [webcam1] saving to C:\Users\HiDigi\OneDrive\Desktop\WebDev\FacialRecognition\static\images\frame_webcam1_42090a84-05e1-4f65-a36a-14b5f4943d0b.jpg
2025-07-04 14:42:47,840 - app.services.camera_manager - INFO - [webcam1] cv2.imwrite() returned True
2025-07-04 14:42:47,914 - app.services.camera_manager - INFO - [webcam1] — iteration 305, calling cap.read()
2025-07-04 14:42:47,914 - app.services.camera_manager - INFO - [webcam1] — cap.read() returned ret=True
2025-07-04 14:42:47,915 - app.services.camera_manager - INFO - [webcam1] saving to C:\Users\HiDigi\OneDrive\Desktop\WebDev\FacialRecognition\static\images\frame_webcam1_a3763b0e-6e03-4693-8c2c-629cb1a34340.jpg
2025-07-04 14:42:47,921 - app.services.camera_manager - INFO - [webcam1] cv2.imwrite() returned True
2025-07-04 14:42:47,989 - app.services.camera_manager - INFO - [webcam1] — iteration 306, calling cap.read()
2025-07-04 14:42:47,989 - app.services.camera_manager - INFO - [webcam1] — cap.read() returned ret=True
2025-07-04 14:42:47,990 - app.services.camera_manager - INFO - [webcam1] saving to C:\Users\HiDigi\OneDrive\Desktop\WebDev\FacialRecognition\static\images\frame_webcam1_88775e74-5587-4b25-9136-7d0057c6511c.jpg
2025-07-04 14:42:47,996 - app.services.camera_manager - INFO - [webcam1] cv2.imwrite() returned True
2025-07-04 14:42:48,064 - app.services.camera_manager - INFO - [webcam1] — iteration 307, calling cap.read()
2025-07-04 14:42:48,064 - app.services.camera_manager - INFO - [webcam1] — cap.read() returned ret=True
2025-07-04 14:42:48,065 - app.services.camera_manager - INFO - [webcam1] saving to C:\Users\HiDigi\OneDrive\Desktop\WebDev\FacialRecognition\static\images\frame_webcam1_0ff51fba-48af-4652-b943-5a7c466bf7b1.jpg
2025-07-04 14:42:48,071 - app.services.camera_manager - INFO - [webcam1] cv2.imwrite() returned True
2025-07-04 14:42:48,131 - app.services.camera_manager - INFO - [webcam1] — iteration 308, calling cap.read()
2025-07-04 14:42:48,131 - app.services.camera_manager - INFO - [webcam1] — cap.read() returned ret=True
2025-07-04 14:42:48,132 - app.services.camera_manager - INFO - [webcam1] saving to C:\Users\HiDigi\OneDrive\Desktop\WebDev\FacialRecognition\static\images\frame_webcam1_ed168999-b159-4833-8dbc-47a87bab2191.jpg
2025-07-04 14:42:48,138 - app.services.camera_manager - INFO - [webcam1] cv2.imwrite() returned True
2025-07-04 14:42:48,206 - app.services.camera_manager - INFO - [webcam1] — iteration 309, calling cap.read()
2025-07-04 14:42:48,206 - app.services.camera_manager - INFO - [webcam1] — cap.read() returned ret=True
2025-07-04 14:42:48,207 - app.services.camera_manager - INFO - [webcam1] saving to C:\Users\HiDigi\OneDrive\Desktop\WebDev\FacialRecognition\static\images\frame_webcam1_03a31e56-bc68-4df7-9719-a4dbf0bfe99b.jpg
2025-07-04 14:42:48,212 - app.services.camera_manager - INFO - [webcam1] cv2.imwrite() returned True
2025-07-04 14:42:48,280 - app.services.camera_manager - INFO - [webcam1] — iteration 310, calling cap.read()
2025-07-04 14:42:48,280 - app.services.camera_manager - INFO - [webcam1] — cap.read() returned ret=True
2025-07-04 14:42:48,281 - app.services.camera_manager - INFO - [webcam1] saving to C:\Users\HiDigi\OneDrive\Desktop\WebDev\FacialRecognition\static\images\frame_webcam1_3ab0d82a-64a9-4d29-a487-485cf51b4a22.jpg
2025-07-04 14:42:48,287 - app.services.camera_manager - INFO - [webcam1] cv2.imwrite() returned True
2025-07-04 14:42:48,347 - app.services.camera_manager - INFO - [webcam1] — iteration 311, calling cap.read()
2025-07-04 14:42:48,347 - app.services.camera_manager - INFO - [webcam1] — cap.read() returned ret=True
2025-07-04 14:42:48,348 - app.services.camera_manager - INFO - [webcam1] saving to C:\Users\HiDigi\OneDrive\Desktop\WebDev\FacialRecognition\static\images\frame_webcam1_479fc609-7d77-4d23-8ee7-419adc4d5ab8.jpg
2025-07-04 14:42:48,354 - app.services.camera_manager - INFO - [webcam1] cv2.imwrite() returned True
2025-07-04 14:42:48,422 - app.services.camera_manager - INFO - [webcam1] — iteration 312, calling cap.read()
2025-07-04 14:42:48,423 - app.services.camera_manager - INFO - [webcam1] — cap.read() returned ret=True
2025-07-04 14:42:48,423 - app.services.camera_manager - INFO - [webcam1] saving to C:\Users\HiDigi\OneDrive\Desktop\WebDev\FacialRecognition\static\images\frame_webcam1_58b05b29-acce-455c-8a9e-09d757f7910c.jpg
2025-07-04 14:42:48,429 - app.services.camera_manager - INFO - [webcam1] cv2.imwrite() returned True
2025-07-04 14:42:48,496 - app.services.camera_manager - INFO - [webcam1] — iteration 313, calling cap.read()
2025-07-04 14:42:48,496 - app.services.camera_manager - INFO - [webcam1] — cap.read() returned ret=True
2025-07-04 14:42:48,497 - app.services.camera_manager - INFO - [webcam1] saving to C:\Users\HiDigi\OneDrive\Desktop\WebDev\FacialRecognition\static\images\frame_webcam1_3764adc5-4f3e-42c8-b78d-89119016768a.jpg
2025-07-04 14:42:48,503 - app.services.camera_manager - INFO - [webcam1] cv2.imwrite() returned True
2025-07-04 14:42:48,578 - app.services.camera_manager - INFO - [webcam1] — iteration 314, calling cap.read()
2025-07-04 14:42:48,578 - app.services.camera_manager - INFO - [webcam1] — cap.read() returned ret=True
2025-07-04 14:42:48,579 - app.services.camera_manager - INFO - [webcam1] saving to C:\Users\HiDigi\OneDrive\Desktop\WebDev\FacialRecognition\static\images\frame_webcam1_dfbb39cc-6bfa-47e9-94dc-bd8ceedd4f55.jpg
2025-07-04 14:42:48,585 - app.services.camera_manager - INFO - [webcam1] cv2.imwrite() returned True
2025-07-04 14:42:48,645 - app.services.camera_manager - INFO - [webcam1] — iteration 315, calling cap.read()
2025-07-04 14:42:48,645 - app.services.camera_manager - INFO - [webcam1] — cap.read() returned ret=True
2025-07-04 14:42:48,647 - app.services.camera_manager - INFO - [webcam1] saving to C:\Users\HiDigi\OneDrive\Desktop\WebDev\FacialRecognition\static\images\frame_webcam1_95cae28a-0bdf-48ce-a910-40cb7c8391e1.jpg
2025-07-04 14:42:48,656 - app.services.camera_manager - INFO - [webcam1] cv2.imwrite() returned True
2025-07-04 14:42:48,723 - app.services.camera_manager - INFO - [webcam1] — iteration 316, calling cap.read()
2025-07-04 14:42:48,723 - app.services.camera_manager - INFO - [webcam1] — cap.read() returned ret=True
2025-07-04 14:42:48,724 - app.services.camera_manager - INFO - [webcam1] saving to C:\Users\HiDigi\OneDrive\Desktop\WebDev\FacialRecognition\static\images\frame_webcam1_ba7f9b62-6b76-43fe-8303-2038b66feb6d.jpg
2025-07-04 14:42:48,730 - app.services.camera_manager - INFO - [webcam1] cv2.imwrite() returned True
2025-07-04 14:42:48,798 - app.services.camera_manager - INFO - [webcam1] — iteration 317, calling cap.read()
2025-07-04 14:42:48,798 - app.services.camera_manager - INFO - [webcam1] — cap.read() returned ret=True
2025-07-04 14:42:48,799 - app.services.camera_manager - INFO - [webcam1] saving to C:\Users\HiDigi\OneDrive\Desktop\WebDev\FacialRecognition\static\images\frame_webcam1_72aa7cb7-c917-45b0-825c-861f95b6c3dc.jpg
2025-07-04 14:42:48,805 - app.services.camera_manager - INFO - [webcam1] cv2.imwrite() returned True
2025-07-04 14:42:48,864 - app.services.camera_manager - INFO - [webcam1] — iteration 318, calling cap.read()
2025-07-04 14:42:48,865 - app.services.camera_manager - INFO - [webcam1] — cap.read() returned ret=True
2025-07-04 14:42:48,866 - app.services.camera_manager - INFO - [webcam1] saving to C:\Users\HiDigi\OneDrive\Desktop\WebDev\FacialRecognition\static\images\frame_webcam1_3013e0b6-0924-4b3e-8f7d-6fd1a41aaf5d.jpg
2025-07-04 14:42:48,872 - app.services.camera_manager - INFO - [webcam1] cv2.imwrite() returned True
2025-07-04 14:42:48,945 - app.services.camera_manager - INFO - [webcam1] — iteration 319, calling cap.read()
2025-07-04 14:42:48,945 - app.services.camera_manager - INFO - [webcam1] — cap.read() returned ret=True
2025-07-04 14:42:48,946 - app.services.camera_manager - INFO - [webcam1] saving to C:\Users\HiDigi\OneDrive\Desktop\WebDev\FacialRecognition\static\images\frame_webcam1_5a77700d-86ce-4ec0-9e78-b011fb15867c.jpg
2025-07-04 14:42:48,952 - app.services.camera_manager - INFO - [webcam1] cv2.imwrite() returned True
2025-07-04 14:42:49,020 - app.services.camera_manager - INFO - [webcam1] — iteration 320, calling cap.read()
2025-07-04 14:42:49,020 - app.services.camera_manager - INFO - [webcam1] — cap.read() returned ret=True
2025-07-04 14:42:49,021 - app.services.camera_manager - INFO - [webcam1] saving to C:\Users\HiDigi\OneDrive\Desktop\WebDev\FacialRecognition\static\images\frame_webcam1_ee056015-5042-4f95-bb91-6ca7e8e33690.jpg
2025-07-04 14:42:49,026 - app.services.camera_manager - INFO - [webcam1] cv2.imwrite() returned True
2025-07-04 14:42:49,094 - app.services.camera_manager - INFO - [webcam1] — iteration 321, calling cap.read()
2025-07-04 14:42:49,094 - app.services.camera_manager - INFO - [webcam1] — cap.read() returned ret=True
2025-07-04 14:42:49,094 - app.services.camera_manager - INFO - [webcam1] saving to C:\Users\HiDigi\OneDrive\Desktop\WebDev\FacialRecognition\static\images\frame_webcam1_dea4e42a-91e5-4258-b59f-b056f74742de.jpg
2025-07-04 14:42:49,102 - app.services.camera_manager - INFO - [webcam1] cv2.imwrite() returned True
2025-07-04 14:42:49,161 - app.services.camera_manager - INFO - [webcam1] — iteration 322, calling cap.read()
2025-07-04 14:42:49,161 - app.services.camera_manager - INFO - [webcam1] — cap.read() returned ret=True
2025-07-04 14:42:49,162 - app.services.camera_manager - INFO - [webcam1] saving to C:\Users\HiDigi\OneDrive\Desktop\WebDev\FacialRecognition\static\images\frame_webcam1_eb6d1da4-94c6-488c-924b-f2ccba82fee9.jpg
2025-07-04 14:42:49,168 - app.services.camera_manager - INFO - [webcam1] cv2.imwrite() returned True
2025-07-04 14:42:49,243 - app.services.camera_manager - INFO - [webcam1] — iteration 323, calling cap.read()
2025-07-04 14:42:49,243 - app.services.camera_manager - INFO - [webcam1] — cap.read() returned ret=True
2025-07-04 14:42:49,244 - app.services.camera_manager - INFO - [webcam1] saving to C:\Users\HiDigi\OneDrive\Desktop\WebDev\FacialRecognition\static\images\frame_webcam1_f18ad423-5b2b-4dfe-af39-8e624de29649.jpg
2025-07-04 14:42:49,250 - app.services.camera_manager - INFO - [webcam1] cv2.imwrite() returned True
2025-07-04 14:42:49,318 - app.services.camera_manager - INFO - [webcam1] — iteration 324, calling cap.read()
2025-07-04 14:42:49,318 - app.services.camera_manager - INFO - [webcam1] — cap.read() returned ret=True
2025-07-04 14:42:49,319 - app.services.camera_manager - INFO - [webcam1] saving to C:\Users\HiDigi\OneDrive\Desktop\WebDev\FacialRecognition\static\images\frame_webcam1_3aad0515-18c5-4a59-9b5f-900e8fa7f695.jpg
2025-07-04 14:42:49,325 - app.services.camera_manager - INFO - [webcam1] cv2.imwrite() returned True
2025-07-04 14:42:49,393 - app.services.camera_manager - INFO - [webcam1] — iteration 325, calling cap.read()
2025-07-04 14:42:49,395 - app.services.camera_manager - INFO - [webcam1] — cap.read() returned ret=True
2025-07-04 14:42:49,399 - app.services.camera_manager - INFO - [webcam1] saving to C:\Users\HiDigi\OneDrive\Desktop\WebDev\FacialRecognition\static\images\frame_webcam1_1fe21f0e-d22b-453d-9352-28dcbceab980.jpg
2025-07-04 14:42:49,408 - app.services.camera_manager - INFO - [webcam1] cv2.imwrite() returned True
2025-07-04 14:42:49,483 - app.services.camera_manager - INFO - [webcam1] — iteration 326, calling cap.read()
2025-07-04 14:42:49,483 - app.services.camera_manager - INFO - [webcam1] — cap.read() returned ret=True
2025-07-04 14:42:49,484 - app.services.camera_manager - INFO - [webcam1] saving to C:\Users\HiDigi\OneDrive\Desktop\WebDev\FacialRecognition\static\images\frame_webcam1_b2a142fd-7d78-4c92-a091-be02ea115e4d.jpg
2025-07-04 14:42:49,490 - app.services.camera_manager - INFO - [webcam1] cv2.imwrite() returned True
2025-07-04 14:42:49,551 - app.services.camera_manager - INFO - [webcam1] — iteration 327, calling cap.read()
2025-07-04 14:42:49,552 - app.services.camera_manager - INFO - [webcam1] — cap.read() returned ret=True
2025-07-04 14:42:49,553 - app.services.camera_manager - INFO - [webcam1] saving to C:\Users\HiDigi\OneDrive\Desktop\WebDev\FacialRecognition\static\images\frame_webcam1_4729512b-9b9c-4d3b-89f3-640d6c706b0c.jpg
2025-07-04 14:42:49,558 - app.services.camera_manager - INFO - [webcam1] cv2.imwrite() returned True
2025-07-04 14:42:49,625 - app.services.camera_manager - INFO - [webcam1] — iteration 328, calling cap.read()
2025-07-04 14:42:49,626 - app.services.camera_manager - INFO - [webcam1] — cap.read() returned ret=True
2025-07-04 14:42:49,627 - app.services.camera_manager - INFO - [webcam1] saving to C:\Users\HiDigi\OneDrive\Desktop\WebDev\FacialRecognition\static\images\frame_webcam1_fc79c9ec-edd0-4be8-b2ec-e0e62e0e8118.jpg
2025-07-04 14:42:49,632 - app.services.camera_manager - INFO - [webcam1] cv2.imwrite() returned True
2025-07-04 14:42:49,699 - app.services.camera_manager - INFO - [webcam1] — iteration 329, calling cap.read()
2025-07-04 14:42:49,699 - app.services.camera_manager - INFO - [webcam1] — cap.read() returned ret=True
2025-07-04 14:42:49,701 - app.services.camera_manager - INFO - [webcam1] saving to C:\Users\HiDigi\OneDrive\Desktop\WebDev\FacialRecognition\static\images\frame_webcam1_af1ee128-03b8-4d22-8021-5de9aa22eda0.jpg
2025-07-04 14:42:49,706 - app.services.camera_manager - INFO - [webcam1] cv2.imwrite() returned True
2025-07-04 14:42:49,782 - app.services.camera_manager - INFO - [webcam1] — iteration 330, calling cap.read()
2025-07-04 14:42:49,782 - app.services.camera_manager - INFO - [webcam1] — cap.read() returned ret=True
2025-07-04 14:42:49,784 - app.services.camera_manager - INFO - [webcam1] saving to C:\Users\HiDigi\OneDrive\Desktop\WebDev\FacialRecognition\static\images\frame_webcam1_f9321f63-ea60-4280-9b80-fae4c6ccc936.jpg
2025-07-04 14:42:49,789 - app.services.camera_manager - INFO - [webcam1] cv2.imwrite() returned True
2025-07-04 14:42:49,849 - app.services.camera_manager - INFO - [webcam1] — iteration 331, calling cap.read()
2025-07-04 14:42:49,849 - app.services.camera_manager - INFO - [webcam1] — cap.read() returned ret=True
2025-07-04 14:42:49,850 - app.services.camera_manager - INFO - [webcam1] saving to C:\Users\HiDigi\OneDrive\Desktop\WebDev\FacialRecognition\static\images\frame_webcam1_6babc8fb-cff4-4b91-aead-2adf706706b7.jpg
2025-07-04 14:42:49,856 - app.services.camera_manager - INFO - [webcam1] cv2.imwrite() returned True
2025-07-04 14:42:49,923 - app.services.camera_manager - INFO - [webcam1] — iteration 332, calling cap.read()
2025-07-04 14:42:49,924 - app.services.camera_manager - INFO - [webcam1] — cap.read() returned ret=True
2025-07-04 14:42:49,925 - app.services.camera_manager - INFO - [webcam1] saving to C:\Users\HiDigi\OneDrive\Desktop\WebDev\FacialRecognition\static\images\frame_webcam1_251439f5-43bd-4f4c-8c92-2fbee5e7562b.jpg
2025-07-04 14:42:49,931 - app.services.camera_manager - INFO - [webcam1] cv2.imwrite() returned True
2025-07-04 14:42:49,999 - app.services.camera_manager - INFO - [webcam1] — iteration 333, calling cap.read()
2025-07-04 14:42:50,000 - app.services.camera_manager - INFO - [webcam1] — cap.read() returned ret=True
2025-07-04 14:42:50,004 - app.services.camera_manager - INFO - [webcam1] saving to C:\Users\HiDigi\OneDrive\Desktop\WebDev\FacialRecognition\static\images\frame_webcam1_c2cc5291-8fa3-4f91-9bf9-1d24cf7c42b7.jpg
2025-07-04 14:42:50,013 - app.services.camera_manager - INFO - [webcam1] cv2.imwrite() returned True
2025-07-04 14:42:50,083 - app.services.camera_manager - INFO - [webcam1] — iteration 334, calling cap.read()
2025-07-04 14:42:50,083 - app.services.camera_manager - INFO - [webcam1] — cap.read() returned ret=True
2025-07-04 14:42:50,084 - app.services.camera_manager - INFO - [webcam1] saving to C:\Users\HiDigi\OneDrive\Desktop\WebDev\FacialRecognition\static\images\frame_webcam1_6a5cfc8c-f660-47e2-ae7d-2c68d7d27cf1.jpg
2025-07-04 14:42:50,090 - app.services.camera_manager - INFO - [webcam1] cv2.imwrite() returned True
2025-07-04 14:42:50,165 - app.services.camera_manager - INFO - [webcam1] — iteration 335, calling cap.read()
2025-07-04 14:42:50,166 - app.services.camera_manager - INFO - [webcam1] — cap.read() returned ret=True
2025-07-04 14:42:50,167 - app.services.camera_manager - INFO - [webcam1] saving to C:\Users\HiDigi\OneDrive\Desktop\WebDev\FacialRecognition\static\images\frame_webcam1_442810ea-9019-4082-80cd-ecfa48278f55.jpg
2025-07-04 14:42:50,173 - app.services.camera_manager - INFO - [webcam1] cv2.imwrite() returned True
2025-07-04 14:42:50,247 - app.services.camera_manager - INFO - [webcam1] — iteration 336, calling cap.read()
2025-07-04 14:42:50,250 - app.services.camera_manager - INFO - [webcam1] — cap.read() returned ret=True
2025-07-04 14:42:50,253 - app.services.camera_manager - INFO - [webcam1] saving to C:\Users\HiDigi\OneDrive\Desktop\WebDev\FacialRecognition\static\images\frame_webcam1_5870890f-289f-4cca-a328-3915c3999863.jpg
2025-07-04 14:42:50,263 - app.services.camera_manager - INFO - [webcam1] cv2.imwrite() returned True
2025-07-04 14:42:50,338 - app.services.camera_manager - INFO - [webcam1] — iteration 337, calling cap.read()
2025-07-04 14:42:50,340 - app.services.camera_manager - INFO - [webcam1] — cap.read() returned ret=True
2025-07-04 14:42:50,342 - app.services.camera_manager - INFO - [webcam1] saving to C:\Users\HiDigi\OneDrive\Desktop\WebDev\FacialRecognition\static\images\frame_webcam1_0313ef0d-185b-4d3f-9f36-e1ac8b983699.jpg
2025-07-04 14:42:50,349 - app.services.camera_manager - INFO - [webcam1] cv2.imwrite() returned True
2025-07-04 14:42:50,422 - app.services.camera_manager - INFO - [webcam1] — iteration 338, calling cap.read()
2025-07-04 14:42:50,424 - app.services.camera_manager - INFO - [webcam1] — cap.read() returned ret=True
2025-07-04 14:42:50,428 - app.services.camera_manager - INFO - [webcam1] saving to C:\Users\HiDigi\OneDrive\Desktop\WebDev\FacialRecognition\static\images\frame_webcam1_a6f3f3e2-beb6-4134-8333-a14528d0f0a9.jpg
2025-07-04 14:42:50,433 - app.services.camera_manager - INFO - [webcam1] cv2.imwrite() returned True
2025-07-04 14:42:50,501 - app.services.camera_manager - INFO - [webcam1] — iteration 339, calling cap.read()
2025-07-04 14:42:50,501 - app.services.camera_manager - INFO - [webcam1] — cap.read() returned ret=True
2025-07-04 14:42:50,502 - app.services.camera_manager - INFO - [webcam1] saving to C:\Users\HiDigi\OneDrive\Desktop\WebDev\FacialRecognition\static\images\frame_webcam1_fba6fb69-5c45-4b0a-9be0-846d3f2ba08d.jpg
2025-07-04 14:42:50,508 - app.services.camera_manager - INFO - [webcam1] cv2.imwrite() returned True
2025-07-04 14:42:50,576 - app.services.camera_manager - INFO - [webcam1] — iteration 340, calling cap.read()
2025-07-04 14:42:50,576 - app.services.camera_manager - INFO - [webcam1] — cap.read() returned ret=True
2025-07-04 14:42:50,577 - app.services.camera_manager - INFO - [webcam1] saving to C:\Users\HiDigi\OneDrive\Desktop\WebDev\FacialRecognition\static\images\frame_webcam1_a0cd75ba-5754-4747-8119-7ee8c3abb57c.jpg
2025-07-04 14:42:50,583 - app.services.camera_manager - INFO - [webcam1] cv2.imwrite() returned True
2025-07-04 14:42:50,642 - app.services.camera_manager - INFO - [webcam1] — iteration 341, calling cap.read()
2025-07-04 14:42:50,642 - app.services.camera_manager - INFO - [webcam1] — cap.read() returned ret=True
2025-07-04 14:42:50,644 - app.services.camera_manager - INFO - [webcam1] saving to C:\Users\HiDigi\OneDrive\Desktop\WebDev\FacialRecognition\static\images\frame_webcam1_2f417536-c42a-4da9-9342-42ffa478627c.jpg
2025-07-04 14:42:50,649 - app.services.camera_manager - INFO - [webcam1] cv2.imwrite() returned True
2025-07-04 14:42:50,717 - app.services.camera_manager - INFO - [webcam1] — iteration 342, calling cap.read()
2025-07-04 14:42:50,718 - app.services.camera_manager - INFO - [webcam1] — cap.read() returned ret=True
2025-07-04 14:42:50,722 - app.services.camera_manager - INFO - [webcam1] saving to C:\Users\HiDigi\OneDrive\Desktop\WebDev\FacialRecognition\static\images\frame_webcam1_801e7ac7-1445-4ba7-bdb7-4eb65787392f.jpg
2025-07-04 14:42:50,739 - app.services.camera_manager - INFO - [webcam1] cv2.imwrite() returned True
2025-07-04 14:42:50,807 - app.services.camera_manager - INFO - [webcam1] — iteration 343, calling cap.read()
2025-07-04 14:42:50,809 - app.services.camera_manager - INFO - [webcam1] — cap.read() returned ret=True
2025-07-04 14:42:50,812 - app.services.camera_manager - INFO - [webcam1] saving to C:\Users\HiDigi\OneDrive\Desktop\WebDev\FacialRecognition\static\images\frame_webcam1_836c23cc-2f01-4f18-a008-bfb1160d2c64.jpg
2025-07-04 14:42:50,818 - app.services.camera_manager - INFO - [webcam1] cv2.imwrite() returned True
2025-07-04 14:42:50,877 - app.services.camera_manager - INFO - [webcam1] — iteration 344, calling cap.read()
2025-07-04 14:42:50,877 - app.services.camera_manager - INFO - [webcam1] — cap.read() returned ret=True
2025-07-04 14:42:50,878 - app.services.camera_manager - INFO - [webcam1] saving to C:\Users\HiDigi\OneDrive\Desktop\WebDev\FacialRecognition\static\images\frame_webcam1_9d1d2060-9eee-42a5-ad53-9d15ba6d59bb.jpg
2025-07-04 14:42:50,884 - app.services.camera_manager - INFO - [webcam1] cv2.imwrite() returned True
2025-07-04 14:42:50,952 - app.services.camera_manager - INFO - [webcam1] — iteration 345, calling cap.read()
2025-07-04 14:42:50,952 - app.services.camera_manager - INFO - [webcam1] — cap.read() returned ret=True
2025-07-04 14:42:50,953 - app.services.camera_manager - INFO - [webcam1] saving to C:\Users\HiDigi\OneDrive\Desktop\WebDev\FacialRecognition\static\images\frame_webcam1_d9098bf9-ceae-4b55-a59f-3fcf6a6655ab.jpg
2025-07-04 14:42:50,959 - app.services.camera_manager - INFO - [webcam1] cv2.imwrite() returned True
2025-07-04 14:42:51,027 - app.services.camera_manager - INFO - [webcam1] — iteration 346, calling cap.read()
2025-07-04 14:42:51,027 - app.services.camera_manager - INFO - [webcam1] — cap.read() returned ret=True
2025-07-04 14:42:51,028 - app.services.camera_manager - INFO - [webcam1] saving to C:\Users\HiDigi\OneDrive\Desktop\WebDev\FacialRecognition\static\images\frame_webcam1_b55314ed-f622-456b-a51c-d992911fb752.jpg
2025-07-04 14:42:51,034 - app.services.camera_manager - INFO - [webcam1] cv2.imwrite() returned True
2025-07-04 14:42:51,109 - app.services.camera_manager - INFO - [webcam1] — iteration 347, calling cap.read()
2025-07-04 14:42:51,110 - app.services.camera_manager - INFO - [webcam1] — cap.read() returned ret=True
2025-07-04 14:42:51,111 - app.services.camera_manager - INFO - [webcam1] saving to C:\Users\HiDigi\OneDrive\Desktop\WebDev\FacialRecognition\static\images\frame_webcam1_d2593cd3-230c-4e86-9fa6-6e7e827e72a0.jpg
2025-07-04 14:42:51,116 - app.services.camera_manager - INFO - [webcam1] cv2.imwrite() returned True
2025-07-04 14:42:51,176 - app.services.camera_manager - INFO - [webcam1] — iteration 348, calling cap.read()
2025-07-04 14:42:51,177 - app.services.camera_manager - INFO - [webcam1] — cap.read() returned ret=True
2025-07-04 14:42:51,178 - app.services.camera_manager - INFO - [webcam1] saving to C:\Users\HiDigi\OneDrive\Desktop\WebDev\FacialRecognition\static\images\frame_webcam1_e4a9b6b4-0e12-46aa-91b1-473688abafa7.jpg
2025-07-04 14:42:51,183 - app.services.camera_manager - INFO - [webcam1] cv2.imwrite() returned True
2025-07-04 14:42:51,250 - app.services.camera_manager - INFO - [webcam1] — iteration 349, calling cap.read()
2025-07-04 14:42:51,252 - app.services.camera_manager - INFO - [webcam1] — cap.read() returned ret=True
2025-07-04 14:42:51,256 - app.services.camera_manager - INFO - [webcam1] saving to C:\Users\HiDigi\OneDrive\Desktop\WebDev\FacialRecognition\static\images\frame_webcam1_955d32ea-d00b-495a-90b3-46844cfd747f.jpg
2025-07-04 14:42:51,267 - app.services.camera_manager - INFO - [webcam1] cv2.imwrite() returned True
2025-07-04 14:42:51,336 - app.services.camera_manager - INFO - [webcam1] — iteration 350, calling cap.read()
2025-07-04 14:42:51,336 - app.services.camera_manager - INFO - [webcam1] — cap.read() returned ret=True
2025-07-04 14:42:51,337 - app.services.camera_manager - INFO - [webcam1] saving to C:\Users\HiDigi\OneDrive\Desktop\WebDev\FacialRecognition\static\images\frame_webcam1_72ad4efe-8920-4fce-8be2-f1edd755324f.jpg
2025-07-04 14:42:51,343 - app.services.camera_manager - INFO - [webcam1] cv2.imwrite() returned True
2025-07-04 14:42:51,418 - app.services.camera_manager - INFO - [webcam1] — iteration 351, calling cap.read()
2025-07-04 14:42:51,418 - app.services.camera_manager - INFO - [webcam1] — cap.read() returned ret=True
2025-07-04 14:42:51,421 - app.services.camera_manager - INFO - [webcam1] saving to C:\Users\HiDigi\OneDrive\Desktop\WebDev\FacialRecognition\static\images\frame_webcam1_6c25c8ff-c580-4ce9-a89d-db25dc5a618e.jpg
2025-07-04 14:42:51,427 - app.services.camera_manager - INFO - [webcam1] cv2.imwrite() returned True
2025-07-04 14:42:51,501 - app.services.camera_manager - INFO - [webcam1] — iteration 352, calling cap.read()
2025-07-04 14:42:51,501 - app.services.camera_manager - INFO - [webcam1] — cap.read() returned ret=True
2025-07-04 14:42:51,502 - app.services.camera_manager - INFO - [webcam1] saving to C:\Users\HiDigi\OneDrive\Desktop\WebDev\FacialRecognition\static\images\frame_webcam1_f1eb7f13-8a5d-4072-bbd7-79ac77b3ec13.jpg
2025-07-04 14:42:51,508 - app.services.camera_manager - INFO - [webcam1] cv2.imwrite() returned True
2025-07-04 14:42:51,562 - app.services.camera_manager - INFO - [webcam1] — iteration 353, calling cap.read()
2025-07-04 14:42:51,562 - app.services.camera_manager - INFO - [webcam1] — cap.read() returned ret=True
2025-07-04 14:42:51,563 - app.services.camera_manager - INFO - [webcam1] saving to C:\Users\HiDigi\OneDrive\Desktop\WebDev\FacialRecognition\static\images\frame_webcam1_9dd647bf-581d-4cf2-b497-783f0e7c0982.jpg
2025-07-04 14:42:51,569 - app.services.camera_manager - INFO - [webcam1] cv2.imwrite() returned True
2025-07-04 14:42:51,637 - app.services.camera_manager - INFO - [webcam1] — iteration 354, calling cap.read()
2025-07-04 14:42:51,637 - app.services.camera_manager - INFO - [webcam1] — cap.read() returned ret=True
2025-07-04 14:42:51,639 - app.services.camera_manager - INFO - [webcam1] saving to C:\Users\HiDigi\OneDrive\Desktop\WebDev\FacialRecognition\static\images\frame_webcam1_9b5ff997-6742-415d-857d-dda06f69cd34.jpg
2025-07-04 14:42:51,646 - app.services.camera_manager - INFO - [webcam1] cv2.imwrite() returned True
2025-07-04 14:42:51,706 - app.services.camera_manager - INFO - [webcam1] — iteration 355, calling cap.read()
2025-07-04 14:42:51,707 - app.services.camera_manager - INFO - [webcam1] — cap.read() returned ret=True
2025-07-04 14:42:51,708 - app.services.camera_manager - INFO - [webcam1] saving to C:\Users\HiDigi\OneDrive\Desktop\WebDev\FacialRecognition\static\images\frame_webcam1_c68ffee6-f92a-4b66-a254-99a2acedf3aa.jpg
2025-07-04 14:42:51,714 - app.services.camera_manager - INFO - [webcam1] cv2.imwrite() returned True
2025-07-04 14:42:51,782 - app.services.camera_manager - INFO - [webcam1] — iteration 356, calling cap.read()
2025-07-04 14:42:51,782 - app.services.camera_manager - INFO - [webcam1] — cap.read() returned ret=True
2025-07-04 14:42:51,783 - app.services.camera_manager - INFO - [webcam1] saving to C:\Users\HiDigi\OneDrive\Desktop\WebDev\FacialRecognition\static\images\frame_webcam1_2ee29fb4-43bb-491f-9e61-b67f0ef42cc0.jpg
2025-07-04 14:42:51,789 - app.services.camera_manager - INFO - [webcam1] cv2.imwrite() returned True
2025-07-04 14:42:51,857 - app.services.camera_manager - INFO - [webcam1] — iteration 357, calling cap.read()
2025-07-04 14:42:51,857 - app.services.camera_manager - INFO - [webcam1] — cap.read() returned ret=True
2025-07-04 14:42:51,858 - app.services.camera_manager - INFO - [webcam1] saving to C:\Users\HiDigi\OneDrive\Desktop\WebDev\FacialRecognition\static\images\frame_webcam1_c788c9d0-c46a-4696-bbd8-2d93f527141f.jpg
2025-07-04 14:42:51,864 - app.services.camera_manager - INFO - [webcam1] cv2.imwrite() returned True
2025-07-04 14:42:51,938 - app.services.camera_manager - INFO - [webcam1] — iteration 358, calling cap.read()
2025-07-04 14:42:51,939 - app.services.camera_manager - INFO - [webcam1] — cap.read() returned ret=True
2025-07-04 14:42:51,940 - app.services.camera_manager - INFO - [webcam1] saving to C:\Users\HiDigi\OneDrive\Desktop\WebDev\FacialRecognition\static\images\frame_webcam1_6832358b-0c1f-49e4-8147-30987568e085.jpg
2025-07-04 14:42:51,947 - app.services.camera_manager - INFO - [webcam1] cv2.imwrite() returned True
2025-07-04 14:42:52,008 - app.services.camera_manager - INFO - [webcam1] — iteration 359, calling cap.read()
2025-07-04 14:42:52,008 - app.services.camera_manager - INFO - [webcam1] — cap.read() returned ret=True
2025-07-04 14:42:52,009 - app.services.camera_manager - INFO - [webcam1] saving to C:\Users\HiDigi\OneDrive\Desktop\WebDev\FacialRecognition\static\images\frame_webcam1_7dd069f1-9bab-455b-be37-15ec9ce1ca7c.jpg
2025-07-04 14:42:52,015 - app.services.camera_manager - INFO - [webcam1] cv2.imwrite() returned True
2025-07-04 14:42:52,083 - app.services.camera_manager - INFO - [webcam1] — iteration 360, calling cap.read()
2025-07-04 14:42:52,084 - app.services.camera_manager - INFO - [webcam1] — cap.read() returned ret=True
2025-07-04 14:42:52,085 - app.services.camera_manager - INFO - [webcam1] saving to C:\Users\HiDigi\OneDrive\Desktop\WebDev\FacialRecognition\static\images\frame_webcam1_cc13c45f-f3aa-478e-bf0b-5a2acdf43f4a.jpg
2025-07-04 14:42:52,090 - app.services.camera_manager - INFO - [webcam1] cv2.imwrite() returned True
2025-07-04 14:42:52,158 - app.services.camera_manager - INFO - [webcam1] — iteration 361, calling cap.read()
2025-07-04 14:42:52,159 - app.services.camera_manager - INFO - [webcam1] — cap.read() returned ret=True
2025-07-04 14:42:52,160 - app.services.camera_manager - INFO - [webcam1] saving to C:\Users\HiDigi\OneDrive\Desktop\WebDev\FacialRecognition\static\images\frame_webcam1_e69a7d6a-4338-45ec-907a-17c36329db2d.jpg
2025-07-04 14:42:52,165 - app.services.camera_manager - INFO - [webcam1] cv2.imwrite() returned True
2025-07-04 14:42:52,226 - app.services.camera_manager - INFO - [webcam1] — iteration 362, calling cap.read()
2025-07-04 14:42:52,226 - app.services.camera_manager - INFO - [webcam1] — cap.read() returned ret=True
2025-07-04 14:42:52,227 - app.services.camera_manager - INFO - [webcam1] saving to C:\Users\HiDigi\OneDrive\Desktop\WebDev\FacialRecognition\static\images\frame_webcam1_cb5b5f56-510a-497a-8735-659428f8a21c.jpg
2025-07-04 14:42:52,232 - app.services.camera_manager - INFO - [webcam1] cv2.imwrite() returned True
2025-07-04 14:42:52,300 - app.services.camera_manager - INFO - [webcam1] — iteration 363, calling cap.read()
2025-07-04 14:42:52,300 - app.services.camera_manager - INFO - [webcam1] — cap.read() returned ret=True
2025-07-04 14:42:52,301 - app.services.camera_manager - INFO - [webcam1] saving to C:\Users\HiDigi\OneDrive\Desktop\WebDev\FacialRecognition\static\images\frame_webcam1_cbcefc07-6f38-4d07-ab10-aad7389005ee.jpg
2025-07-04 14:42:52,307 - app.services.camera_manager - INFO - [webcam1] cv2.imwrite() returned True
2025-07-04 14:42:52,375 - app.services.camera_manager - INFO - [webcam1] — iteration 364, calling cap.read()
2025-07-04 14:42:52,375 - app.services.camera_manager - INFO - [webcam1] — cap.read() returned ret=True
2025-07-04 14:42:52,376 - app.services.camera_manager - INFO - [webcam1] saving to C:\Users\HiDigi\OneDrive\Desktop\WebDev\FacialRecognition\static\images\frame_webcam1_f7a938ec-3d36-4842-b692-b55a84fb5dba.jpg
2025-07-04 14:42:52,382 - app.services.camera_manager - INFO - [webcam1] cv2.imwrite() returned True
2025-07-04 14:42:52,443 - app.services.camera_manager - INFO - [webcam1] — iteration 365, calling cap.read()
2025-07-04 14:42:52,443 - app.services.camera_manager - INFO - [webcam1] — cap.read() returned ret=True
2025-07-04 14:42:52,444 - app.services.camera_manager - INFO - [webcam1] saving to C:\Users\HiDigi\OneDrive\Desktop\WebDev\FacialRecognition\static\images\frame_webcam1_753334dd-92d9-4181-b927-ccab46d007e5.jpg
2025-07-04 14:42:52,450 - app.services.camera_manager - INFO - [webcam1] cv2.imwrite() returned True
2025-07-04 14:42:52,525 - app.services.camera_manager - INFO - [webcam1] — iteration 366, calling cap.read()
2025-07-04 14:42:52,526 - app.services.camera_manager - INFO - [webcam1] — cap.read() returned ret=True
2025-07-04 14:42:52,527 - app.services.camera_manager - INFO - [webcam1] saving to C:\Users\HiDigi\OneDrive\Desktop\WebDev\FacialRecognition\static\images\frame_webcam1_b39f503f-1aeb-410f-b8e9-c837307c6cda.jpg
2025-07-04 14:42:52,533 - app.services.camera_manager - INFO - [webcam1] cv2.imwrite() returned True
2025-07-04 14:42:52,600 - app.services.camera_manager - INFO - [webcam1] — iteration 367, calling cap.read()
2025-07-04 14:42:52,600 - app.services.camera_manager - INFO - [webcam1] — cap.read() returned ret=True
2025-07-04 14:42:52,601 - app.services.camera_manager - INFO - [webcam1] saving to C:\Users\HiDigi\OneDrive\Desktop\WebDev\FacialRecognition\static\images\frame_webcam1_85bcc6d7-a5c2-433a-aaf4-2124d7e29916.jpg
2025-07-04 14:42:52,608 - app.services.camera_manager - INFO - [webcam1] cv2.imwrite() returned True
2025-07-04 14:42:52,676 - app.services.camera_manager - INFO - [webcam1] — iteration 368, calling cap.read()
2025-07-04 14:42:52,676 - app.services.camera_manager - INFO - [webcam1] — cap.read() returned ret=True
2025-07-04 14:42:52,677 - app.services.camera_manager - INFO - [webcam1] saving to C:\Users\HiDigi\OneDrive\Desktop\WebDev\FacialRecognition\static\images\frame_webcam1_10d52609-2f7f-4548-92cd-c36dc67e2285.jpg
2025-07-04 14:42:52,682 - app.services.camera_manager - INFO - [webcam1] cv2.imwrite() returned True
2025-07-04 14:42:52,742 - app.services.camera_manager - INFO - [webcam1] — iteration 369, calling cap.read()
2025-07-04 14:42:52,742 - app.services.camera_manager - INFO - [webcam1] — cap.read() returned ret=True
2025-07-04 14:42:52,744 - app.services.camera_manager - INFO - [webcam1] saving to C:\Users\HiDigi\OneDrive\Desktop\WebDev\FacialRecognition\static\images\frame_webcam1_e86573a1-1a4b-40c9-98e2-a3cb03f2f2ab.jpg
2025-07-04 14:42:52,749 - app.services.camera_manager - INFO - [webcam1] cv2.imwrite() returned True
2025-07-04 14:42:52,816 - app.services.camera_manager - INFO - [webcam1] — iteration 370, calling cap.read()
2025-07-04 14:42:52,817 - app.services.camera_manager - INFO - [webcam1] — cap.read() returned ret=True
2025-07-04 14:42:52,818 - app.services.camera_manager - INFO - [webcam1] saving to C:\Users\HiDigi\OneDrive\Desktop\WebDev\FacialRecognition\static\images\frame_webcam1_1d2d3c09-d762-4c45-98ce-b2a95cd36774.jpg
2025-07-04 14:42:52,824 - app.services.camera_manager - INFO - [webcam1] cv2.imwrite() returned True
2025-07-04 14:42:52,891 - app.services.camera_manager - INFO - [webcam1] — iteration 371, calling cap.read()
2025-07-04 14:42:52,891 - app.services.camera_manager - INFO - [webcam1] — cap.read() returned ret=True
2025-07-04 14:42:52,892 - app.services.camera_manager - INFO - [webcam1] saving to C:\Users\HiDigi\OneDrive\Desktop\WebDev\FacialRecognition\static\images\frame_webcam1_7a811392-39b7-4f40-b314-88581a7015f0.jpg
2025-07-04 14:42:52,898 - app.services.camera_manager - INFO - [webcam1] cv2.imwrite() returned True
2025-07-04 14:42:52,958 - app.services.camera_manager - INFO - [webcam1] — iteration 372, calling cap.read()
2025-07-04 14:42:52,958 - app.services.camera_manager - INFO - [webcam1] — cap.read() returned ret=True
2025-07-04 14:42:52,959 - app.services.camera_manager - INFO - [webcam1] saving to C:\Users\HiDigi\OneDrive\Desktop\WebDev\FacialRecognition\static\images\frame_webcam1_d8d19bcf-fb45-42c2-9ce8-47fcb271dde8.jpg
2025-07-04 14:42:52,966 - app.services.camera_manager - INFO - [webcam1] cv2.imwrite() returned True
2025-07-04 14:42:53,040 - app.services.camera_manager - INFO - [webcam1] — iteration 373, calling cap.read()
2025-07-04 14:42:53,040 - app.services.camera_manager - INFO - [webcam1] — cap.read() returned ret=True
2025-07-04 14:42:53,041 - app.services.camera_manager - INFO - [webcam1] saving to C:\Users\HiDigi\OneDrive\Desktop\WebDev\FacialRecognition\static\images\frame_webcam1_34b81c1f-af18-43b1-9519-e47b3db3489a.jpg
2025-07-04 14:42:53,048 - app.services.camera_manager - INFO - [webcam1] cv2.imwrite() returned True
2025-07-04 14:42:53,117 - app.services.camera_manager - INFO - [webcam1] — iteration 374, calling cap.read()
2025-07-04 14:42:53,117 - app.services.camera_manager - INFO - [webcam1] — cap.read() returned ret=True
2025-07-04 14:42:53,118 - app.services.camera_manager - INFO - [webcam1] saving to C:\Users\HiDigi\OneDrive\Desktop\WebDev\FacialRecognition\static\images\frame_webcam1_303a4811-e161-45d1-80f2-b0aa11884d0a.jpg
2025-07-04 14:42:53,124 - app.services.camera_manager - INFO - [webcam1] cv2.imwrite() returned True
2025-07-04 14:42:53,191 - app.services.camera_manager - INFO - [webcam1] — iteration 375, calling cap.read()
2025-07-04 14:42:53,192 - app.services.camera_manager - INFO - [webcam1] — cap.read() returned ret=True
2025-07-04 14:42:53,192 - app.services.camera_manager - INFO - [webcam1] saving to C:\Users\HiDigi\OneDrive\Desktop\WebDev\FacialRecognition\static\images\frame_webcam1_c5cd609e-1fb8-4ff1-b843-71bb9a644e3c.jpg
2025-07-04 14:42:53,198 - app.services.camera_manager - INFO - [webcam1] cv2.imwrite() returned True
2025-07-04 14:42:53,259 - app.services.camera_manager - INFO - [webcam1] — iteration 376, calling cap.read()
2025-07-04 14:42:53,260 - app.services.camera_manager - INFO - [webcam1] — cap.read() returned ret=True
2025-07-04 14:42:53,261 - app.services.camera_manager - INFO - [webcam1] saving to C:\Users\HiDigi\OneDrive\Desktop\WebDev\FacialRecognition\static\images\frame_webcam1_dbb4f2bb-dfc9-4750-8f0e-93043eaea2e4.jpg
2025-07-04 14:42:53,266 - app.services.camera_manager - INFO - [webcam1] cv2.imwrite() returned True
2025-07-04 14:42:53,334 - app.services.camera_manager - INFO - [webcam1] — iteration 377, calling cap.read()
2025-07-04 14:42:53,334 - app.services.camera_manager - INFO - [webcam1] — cap.read() returned ret=True
2025-07-04 14:42:53,335 - app.services.camera_manager - INFO - [webcam1] saving to C:\Users\HiDigi\OneDrive\Desktop\WebDev\FacialRecognition\static\images\frame_webcam1_3d26afcb-ffcd-4dbe-9604-5691e40ca960.jpg
2025-07-04 14:42:53,341 - app.services.camera_manager - INFO - [webcam1] cv2.imwrite() returned True
2025-07-04 14:42:53,410 - app.services.camera_manager - INFO - [webcam1] — iteration 378, calling cap.read()
2025-07-04 14:42:53,410 - app.services.camera_manager - INFO - [webcam1] — cap.read() returned ret=True
2025-07-04 14:42:53,411 - app.services.camera_manager - INFO - [webcam1] saving to C:\Users\HiDigi\OneDrive\Desktop\WebDev\FacialRecognition\static\images\frame_webcam1_8c49632c-5199-469d-93f4-91d7a0558163.jpg
2025-07-04 14:42:53,417 - app.services.camera_manager - INFO - [webcam1] cv2.imwrite() returned True
2025-07-04 14:42:53,476 - app.services.camera_manager - INFO - [webcam1] — iteration 379, calling cap.read()
2025-07-04 14:42:53,476 - app.services.camera_manager - INFO - [webcam1] — cap.read() returned ret=True
2025-07-04 14:42:53,477 - app.services.camera_manager - INFO - [webcam1] saving to C:\Users\HiDigi\OneDrive\Desktop\WebDev\FacialRecognition\static\images\frame_webcam1_25272e79-4791-400b-80d7-48d8114c48be.jpg
2025-07-04 14:42:53,483 - app.services.camera_manager - INFO - [webcam1] cv2.imwrite() returned True
2025-07-04 14:42:53,552 - app.services.camera_manager - INFO - [webcam1] — iteration 380, calling cap.read()
2025-07-04 14:42:53,552 - app.services.camera_manager - INFO - [webcam1] — cap.read() returned ret=True
2025-07-04 14:42:53,554 - app.services.camera_manager - INFO - [webcam1] saving to C:\Users\HiDigi\OneDrive\Desktop\WebDev\FacialRecognition\static\images\frame_webcam1_62fa6c01-dfeb-40de-85ce-a91a55c5bbf5.jpg
2025-07-04 14:42:53,559 - app.services.camera_manager - INFO - [webcam1] cv2.imwrite() returned True
2025-07-04 14:42:53,627 - app.services.camera_manager - INFO - [webcam1] — iteration 381, calling cap.read()
2025-07-04 14:42:53,627 - app.services.camera_manager - INFO - [webcam1] — cap.read() returned ret=True
2025-07-04 14:42:53,628 - app.services.camera_manager - INFO - [webcam1] saving to C:\Users\HiDigi\OneDrive\Desktop\WebDev\FacialRecognition\static\images\frame_webcam1_d3974938-4754-4f35-bfb1-eac2e0d45d21.jpg
2025-07-04 14:42:53,635 - app.services.camera_manager - INFO - [webcam1] cv2.imwrite() returned True
2025-07-04 14:42:53,696 - app.services.camera_manager - INFO - [webcam1] — iteration 382, calling cap.read()
2025-07-04 14:42:53,696 - app.services.camera_manager - INFO - [webcam1] — cap.read() returned ret=True
2025-07-04 14:42:53,697 - app.services.camera_manager - INFO - [webcam1] saving to C:\Users\HiDigi\OneDrive\Desktop\WebDev\FacialRecognition\static\images\frame_webcam1_494b8da2-cab0-44ae-943f-c31f1bd399d6.jpg
2025-07-04 14:42:53,705 - app.services.camera_manager - INFO - [webcam1] cv2.imwrite() returned True
2025-07-04 14:42:53,773 - app.services.camera_manager - INFO - [webcam1] — iteration 383, calling cap.read()
2025-07-04 14:42:53,774 - app.services.camera_manager - INFO - [webcam1] — cap.read() returned ret=True
2025-07-04 14:42:53,775 - app.services.camera_manager - INFO - [webcam1] saving to C:\Users\HiDigi\OneDrive\Desktop\WebDev\FacialRecognition\static\images\frame_webcam1_1ff3d516-4270-4276-8f16-fd2971c535ec.jpg
2025-07-04 14:42:53,782 - app.services.camera_manager - INFO - [webcam1] cv2.imwrite() returned True
2025-07-04 14:42:53,849 - app.services.camera_manager - INFO - [webcam1] — iteration 384, calling cap.read()
2025-07-04 14:42:53,849 - app.services.camera_manager - INFO - [webcam1] — cap.read() returned ret=True
2025-07-04 14:42:53,850 - app.services.camera_manager - INFO - [webcam1] saving to C:\Users\HiDigi\OneDrive\Desktop\WebDev\FacialRecognition\static\images\frame_webcam1_290a8d8d-53d4-4708-8dc9-9a1ba965e52c.jpg
2025-07-04 14:42:53,856 - app.services.camera_manager - INFO - [webcam1] cv2.imwrite() returned True
2025-07-04 14:42:53,929 - app.services.camera_manager - INFO - [webcam1] — iteration 385, calling cap.read()
2025-07-04 14:42:53,929 - app.services.camera_manager - INFO - [webcam1] — cap.read() returned ret=True
2025-07-04 14:42:53,931 - app.services.camera_manager - INFO - [webcam1] saving to C:\Users\HiDigi\OneDrive\Desktop\WebDev\FacialRecognition\static\images\frame_webcam1_a53458b5-6cdd-47bb-972b-1e6a889337c2.jpg
2025-07-04 14:42:53,936 - app.services.camera_manager - INFO - [webcam1] cv2.imwrite() returned True
2025-07-04 14:42:54,012 - app.services.camera_manager - INFO - [webcam1] — iteration 386, calling cap.read()
2025-07-04 14:42:54,012 - app.services.camera_manager - INFO - [webcam1] — cap.read() returned ret=True
2025-07-04 14:42:54,013 - app.services.camera_manager - INFO - [webcam1] saving to C:\Users\HiDigi\OneDrive\Desktop\WebDev\FacialRecognition\static\images\frame_webcam1_a55dbd16-a04e-4a2c-93ff-8440a4c2740e.jpg
2025-07-04 14:42:54,020 - app.services.camera_manager - INFO - [webcam1] cv2.imwrite() returned True
2025-07-04 14:42:54,075 - app.services.camera_manager - INFO - [webcam1] — iteration 387, calling cap.read()
2025-07-04 14:42:54,075 - app.services.camera_manager - INFO - [webcam1] — cap.read() returned ret=True
2025-07-04 14:42:54,076 - app.services.camera_manager - INFO - [webcam1] saving to C:\Users\HiDigi\OneDrive\Desktop\WebDev\FacialRecognition\static\images\frame_webcam1_0acbdb61-a26a-44d2-981a-471afb0a2416.jpg
2025-07-04 14:42:54,081 - app.services.camera_manager - INFO - [webcam1] cv2.imwrite() returned True
2025-07-04 14:42:54,149 - app.services.camera_manager - INFO - [webcam1] — iteration 388, calling cap.read()
2025-07-04 14:42:54,150 - app.services.camera_manager - INFO - [webcam1] — cap.read() returned ret=True
2025-07-04 14:42:54,151 - app.services.camera_manager - INFO - [webcam1] saving to C:\Users\HiDigi\OneDrive\Desktop\WebDev\FacialRecognition\static\images\frame_webcam1_2f5895e2-a7f2-45ec-9f18-50c6ebc6b1b9.jpg
2025-07-04 14:42:54,158 - app.services.camera_manager - INFO - [webcam1] cv2.imwrite() returned True
2025-07-04 14:42:54,233 - app.services.camera_manager - INFO - [webcam1] — iteration 389, calling cap.read()
2025-07-04 14:42:54,233 - app.services.camera_manager - INFO - [webcam1] — cap.read() returned ret=True
2025-07-04 14:42:54,235 - app.services.camera_manager - INFO - [webcam1] saving to C:\Users\HiDigi\OneDrive\Desktop\WebDev\FacialRecognition\static\images\frame_webcam1_88bbd875-a9ca-4d57-9aaa-2d2b33a47008.jpg
2025-07-04 14:42:54,243 - app.services.camera_manager - INFO - [webcam1] cv2.imwrite() returned True
2025-07-04 14:42:54,304 - app.services.camera_manager - INFO - [webcam1] — iteration 390, calling cap.read()
2025-07-04 14:42:54,304 - app.services.camera_manager - INFO - [webcam1] — cap.read() returned ret=True
2025-07-04 14:42:54,305 - app.services.camera_manager - INFO - [webcam1] saving to C:\Users\HiDigi\OneDrive\Desktop\WebDev\FacialRecognition\static\images\frame_webcam1_9ac14eaf-f379-4fe4-a287-a14b9eeb0b42.jpg
2025-07-04 14:42:54,311 - app.services.camera_manager - INFO - [webcam1] cv2.imwrite() returned True
2025-07-04 14:42:54,379 - app.services.camera_manager - INFO - [webcam1] — iteration 391, calling cap.read()
2025-07-04 14:42:54,379 - app.services.camera_manager - INFO - [webcam1] — cap.read() returned ret=True
2025-07-04 14:42:54,381 - app.services.camera_manager - INFO - [webcam1] saving to C:\Users\HiDigi\OneDrive\Desktop\WebDev\FacialRecognition\static\images\frame_webcam1_566c5d76-a9b8-4948-9a8c-d75cb59380e9.jpg
2025-07-04 14:42:54,387 - app.services.camera_manager - INFO - [webcam1] cv2.imwrite() returned True
2025-07-04 14:42:54,454 - app.services.camera_manager - INFO - [webcam1] — iteration 392, calling cap.read()
2025-07-04 14:42:54,454 - app.services.camera_manager - INFO - [webcam1] — cap.read() returned ret=True
2025-07-04 14:42:54,455 - app.services.camera_manager - INFO - [webcam1] saving to C:\Users\HiDigi\OneDrive\Desktop\WebDev\FacialRecognition\static\images\frame_webcam1_ab9d3ab6-828c-4a0b-8abd-0b9343f6cd00.jpg
2025-07-04 14:42:54,462 - app.services.camera_manager - INFO - [webcam1] cv2.imwrite() returned True
2025-07-04 14:42:54,522 - app.services.camera_manager - INFO - [webcam1] — iteration 393, calling cap.read()
2025-07-04 14:42:54,522 - app.services.camera_manager - INFO - [webcam1] — cap.read() returned ret=True
2025-07-04 14:42:54,523 - app.services.camera_manager - INFO - [webcam1] saving to C:\Users\HiDigi\OneDrive\Desktop\WebDev\FacialRecognition\static\images\frame_webcam1_743cc1b5-9acf-45e9-8997-54639222bd08.jpg
2025-07-04 14:42:54,529 - app.services.camera_manager - INFO - [webcam1] cv2.imwrite() returned True
2025-07-04 14:42:54,596 - app.services.camera_manager - INFO - [webcam1] — iteration 394, calling cap.read()
2025-07-04 14:42:54,597 - app.services.camera_manager - INFO - [webcam1] — cap.read() returned ret=True
2025-07-04 14:42:54,597 - app.services.camera_manager - INFO - [webcam1] saving to C:\Users\HiDigi\OneDrive\Desktop\WebDev\FacialRecognition\static\images\frame_webcam1_8a8cb41d-db54-47ae-b8b6-94daf026f64c.jpg
2025-07-04 14:42:54,603 - app.services.camera_manager - INFO - [webcam1] cv2.imwrite() returned True
2025-07-04 14:42:54,670 - app.services.camera_manager - INFO - [webcam1] — iteration 395, calling cap.read()
2025-07-04 14:42:54,670 - app.services.camera_manager - INFO - [webcam1] — cap.read() returned ret=True
2025-07-04 14:42:54,671 - app.services.camera_manager - INFO - [webcam1] saving to C:\Users\HiDigi\OneDrive\Desktop\WebDev\FacialRecognition\static\images\frame_webcam1_94d4b1da-4714-4c99-a8ba-b063e9a645d5.jpg
2025-07-04 14:42:54,677 - app.services.camera_manager - INFO - [webcam1] cv2.imwrite() returned True
2025-07-04 14:42:54,737 - app.services.camera_manager - INFO - [webcam1] — iteration 396, calling cap.read()
2025-07-04 14:42:54,737 - app.services.camera_manager - INFO - [webcam1] — cap.read() returned ret=True
2025-07-04 14:42:54,738 - app.services.camera_manager - INFO - [webcam1] saving to C:\Users\HiDigi\OneDrive\Desktop\WebDev\FacialRecognition\static\images\frame_webcam1_e669f545-0417-4184-9e70-8e8475e70c67.jpg
2025-07-04 14:42:54,744 - app.services.camera_manager - INFO - [webcam1] cv2.imwrite() returned True
2025-07-04 14:42:54,812 - app.services.camera_manager - INFO - [webcam1] — iteration 397, calling cap.read()
2025-07-04 14:42:54,812 - app.services.camera_manager - INFO - [webcam1] — cap.read() returned ret=True
2025-07-04 14:42:54,813 - app.services.camera_manager - INFO - [webcam1] saving to C:\Users\HiDigi\OneDrive\Desktop\WebDev\FacialRecognition\static\images\frame_webcam1_151022db-b1d3-460a-8b74-9818eb115127.jpg
2025-07-04 14:42:54,819 - app.services.camera_manager - INFO - [webcam1] cv2.imwrite() returned True
2025-07-04 14:42:54,887 - app.services.camera_manager - INFO - [webcam1] — iteration 398, calling cap.read()
2025-07-04 14:42:54,887 - app.services.camera_manager - INFO - [webcam1] — cap.read() returned ret=True
2025-07-04 14:42:54,888 - app.services.camera_manager - INFO - [webcam1] saving to C:\Users\HiDigi\OneDrive\Desktop\WebDev\FacialRecognition\static\images\frame_webcam1_3de01bee-7021-4aed-9689-fef74784aa4a.jpg
2025-07-04 14:42:54,894 - app.services.camera_manager - INFO - [webcam1] cv2.imwrite() returned True
2025-07-04 14:42:54,970 - app.services.camera_manager - INFO - [webcam1] — iteration 399, calling cap.read()
2025-07-04 14:42:54,970 - app.services.camera_manager - INFO - [webcam1] — cap.read() returned ret=True
2025-07-04 14:42:54,971 - app.services.camera_manager - INFO - [webcam1] saving to C:\Users\HiDigi\OneDrive\Desktop\WebDev\FacialRecognition\static\images\frame_webcam1_70bbc648-2b37-495b-acab-80ff82a72d50.jpg
2025-07-04 14:42:54,977 - app.services.camera_manager - INFO - [webcam1] cv2.imwrite() returned True
2025-07-04 14:42:55,036 - app.services.camera_manager - INFO - [webcam1] — iteration 400, calling cap.read()
2025-07-04 14:42:55,036 - app.services.camera_manager - INFO - [webcam1] — cap.read() returned ret=True
2025-07-04 14:42:55,038 - app.services.camera_manager - INFO - [webcam1] saving to C:\Users\HiDigi\OneDrive\Desktop\WebDev\FacialRecognition\static\images\frame_webcam1_6300bba4-3926-48a9-90ee-8753b108bfce.jpg
2025-07-04 14:42:55,045 - app.services.camera_manager - INFO - [webcam1] cv2.imwrite() returned True
2025-07-04 14:42:55,114 - app.services.camera_manager - INFO - [webcam1] — iteration 401, calling cap.read()
2025-07-04 14:42:55,114 - app.services.camera_manager - INFO - [webcam1] — cap.read() returned ret=True
2025-07-04 14:42:55,115 - app.services.camera_manager - INFO - [webcam1] saving to C:\Users\HiDigi\OneDrive\Desktop\WebDev\FacialRecognition\static\images\frame_webcam1_4862b83c-45ca-41da-8a66-5a37450b6e46.jpg
2025-07-04 14:42:55,123 - app.services.camera_manager - INFO - [webcam1] cv2.imwrite() returned True
2025-07-04 14:42:55,191 - app.services.camera_manager - INFO - [webcam1] — iteration 402, calling cap.read()
2025-07-04 14:42:55,191 - app.services.camera_manager - INFO - [webcam1] — cap.read() returned ret=True
2025-07-04 14:42:55,192 - app.services.camera_manager - INFO - [webcam1] saving to C:\Users\HiDigi\OneDrive\Desktop\WebDev\FacialRecognition\static\images\frame_webcam1_dde8c85c-2bab-465f-8da5-554392d1fbbf.jpg
2025-07-04 14:42:55,199 - app.services.camera_manager - INFO - [webcam1] cv2.imwrite() returned True
2025-07-04 14:42:55,274 - app.services.camera_manager - INFO - [webcam1] — iteration 403, calling cap.read()
2025-07-04 14:42:55,274 - app.services.camera_manager - INFO - [webcam1] — cap.read() returned ret=True
2025-07-04 14:42:55,276 - app.services.camera_manager - INFO - [webcam1] saving to C:\Users\HiDigi\OneDrive\Desktop\WebDev\FacialRecognition\static\images\frame_webcam1_00fe3c20-d6e3-4306-9576-8c541b219318.jpg
2025-07-04 14:42:55,281 - app.services.camera_manager - INFO - [webcam1] cv2.imwrite() returned True
2025-07-04 14:42:55,358 - app.services.camera_manager - INFO - [webcam1] — iteration 404, calling cap.read()
2025-07-04 14:42:55,358 - app.services.camera_manager - INFO - [webcam1] — cap.read() returned ret=True
2025-07-04 14:42:55,359 - app.services.camera_manager - INFO - [webcam1] saving to C:\Users\HiDigi\OneDrive\Desktop\WebDev\FacialRecognition\static\images\frame_webcam1_0c84c688-68e7-48ab-948d-86ebe58a59a6.jpg
2025-07-04 14:42:55,365 - app.services.camera_manager - INFO - [webcam1] cv2.imwrite() returned True
2025-07-04 14:42:55,421 - app.services.camera_manager - INFO - [webcam1] — iteration 405, calling cap.read()
2025-07-04 14:42:55,422 - app.services.camera_manager - INFO - [webcam1] — cap.read() returned ret=True
2025-07-04 14:42:55,423 - app.services.camera_manager - INFO - [webcam1] saving to C:\Users\HiDigi\OneDrive\Desktop\WebDev\FacialRecognition\static\images\frame_webcam1_f6655dec-6022-47f8-8b9b-ba84276d5ad6.jpg
2025-07-04 14:42:55,428 - app.services.camera_manager - INFO - [webcam1] cv2.imwrite() returned True
2025-07-04 14:42:55,496 - app.services.camera_manager - INFO - [webcam1] — iteration 406, calling cap.read()
2025-07-04 14:42:55,496 - app.services.camera_manager - INFO - [webcam1] — cap.read() returned ret=True
2025-07-04 14:42:55,498 - app.services.camera_manager - INFO - [webcam1] saving to C:\Users\HiDigi\OneDrive\Desktop\WebDev\FacialRecognition\static\images\frame_webcam1_63e2f957-daa8-4b90-b266-42f9b50e3247.jpg
2025-07-04 14:42:55,504 - app.services.camera_manager - INFO - [webcam1] cv2.imwrite() returned True
2025-07-04 14:42:55,578 - app.services.camera_manager - INFO - [webcam1] — iteration 407, calling cap.read()
2025-07-04 14:42:55,578 - app.services.camera_manager - INFO - [webcam1] — cap.read() returned ret=True
2025-07-04 14:42:55,579 - app.services.camera_manager - INFO - [webcam1] saving to C:\Users\HiDigi\OneDrive\Desktop\WebDev\FacialRecognition\static\images\frame_webcam1_2dfcf12b-698f-467b-b3ae-6a3d7b39ef37.jpg
2025-07-04 14:42:55,592 - app.services.camera_manager - INFO - [webcam1] cv2.imwrite() returned True
2025-07-04 14:42:55,666 - app.services.camera_manager - INFO - [webcam1] — iteration 408, calling cap.read()
2025-07-04 14:42:55,666 - app.services.camera_manager - INFO - [webcam1] — cap.read() returned ret=True
2025-07-04 14:42:55,667 - app.services.camera_manager - INFO - [webcam1] saving to C:\Users\HiDigi\OneDrive\Desktop\WebDev\FacialRecognition\static\images\frame_webcam1_75d1c5fc-5be5-4964-b11d-ab8b4be19407.jpg
2025-07-04 14:42:55,673 - app.services.camera_manager - INFO - [webcam1] cv2.imwrite() returned True
2025-07-04 14:42:55,749 - app.services.camera_manager - INFO - [webcam1] — iteration 409, calling cap.read()
2025-07-04 14:42:55,749 - app.services.camera_manager - INFO - [webcam1] — cap.read() returned ret=True
2025-07-04 14:42:55,750 - app.services.camera_manager - INFO - [webcam1] saving to C:\Users\HiDigi\OneDrive\Desktop\WebDev\FacialRecognition\static\images\frame_webcam1_f7442ed6-0e09-444c-a10a-a2e8c968d908.jpg
2025-07-04 14:42:55,757 - app.services.camera_manager - INFO - [webcam1] cv2.imwrite() returned True
2025-07-04 14:42:55,811 - app.services.camera_manager - INFO - [webcam1] — iteration 410, calling cap.read()
2025-07-04 14:42:55,811 - app.services.camera_manager - INFO - [webcam1] — cap.read() returned ret=True
2025-07-04 14:42:55,812 - app.services.camera_manager - INFO - [webcam1] saving to C:\Users\HiDigi\OneDrive\Desktop\WebDev\FacialRecognition\static\images\frame_webcam1_a264c4d9-3436-4c92-8592-db94a84bde57.jpg
2025-07-04 14:42:55,819 - app.services.camera_manager - INFO - [webcam1] cv2.imwrite() returned True
2025-07-04 14:42:55,887 - app.services.camera_manager - INFO - [webcam1] — iteration 411, calling cap.read()
2025-07-04 14:42:55,888 - app.services.camera_manager - INFO - [webcam1] — cap.read() returned ret=True
2025-07-04 14:42:55,889 - app.services.camera_manager - INFO - [webcam1] saving to C:\Users\HiDigi\OneDrive\Desktop\WebDev\FacialRecognition\static\images\frame_webcam1_4ddd2531-1bd5-40b2-98da-a6cf73e5b197.jpg
2025-07-04 14:42:55,901 - app.services.camera_manager - INFO - [webcam1] cv2.imwrite() returned True
2025-07-04 14:42:55,962 - app.services.camera_manager - INFO - [webcam1] — iteration 412, calling cap.read()
2025-07-04 14:42:55,963 - app.services.camera_manager - INFO - [webcam1] — cap.read() returned ret=True
2025-07-04 14:42:55,964 - app.services.camera_manager - INFO - [webcam1] saving to C:\Users\HiDigi\OneDrive\Desktop\WebDev\FacialRecognition\static\images\frame_webcam1_4bb0178b-4b59-4261-9890-596a0fa51a17.jpg
2025-07-04 14:42:55,969 - app.services.camera_manager - INFO - [webcam1] cv2.imwrite() returned True
2025-07-04 14:42:56,043 - app.services.camera_manager - INFO - [webcam1] — iteration 413, calling cap.read()
2025-07-04 14:42:56,043 - app.services.camera_manager - INFO - [webcam1] — cap.read() returned ret=True
2025-07-04 14:42:56,044 - app.services.camera_manager - INFO - [webcam1] saving to C:\Users\HiDigi\OneDrive\Desktop\WebDev\FacialRecognition\static\images\frame_webcam1_39adf49b-da18-4e64-88ee-3a57d35f7b42.jpg
2025-07-04 14:42:56,050 - app.services.camera_manager - INFO - [webcam1] cv2.imwrite() returned True
2025-07-04 14:42:56,114 - app.services.camera_manager - INFO - [webcam1] — iteration 414, calling cap.read()
2025-07-04 14:42:56,115 - app.services.camera_manager - INFO - [webcam1] — cap.read() returned ret=True
2025-07-04 14:42:56,116 - app.services.camera_manager - INFO - [webcam1] saving to C:\Users\HiDigi\OneDrive\Desktop\WebDev\FacialRecognition\static\images\frame_webcam1_f95aaddb-1e70-4d4c-81ab-fc7db0bda07e.jpg
2025-07-04 14:42:56,160 - app.services.camera_manager - INFO - [webcam1] cv2.imwrite() returned True
2025-07-04 14:42:56,178 - app.api.v1.ws_router - INFO - [WS] Client disconnected -> total clients = 0
2025-07-04 14:42:56,230 - app.services.camera_manager - INFO - [webcam1] — iteration 415, calling cap.read()
2025-07-04 14:42:56,230 - app.services.camera_manager - INFO - [webcam1] — cap.read() returned ret=True
2025-07-04 14:42:56,232 - app.services.camera_manager - INFO - [webcam1] saving to C:\Users\HiDigi\OneDrive\Desktop\WebDev\FacialRecognition\static\images\frame_webcam1_d4dea93d-4295-4945-ac8e-7f22b962743f.jpg
2025-07-04 14:42:56,241 - app.services.camera_manager - INFO - [webcam1] cv2.imwrite() returned True
2025-07-04 14:42:56,299 - app.services.camera_manager - INFO - [webcam1] — iteration 416, calling cap.read()
2025-07-04 14:42:56,299 - app.services.camera_manager - INFO - [webcam1] — cap.read() returned ret=True
2025-07-04 14:42:56,301 - app.services.camera_manager - INFO - [webcam1] saving to C:\Users\HiDigi\OneDrive\Desktop\WebDev\FacialRecognition\static\images\frame_webcam1_13c3efbc-2ccf-4498-91b6-106183fde714.jpg
2025-07-04 14:42:56,309 - app.services.camera_manager - INFO - [webcam1] cv2.imwrite() returned True
2025-07-04 14:42:56,384 - app.services.camera_manager - INFO - [webcam1] — iteration 417, calling cap.read()
2025-07-04 14:42:56,384 - app.services.camera_manager - INFO - [webcam1] — cap.read() returned ret=True
2025-07-04 14:42:56,385 - app.services.camera_manager - INFO - [webcam1] saving to C:\Users\HiDigi\OneDrive\Desktop\WebDev\FacialRecognition\static\images\frame_webcam1_07f23721-02e2-424e-9933-b708e6db850b.jpg
2025-07-04 14:42:56,391 - app.services.camera_manager - INFO - [webcam1] cv2.imwrite() returned True
2025-07-04 14:42:56,458 - app.services.camera_manager - INFO - [webcam1] — iteration 418, calling cap.read()
2025-07-04 14:42:56,458 - app.services.camera_manager - INFO - [webcam1] — cap.read() returned ret=True
2025-07-04 14:42:56,459 - app.services.camera_manager - INFO - [webcam1] saving to C:\Users\HiDigi\OneDrive\Desktop\WebDev\FacialRecognition\static\images\frame_webcam1_70e9a218-465e-4c59-b7cc-7d924f5e3471.jpg
2025-07-04 14:42:56,465 - app.services.camera_manager - INFO - [webcam1] cv2.imwrite() returned True
2025-07-04 14:42:56,534 - app.services.camera_manager - INFO - [webcam1] — iteration 419, calling cap.read()
2025-07-04 14:42:56,534 - app.services.camera_manager - INFO - [webcam1] — cap.read() returned ret=True
2025-07-04 14:42:56,535 - app.services.camera_manager - INFO - [webcam1] saving to C:\Users\HiDigi\OneDrive\Desktop\WebDev\FacialRecognition\static\images\frame_webcam1_16969c9a-9da5-4cca-b045-cb3f896ecd54.jpg
2025-07-04 14:42:56,541 - app.services.camera_manager - INFO - [webcam1] cv2.imwrite() returned True
2025-07-04 14:42:56,602 - app.services.camera_manager - INFO - [webcam1] — iteration 420, calling cap.read()
2025-07-04 14:42:56,603 - app.services.camera_manager - INFO - [webcam1] — cap.read() returned ret=True
2025-07-04 14:42:56,604 - app.services.camera_manager - INFO - [webcam1] saving to C:\Users\HiDigi\OneDrive\Desktop\WebDev\FacialRecognition\static\images\frame_webcam1_968c82fb-de94-4838-acf5-42bfee7abf4b.jpg
2025-07-04 14:42:56,610 - app.services.camera_manager - INFO - [webcam1] cv2.imwrite() returned True
2025-07-04 14:42:56,678 - app.services.camera_manager - INFO - [webcam1] — iteration 421, calling cap.read()
2025-07-04 14:42:56,678 - app.services.camera_manager - INFO - [webcam1] — cap.read() returned ret=True
2025-07-04 14:42:56,680 - app.services.camera_manager - INFO - [webcam1] saving to C:\Users\HiDigi\OneDrive\Desktop\WebDev\FacialRecognition\static\images\frame_webcam1_9089c617-238e-4388-a3b7-500422da341e.jpg
2025-07-04 14:42:56,687 - app.services.camera_manager - INFO - [webcam1] cv2.imwrite() returned True
2025-07-04 14:42:56,755 - app.services.camera_manager - INFO - [webcam1] — iteration 422, calling cap.read()
2025-07-04 14:42:56,756 - app.services.camera_manager - INFO - [webcam1] — cap.read() returned ret=True
2025-07-04 14:42:56,757 - app.services.camera_manager - INFO - [webcam1] saving to C:\Users\HiDigi\OneDrive\Desktop\WebDev\FacialRecognition\static\images\frame_webcam1_5521fc98-6f45-42ea-9c76-2048ac6ac0aa.jpg
2025-07-04 14:42:56,764 - app.services.camera_manager - INFO - [webcam1] cv2.imwrite() returned True
2025-07-04 14:42:56,840 - app.services.camera_manager - INFO - [webcam1] — iteration 423, calling cap.read()
2025-07-04 14:42:56,841 - app.services.camera_manager - INFO - [webcam1] — cap.read() returned ret=True
2025-07-04 14:42:56,842 - app.services.camera_manager - INFO - [webcam1] saving to C:\Users\HiDigi\OneDrive\Desktop\WebDev\FacialRecognition\static\images\frame_webcam1_1401e3a4-f48c-43df-beac-68eaf666a706.jpg
2025-07-04 14:42:56,851 - app.services.camera_manager - INFO - [webcam1] cv2.imwrite() returned True
2025-07-04 14:42:56,909 - app.services.camera_manager - INFO - [webcam1] — iteration 424, calling cap.read()
2025-07-04 14:42:56,909 - app.services.camera_manager - INFO - [webcam1] — cap.read() returned ret=True
2025-07-04 14:42:56,911 - app.services.camera_manager - INFO - [webcam1] saving to C:\Users\HiDigi\OneDrive\Desktop\WebDev\FacialRecognition\static\images\frame_webcam1_3a097f65-e5bd-4586-92e7-771764e701c9.jpg
2025-07-04 14:42:56,918 - app.services.camera_manager - INFO - [webcam1] cv2.imwrite() returned True
2025-07-04 14:42:56,986 - app.services.camera_manager - INFO - [webcam1] — iteration 425, calling cap.read()
2025-07-04 14:42:56,986 - app.services.camera_manager - INFO - [webcam1] — cap.read() returned ret=True
2025-07-04 14:42:56,988 - app.services.camera_manager - INFO - [webcam1] saving to C:\Users\HiDigi\OneDrive\Desktop\WebDev\FacialRecognition\static\images\frame_webcam1_621c70f4-ccac-462a-b782-1f6d878b787e.jpg
2025-07-04 14:42:56,996 - app.services.camera_manager - INFO - [webcam1] cv2.imwrite() returned True
2025-07-04 14:42:57,064 - app.services.camera_manager - INFO - [webcam1] — iteration 426, calling cap.read()
2025-07-04 14:42:57,064 - app.services.camera_manager - INFO - [webcam1] — cap.read() returned ret=True
2025-07-04 14:42:57,066 - app.services.camera_manager - INFO - [webcam1] saving to C:\Users\HiDigi\OneDrive\Desktop\WebDev\FacialRecognition\static\images\frame_webcam1_d5678bbb-d9dd-46e9-819f-d78a9b725b7e.jpg
2025-07-04 14:42:57,083 - app.services.camera_manager - INFO - [webcam1] cv2.imwrite() returned True
2025-07-04 14:42:57,143 - app.services.camera_manager - INFO - [webcam1] — iteration 427, calling cap.read()
2025-07-04 14:42:57,143 - app.services.camera_manager - INFO - [webcam1] — cap.read() returned ret=True
2025-07-04 14:42:57,144 - app.services.camera_manager - INFO - [webcam1] saving to C:\Users\HiDigi\OneDrive\Desktop\WebDev\FacialRecognition\static\images\frame_webcam1_deb96a90-6c23-401a-9862-d385cbe55328.jpg
2025-07-04 14:42:57,150 - app.services.camera_manager - INFO - [webcam1] cv2.imwrite() returned True
2025-07-04 14:42:57,205 - app.services.camera_manager - INFO - [webcam1] — iteration 428, calling cap.read()
2025-07-04 14:42:57,206 - app.services.camera_manager - INFO - [webcam1] — cap.read() returned ret=True
2025-07-04 14:42:57,207 - app.services.camera_manager - INFO - [webcam1] saving to C:\Users\HiDigi\OneDrive\Desktop\WebDev\FacialRecognition\static\images\frame_webcam1_bb651ff6-90cc-4975-b88e-275e090f5951.jpg
2025-07-04 14:42:57,213 - app.services.camera_manager - INFO - [webcam1] cv2.imwrite() returned True
2025-07-04 14:42:57,281 - app.services.camera_manager - INFO - [webcam1] — iteration 429, calling cap.read()
2025-07-04 14:42:57,282 - app.services.camera_manager - INFO - [webcam1] — cap.read() returned ret=True
2025-07-04 14:42:57,283 - app.services.camera_manager - INFO - [webcam1] saving to C:\Users\HiDigi\OneDrive\Desktop\WebDev\FacialRecognition\static\images\frame_webcam1_da190893-eeed-49b4-93e1-af1e3fb624bf.jpg
2025-07-04 14:42:57,292 - app.services.camera_manager - INFO - [webcam1] cv2.imwrite() returned True
2025-07-04 14:42:57,352 - app.services.camera_manager - INFO - [webcam1] — iteration 430, calling cap.read()
2025-07-04 14:42:57,353 - app.services.camera_manager - INFO - [webcam1] — cap.read() returned ret=True
2025-07-04 14:42:57,354 - app.services.camera_manager - INFO - [webcam1] saving to C:\Users\HiDigi\OneDrive\Desktop\WebDev\FacialRecognition\static\images\frame_webcam1_f498ff92-e454-454a-a0d1-01d28eea66d2.jpg
2025-07-04 14:42:57,361 - app.services.camera_manager - INFO - [webcam1] cv2.imwrite() returned True
2025-07-04 14:42:57,437 - app.services.camera_manager - INFO - [webcam1] — iteration 431, calling cap.read()
2025-07-04 14:42:57,437 - app.services.camera_manager - INFO - [webcam1] — cap.read() returned ret=True
2025-07-04 14:42:57,439 - app.services.camera_manager - INFO - [webcam1] saving to C:\Users\HiDigi\OneDrive\Desktop\WebDev\FacialRecognition\static\images\frame_webcam1_53db7d1a-ed75-441d-8396-25a069125c27.jpg
2025-07-04 14:42:57,446 - app.services.camera_manager - INFO - [webcam1] cv2.imwrite() returned True
2025-07-04 14:42:57,514 - app.services.camera_manager - INFO - [webcam1] — iteration 432, calling cap.read()
2025-07-04 14:42:57,514 - app.services.camera_manager - INFO - [webcam1] — cap.read() returned ret=True
2025-07-04 14:42:57,515 - app.services.camera_manager - INFO - [webcam1] saving to C:\Users\HiDigi\OneDrive\Desktop\WebDev\FacialRecognition\static\images\frame_webcam1_1ad69cd7-9c14-44f7-8ceb-b3d65b5c39c6.jpg
2025-07-04 14:42:57,523 - app.services.camera_manager - INFO - [webcam1] cv2.imwrite() returned True
2025-07-04 14:42:57,590 - app.services.camera_manager - INFO - [webcam1] — iteration 433, calling cap.read()
2025-07-04 14:42:57,591 - app.services.camera_manager - INFO - [webcam1] — cap.read() returned ret=True
2025-07-04 14:42:57,592 - app.services.camera_manager - INFO - [webcam1] saving to C:\Users\HiDigi\OneDrive\Desktop\WebDev\FacialRecognition\static\images\frame_webcam1_bdce0368-9d8d-4ae6-b965-0fdbdd6d9173.jpg
2025-07-04 14:42:57,602 - app.services.camera_manager - INFO - [webcam1] cv2.imwrite() returned True
2025-07-04 14:42:57,661 - app.services.camera_manager - INFO - [webcam1] — iteration 434, calling cap.read()
2025-07-04 14:42:57,662 - app.services.camera_manager - INFO - [webcam1] — cap.read() returned ret=True
2025-07-04 14:42:57,663 - app.services.camera_manager - INFO - [webcam1] saving to C:\Users\HiDigi\OneDrive\Desktop\WebDev\FacialRecognition\static\images\frame_webcam1_afd55d43-d37d-4411-812a-9f5153cf630d.jpg
2025-07-04 14:42:57,676 - app.services.camera_manager - INFO - [webcam1] cv2.imwrite() returned True
2025-07-04 14:42:57,731 - app.services.camera_manager - INFO - [webcam1] — iteration 435, calling cap.read()
2025-07-04 14:42:57,732 - app.services.camera_manager - INFO - [webcam1] — cap.read() returned ret=True
2025-07-04 14:42:57,734 - app.services.camera_manager - INFO - [webcam1] saving to C:\Users\HiDigi\OneDrive\Desktop\WebDev\FacialRecognition\static\images\frame_webcam1_562d4824-3aa5-4ab0-bda3-b6b355b61f57.jpg
2025-07-04 14:42:57,748 - app.services.camera_manager - INFO - [webcam1] cv2.imwrite() returned True
2025-07-04 14:42:57,816 - app.services.camera_manager - INFO - [webcam1] — iteration 436, calling cap.read()
2025-07-04 14:42:57,816 - app.services.camera_manager - INFO - [webcam1] — cap.read() returned ret=True
2025-07-04 14:42:57,818 - app.services.camera_manager - INFO - [webcam1] saving to C:\Users\HiDigi\OneDrive\Desktop\WebDev\FacialRecognition\static\images\frame_webcam1_7eb543b5-7ea8-4427-b165-768d792f0ab4.jpg
2025-07-04 14:42:57,827 - app.services.camera_manager - INFO - [webcam1] cv2.imwrite() returned True
2025-07-04 14:42:57,901 - app.services.camera_manager - INFO - [webcam1] — iteration 437, calling cap.read()
2025-07-04 14:42:57,901 - app.services.camera_manager - INFO - [webcam1] — cap.read() returned ret=True
2025-07-04 14:42:57,903 - app.services.camera_manager - INFO - [webcam1] saving to C:\Users\HiDigi\OneDrive\Desktop\WebDev\FacialRecognition\static\images\frame_webcam1_172e8494-cd1a-49d5-8f6e-6cf407d30649.jpg
2025-07-04 14:42:57,911 - app.services.camera_manager - INFO - [webcam1] cv2.imwrite() returned True
2025-07-04 14:42:57,972 - app.services.camera_manager - INFO - [webcam1] — iteration 438, calling cap.read()
2025-07-04 14:42:57,973 - app.services.camera_manager - INFO - [webcam1] — cap.read() returned ret=True
2025-07-04 14:42:57,975 - app.services.camera_manager - INFO - [webcam1] saving to C:\Users\HiDigi\OneDrive\Desktop\WebDev\FacialRecognition\static\images\frame_webcam1_4a7b1312-2a31-4d57-86d2-f34093900ecd.jpg
2025-07-04 14:42:57,985 - app.services.camera_manager - INFO - [webcam1] cv2.imwrite() returned True
2025-07-04 14:42:58,061 - app.services.camera_manager - INFO - [webcam1] — iteration 439, calling cap.read()
2025-07-04 14:42:58,061 - app.services.camera_manager - INFO - [webcam1] — cap.read() returned ret=True
2025-07-04 14:42:58,063 - app.services.camera_manager - INFO - [webcam1] saving to C:\Users\HiDigi\OneDrive\Desktop\WebDev\FacialRecognition\static\images\frame_webcam1_1e689052-5bdd-4ff7-892d-06ee820f223e.jpg
2025-07-04 14:42:58,072 - app.services.camera_manager - INFO - [webcam1] cv2.imwrite() returned True
2025-07-04 14:42:58,137 - app.services.camera_manager - INFO - [webcam1] — iteration 440, calling cap.read()
2025-07-04 14:42:58,138 - app.services.camera_manager - INFO - [webcam1] — cap.read() returned ret=True
2025-07-04 14:42:58,140 - app.services.camera_manager - INFO - [webcam1] saving to C:\Users\HiDigi\OneDrive\Desktop\WebDev\FacialRecognition\static\images\frame_webcam1_54c46c6e-0b04-44b4-a7af-6fdeee739a72.jpg
2025-07-04 14:42:58,150 - app.services.camera_manager - INFO - [webcam1] cv2.imwrite() returned True
2025-07-04 14:42:58,218 - app.services.camera_manager - INFO - [webcam1] — iteration 441, calling cap.read()
2025-07-04 14:42:58,218 - app.services.camera_manager - INFO - [webcam1] — cap.read() returned ret=True
2025-07-04 14:42:58,220 - app.services.camera_manager - INFO - [webcam1] saving to C:\Users\HiDigi\OneDrive\Desktop\WebDev\FacialRecognition\static\images\frame_webcam1_a744fd4e-0163-4cfc-a611-05f0de2742fb.jpg
2025-07-04 14:42:58,227 - app.services.camera_manager - INFO - [webcam1] cv2.imwrite() returned True
2025-07-04 14:42:58,286 - app.services.camera_manager - INFO - [webcam1] — iteration 442, calling cap.read()
2025-07-04 14:42:58,287 - app.services.camera_manager - INFO - [webcam1] — cap.read() returned ret=True
2025-07-04 14:42:58,288 - app.services.camera_manager - INFO - [webcam1] saving to C:\Users\HiDigi\OneDrive\Desktop\WebDev\FacialRecognition\static\images\frame_webcam1_c87d8bb8-66aa-4538-8dea-a7257f76515b.jpg
2025-07-04 14:42:58,297 - app.services.camera_manager - INFO - [webcam1] cv2.imwrite() returned True
2025-07-04 14:42:58,374 - app.services.camera_manager - INFO - [webcam1] — iteration 443, calling cap.read()
2025-07-04 14:42:58,375 - app.services.camera_manager - INFO - [webcam1] — cap.read() returned ret=True
2025-07-04 14:42:58,376 - app.services.camera_manager - INFO - [webcam1] saving to C:\Users\HiDigi\OneDrive\Desktop\WebDev\FacialRecognition\static\images\frame_webcam1_34b92071-b41c-41ae-aa22-c3e5dccd301d.jpg
2025-07-04 14:42:58,382 - app.services.camera_manager - INFO - [webcam1] cv2.imwrite() returned True
2025-07-04 14:42:58,451 - app.services.camera_manager - INFO - [webcam1] — iteration 444, calling cap.read()
2025-07-04 14:42:58,452 - app.services.camera_manager - INFO - [webcam1] — cap.read() returned ret=True
2025-07-04 14:42:58,453 - app.services.camera_manager - INFO - [webcam1] saving to C:\Users\HiDigi\OneDrive\Desktop\WebDev\FacialRecognition\static\images\frame_webcam1_10f18e7d-5544-4569-bd34-62cd68ddb78d.jpg
2025-07-04 14:42:58,460 - app.services.camera_manager - INFO - [webcam1] cv2.imwrite() returned True
2025-07-04 14:42:58,528 - app.services.camera_manager - INFO - [webcam1] — iteration 445, calling cap.read()
2025-07-04 14:42:58,528 - app.services.camera_manager - INFO - [webcam1] — cap.read() returned ret=True
2025-07-04 14:42:58,529 - app.services.camera_manager - INFO - [webcam1] saving to C:\Users\HiDigi\OneDrive\Desktop\WebDev\FacialRecognition\static\images\frame_webcam1_a61290fe-235e-4a5e-b9ad-30916798d5ff.jpg
2025-07-04 14:42:58,535 - app.services.camera_manager - INFO - [webcam1] cv2.imwrite() returned True
2025-07-04 14:42:58,594 - app.services.camera_manager - INFO - [webcam1] — iteration 446, calling cap.read()
2025-07-04 14:42:58,595 - app.services.camera_manager - INFO - [webcam1] — cap.read() returned ret=True
2025-07-04 14:42:58,596 - app.services.camera_manager - INFO - [webcam1] saving to C:\Users\HiDigi\OneDrive\Desktop\WebDev\FacialRecognition\static\images\frame_webcam1_34de14c8-6b7a-4087-8c66-3d17919f2066.jpg
2025-07-04 14:42:58,602 - app.services.camera_manager - INFO - [webcam1] cv2.imwrite() returned True
2025-07-04 14:42:58,671 - app.services.camera_manager - INFO - [webcam1] — iteration 447, calling cap.read()
2025-07-04 14:42:58,672 - app.services.camera_manager - INFO - [webcam1] — cap.read() returned ret=True
2025-07-04 14:42:58,673 - app.services.camera_manager - INFO - [webcam1] saving to C:\Users\HiDigi\OneDrive\Desktop\WebDev\FacialRecognition\static\images\frame_webcam1_658c93be-7cbc-4c74-9197-836e8ec3bde7.jpg
2025-07-04 14:42:58,681 - app.services.camera_manager - INFO - [webcam1] cv2.imwrite() returned True
2025-07-04 14:42:58,749 - app.services.camera_manager - INFO - [webcam1] — iteration 448, calling cap.read()
2025-07-04 14:42:58,749 - app.services.camera_manager - INFO - [webcam1] — cap.read() returned ret=True
2025-07-04 14:42:58,750 - app.services.camera_manager - INFO - [webcam1] saving to C:\Users\HiDigi\OneDrive\Desktop\WebDev\FacialRecognition\static\images\frame_webcam1_bf8f1122-853e-430b-9d53-8e2be8b39153.jpg
2025-07-04 14:42:58,758 - app.services.camera_manager - INFO - [webcam1] cv2.imwrite() returned True
2025-07-04 14:42:58,817 - app.services.camera_manager - INFO - [webcam1] — iteration 449, calling cap.read()
2025-07-04 14:42:58,818 - app.services.camera_manager - INFO - [webcam1] — cap.read() returned ret=True
2025-07-04 14:42:58,820 - app.services.camera_manager - INFO - [webcam1] saving to C:\Users\HiDigi\OneDrive\Desktop\WebDev\FacialRecognition\static\images\frame_webcam1_6bd65db3-5c09-482d-aa57-58bb0a482a8a.jpg
2025-07-04 14:42:58,833 - app.services.camera_manager - INFO - [webcam1] cv2.imwrite() returned True
2025-07-04 14:42:58,888 - app.services.camera_manager - INFO - [webcam1] — iteration 450, calling cap.read()
2025-07-04 14:42:58,889 - app.services.camera_manager - INFO - [webcam1] — cap.read() returned ret=True
2025-07-04 14:42:58,890 - app.services.camera_manager - INFO - [webcam1] saving to C:\Users\HiDigi\OneDrive\Desktop\WebDev\FacialRecognition\static\images\frame_webcam1_161aae6c-6a66-4ebe-b895-6e216fb1b04c.jpg
2025-07-04 14:42:58,899 - app.services.camera_manager - INFO - [webcam1] cv2.imwrite() returned True
2025-07-04 14:42:58,967 - app.services.camera_manager - INFO - [webcam1] — iteration 451, calling cap.read()
2025-07-04 14:42:58,968 - app.services.camera_manager - INFO - [webcam1] — cap.read() returned ret=True
2025-07-04 14:42:58,969 - app.services.camera_manager - INFO - [webcam1] saving to C:\Users\HiDigi\OneDrive\Desktop\WebDev\FacialRecognition\static\images\frame_webcam1_a3c61fcc-98a5-44e3-b796-2807374cfe64.jpg
2025-07-04 14:42:58,978 - app.services.camera_manager - INFO - [webcam1] cv2.imwrite() returned True
2025-07-04 14:42:58,985 - app.api.v1.ws_router - INFO - [WS] Client connected -> total clients = 1
2025-07-04 14:42:59,043 - app.services.camera_manager - INFO - [webcam1] — iteration 452, calling cap.read()
2025-07-04 14:42:59,044 - app.services.camera_manager - INFO - [webcam1] — cap.read() returned ret=True
2025-07-04 14:42:59,046 - app.services.camera_manager - INFO - [webcam1] saving to C:\Users\HiDigi\OneDrive\Desktop\WebDev\FacialRecognition\static\images\frame_webcam1_3e04f08a-ca1b-4ef5-9918-b53e7a4c4234.jpg
2025-07-04 14:42:59,056 - app.services.camera_manager - INFO - [webcam1] cv2.imwrite() returned True
2025-07-04 14:42:59,115 - app.services.camera_manager - INFO - [webcam1] — iteration 453, calling cap.read()
2025-07-04 14:42:59,116 - app.services.camera_manager - INFO - [webcam1] — cap.read() returned ret=True
2025-07-04 14:42:59,117 - app.services.camera_manager - INFO - [webcam1] saving to C:\Users\HiDigi\OneDrive\Desktop\WebDev\FacialRecognition\static\images\frame_webcam1_d73bb0a3-55a2-4d50-ba0c-b2835329af0e.jpg
2025-07-04 14:42:59,126 - app.services.camera_manager - INFO - [webcam1] cv2.imwrite() returned True
2025-07-04 14:42:59,194 - app.services.camera_manager - INFO - [webcam1] — iteration 454, calling cap.read()
2025-07-04 14:42:59,195 - app.services.camera_manager - INFO - [webcam1] — cap.read() returned ret=True
2025-07-04 14:42:59,196 - app.services.camera_manager - INFO - [webcam1] saving to C:\Users\HiDigi\OneDrive\Desktop\WebDev\FacialRecognition\static\images\frame_webcam1_70af3036-7868-44dd-b4e2-5191e2636d98.jpg
2025-07-04 14:42:59,203 - app.services.camera_manager - INFO - [webcam1] cv2.imwrite() returned True
2025-07-04 14:42:59,272 - app.services.camera_manager - INFO - [webcam1] — iteration 455, calling cap.read()
2025-07-04 14:42:59,272 - app.services.camera_manager - INFO - [webcam1] — cap.read() returned ret=True
2025-07-04 14:42:59,274 - app.services.camera_manager - INFO - [webcam1] saving to C:\Users\HiDigi\OneDrive\Desktop\WebDev\FacialRecognition\static\images\frame_webcam1_782f315d-4a12-4f70-8576-79c76b3373e2.jpg
2025-07-04 14:42:59,282 - app.services.camera_manager - INFO - [webcam1] cv2.imwrite() returned True
2025-07-04 14:42:59,357 - app.services.camera_manager - INFO - [webcam1] — iteration 456, calling cap.read()
2025-07-04 14:42:59,358 - app.services.camera_manager - INFO - [webcam1] — cap.read() returned ret=True
2025-07-04 14:42:59,359 - app.services.camera_manager - INFO - [webcam1] saving to C:\Users\HiDigi\OneDrive\Desktop\WebDev\FacialRecognition\static\images\frame_webcam1_9ec4ef04-d77c-464a-a1da-fc722aee3155.jpg
2025-07-04 14:42:59,367 - app.services.camera_manager - INFO - [webcam1] cv2.imwrite() returned True
2025-07-04 14:42:59,427 - app.services.camera_manager - INFO - [webcam1] — iteration 457, calling cap.read()
2025-07-04 14:42:59,427 - app.services.camera_manager - INFO - [webcam1] — cap.read() returned ret=True
2025-07-04 14:42:59,429 - app.services.camera_manager - INFO - [webcam1] saving to C:\Users\HiDigi\OneDrive\Desktop\WebDev\FacialRecognition\static\images\frame_webcam1_2a021b6f-8b79-4893-a27d-9a21e3a21658.jpg
2025-07-04 14:42:59,435 - app.services.camera_manager - INFO - [webcam1] cv2.imwrite() returned True
2025-07-04 14:42:59,504 - app.services.camera_manager - INFO - [webcam1] — iteration 458, calling cap.read()
2025-07-04 14:42:59,505 - app.services.camera_manager - INFO - [webcam1] — cap.read() returned ret=True
2025-07-04 14:42:59,506 - app.services.camera_manager - INFO - [webcam1] saving to C:\Users\HiDigi\OneDrive\Desktop\WebDev\FacialRecognition\static\images\frame_webcam1_394fc51b-74c4-46e7-bdb3-80c99035c063.jpg
2025-07-04 14:42:59,512 - app.services.camera_manager - INFO - [webcam1] cv2.imwrite() returned True
2025-07-04 14:42:59,580 - app.services.camera_manager - INFO - [webcam1] — iteration 459, calling cap.read()
2025-07-04 14:42:59,581 - app.services.camera_manager - INFO - [webcam1] — cap.read() returned ret=True
2025-07-04 14:42:59,582 - app.services.camera_manager - INFO - [webcam1] saving to C:\Users\HiDigi\OneDrive\Desktop\WebDev\FacialRecognition\static\images\frame_webcam1_2d873088-0e2d-4182-9bf3-114425c728cb.jpg
2025-07-04 14:42:59,590 - app.services.camera_manager - INFO - [webcam1] cv2.imwrite() returned True
2025-07-04 14:42:59,665 - app.services.camera_manager - INFO - [webcam1] — iteration 460, calling cap.read()
2025-07-04 14:42:59,665 - app.services.camera_manager - INFO - [webcam1] — cap.read() returned ret=True
2025-07-04 14:42:59,667 - app.services.camera_manager - INFO - [webcam1] saving to C:\Users\HiDigi\OneDrive\Desktop\WebDev\FacialRecognition\static\images\frame_webcam1_afe9922f-5813-4063-86d1-69a5dc12050f.jpg
2025-07-04 14:42:59,673 - app.services.camera_manager - INFO - [webcam1] cv2.imwrite() returned True
2025-07-04 14:42:59,748 - app.services.camera_manager - INFO - [webcam1] — iteration 461, calling cap.read()
2025-07-04 14:42:59,748 - app.services.camera_manager - INFO - [webcam1] — cap.read() returned ret=True
2025-07-04 14:42:59,750 - app.services.camera_manager - INFO - [webcam1] saving to C:\Users\HiDigi\OneDrive\Desktop\WebDev\FacialRecognition\static\images\frame_webcam1_d889be5d-3349-4724-8b6d-33ba81af522f.jpg
2025-07-04 14:42:59,757 - app.services.camera_manager - INFO - [webcam1] cv2.imwrite() returned True
2025-07-04 14:42:59,811 - app.services.camera_manager - INFO - [webcam1] — iteration 462, calling cap.read()
2025-07-04 14:42:59,812 - app.services.camera_manager - INFO - [webcam1] — cap.read() returned ret=True
2025-07-04 14:42:59,813 - app.services.camera_manager - INFO - [webcam1] saving to C:\Users\HiDigi\OneDrive\Desktop\WebDev\FacialRecognition\static\images\frame_webcam1_e01d7393-4a6d-4448-8e1e-21b1eafe9ab8.jpg
2025-07-04 14:42:59,820 - app.services.camera_manager - INFO - [webcam1] cv2.imwrite() returned True
2025-07-04 14:42:59,888 - app.services.camera_manager - INFO - [webcam1] — iteration 463, calling cap.read()
2025-07-04 14:42:59,889 - app.services.camera_manager - INFO - [webcam1] — cap.read() returned ret=True
2025-07-04 14:42:59,890 - app.services.camera_manager - INFO - [webcam1] saving to C:\Users\HiDigi\OneDrive\Desktop\WebDev\FacialRecognition\static\images\frame_webcam1_f157a168-44d1-4e40-af19-50764979473d.jpg
2025-07-04 14:42:59,897 - app.services.camera_manager - INFO - [webcam1] cv2.imwrite() returned True
2025-07-04 14:42:59,956 - app.services.camera_manager - INFO - [webcam1] — iteration 464, calling cap.read()
2025-07-04 14:42:59,957 - app.services.camera_manager - INFO - [webcam1] — cap.read() returned ret=True
2025-07-04 14:42:59,958 - app.services.camera_manager - INFO - [webcam1] saving to C:\Users\HiDigi\OneDrive\Desktop\WebDev\FacialRecognition\static\images\frame_webcam1_6d414913-7a83-4128-9ea6-929067a0b635.jpg
2025-07-04 14:42:59,966 - app.services.camera_manager - INFO - [webcam1] cv2.imwrite() returned True
2025-07-04 14:43:00,040 - app.services.camera_manager - INFO - [webcam1] — iteration 465, calling cap.read()
2025-07-04 14:43:00,041 - app.services.camera_manager - INFO - [webcam1] — cap.read() returned ret=True
2025-07-04 14:43:00,042 - app.services.camera_manager - INFO - [webcam1] saving to C:\Users\HiDigi\OneDrive\Desktop\WebDev\FacialRecognition\static\images\frame_webcam1_056e5ef8-b2a6-4b5c-852d-7f7a0c5fd599.jpg
2025-07-04 14:43:00,051 - app.services.camera_manager - INFO - [webcam1] cv2.imwrite() returned True
2025-07-04 14:43:00,121 - app.services.camera_manager - INFO - [webcam1] — iteration 466, calling cap.read()
2025-07-04 14:43:00,121 - app.services.camera_manager - INFO - [webcam1] — cap.read() returned ret=True
2025-07-04 14:43:00,123 - app.services.camera_manager - INFO - [webcam1] saving to C:\Users\HiDigi\OneDrive\Desktop\WebDev\FacialRecognition\static\images\frame_webcam1_254391c8-683d-4396-a438-5fa2f4604a3b.jpg
2025-07-04 14:43:00,130 - app.services.camera_manager - INFO - [webcam1] cv2.imwrite() returned True
2025-07-04 14:43:00,198 - app.services.camera_manager - INFO - [webcam1] — iteration 467, calling cap.read()
2025-07-04 14:43:00,199 - app.services.camera_manager - INFO - [webcam1] — cap.read() returned ret=True
2025-07-04 14:43:00,200 - app.services.camera_manager - INFO - [webcam1] saving to C:\Users\HiDigi\OneDrive\Desktop\WebDev\FacialRecognition\static\images\frame_webcam1_d26d59a8-d494-48e4-b9b2-549e526a3f57.jpg
2025-07-04 14:43:00,209 - app.services.camera_manager - INFO - [webcam1] cv2.imwrite() returned True
2025-07-04 14:43:00,268 - app.services.camera_manager - INFO - [webcam1] — iteration 468, calling cap.read()
2025-07-04 14:43:00,268 - app.services.camera_manager - INFO - [webcam1] — cap.read() returned ret=True
2025-07-04 14:43:00,270 - app.services.camera_manager - INFO - [webcam1] saving to C:\Users\HiDigi\OneDrive\Desktop\WebDev\FacialRecognition\static\images\frame_webcam1_a88dc1cc-f329-4c9b-ad2b-cc9556ee22ac.jpg
2025-07-04 14:43:00,278 - app.services.camera_manager - INFO - [webcam1] cv2.imwrite() returned True
2025-07-04 14:43:00,354 - app.services.camera_manager - INFO - [webcam1] — iteration 469, calling cap.read()
2025-07-04 14:43:00,354 - app.services.camera_manager - INFO - [webcam1] — cap.read() returned ret=True
2025-07-04 14:43:00,356 - app.services.camera_manager - INFO - [webcam1] saving to C:\Users\HiDigi\OneDrive\Desktop\WebDev\FacialRecognition\static\images\frame_webcam1_3742fe47-3dc8-4778-800d-efff97051a13.jpg
2025-07-04 14:43:00,367 - app.services.camera_manager - INFO - [webcam1] cv2.imwrite() returned True
2025-07-04 14:43:00,434 - app.services.camera_manager - INFO - [webcam1] — iteration 470, calling cap.read()
2025-07-04 14:43:00,435 - app.services.camera_manager - INFO - [webcam1] — cap.read() returned ret=True
2025-07-04 14:43:00,438 - app.services.camera_manager - INFO - [webcam1] saving to C:\Users\HiDigi\OneDrive\Desktop\WebDev\FacialRecognition\static\images\frame_webcam1_27bdd619-33de-44be-a38c-7328263c505d.jpg
2025-07-04 14:43:00,451 - app.services.camera_manager - INFO - [webcam1] cv2.imwrite() returned True
2025-07-04 14:43:00,520 - app.services.camera_manager - INFO - [webcam1] — iteration 471, calling cap.read()
2025-07-04 14:43:00,520 - app.services.camera_manager - INFO - [webcam1] — cap.read() returned ret=True
2025-07-04 14:43:00,522 - app.services.camera_manager - INFO - [webcam1] saving to C:\Users\HiDigi\OneDrive\Desktop\WebDev\FacialRecognition\static\images\frame_webcam1_b137b011-3f59-4826-bbad-5e4044725a03.jpg
2025-07-04 14:43:00,530 - app.services.camera_manager - INFO - [webcam1] cv2.imwrite() returned True
2025-07-04 14:43:00,615 - app.services.camera_manager - INFO - [webcam1] — iteration 472, calling cap.read()
2025-07-04 14:43:00,616 - app.services.camera_manager - INFO - [webcam1] — cap.read() returned ret=True
2025-07-04 14:43:00,617 - app.services.camera_manager - INFO - [webcam1] saving to C:\Users\HiDigi\OneDrive\Desktop\WebDev\FacialRecognition\static\images\frame_webcam1_1020fe84-daf8-400e-847d-8b1ad2e640cb.jpg
2025-07-04 14:43:00,624 - app.services.camera_manager - INFO - [webcam1] cv2.imwrite() returned True
2025-07-04 14:43:00,710 - app.services.camera_manager - INFO - [webcam1] — iteration 473, calling cap.read()
2025-07-04 14:43:00,710 - app.services.camera_manager - INFO - [webcam1] — cap.read() returned ret=True
2025-07-04 14:43:00,712 - app.services.camera_manager - INFO - [webcam1] saving to C:\Users\HiDigi\OneDrive\Desktop\WebDev\FacialRecognition\static\images\frame_webcam1_14b3ec5f-2821-4d33-b1fa-09f6ec654c13.jpg
2025-07-04 14:43:00,719 - app.services.camera_manager - INFO - [webcam1] cv2.imwrite() returned True
2025-07-04 14:43:00,803 - app.services.camera_manager - INFO - [webcam1] — iteration 474, calling cap.read()
2025-07-04 14:43:00,804 - app.services.camera_manager - INFO - [webcam1] — cap.read() returned ret=True
2025-07-04 14:43:00,806 - app.services.camera_manager - INFO - [webcam1] saving to C:\Users\HiDigi\OneDrive\Desktop\WebDev\FacialRecognition\static\images\frame_webcam1_8cba4ddc-cd04-43c6-8277-49c75011cd89.jpg
2025-07-04 14:43:00,816 - app.services.camera_manager - INFO - [webcam1] cv2.imwrite() returned True
2025-07-04 14:43:00,879 - app.services.camera_manager - INFO - [webcam1] — iteration 475, calling cap.read()
2025-07-04 14:43:00,880 - app.services.camera_manager - INFO - [webcam1] — cap.read() returned ret=True
2025-07-04 14:43:00,881 - app.services.camera_manager - INFO - [webcam1] saving to C:\Users\HiDigi\OneDrive\Desktop\WebDev\FacialRecognition\static\images\frame_webcam1_15b8c378-5d1a-42d3-b564-f137c974614b.jpg
2025-07-04 14:43:00,887 - app.services.camera_manager - INFO - [webcam1] cv2.imwrite() returned True
2025-07-04 14:43:00,955 - app.services.camera_manager - INFO - [webcam1] — iteration 476, calling cap.read()
2025-07-04 14:43:00,956 - app.services.camera_manager - INFO - [webcam1] — cap.read() returned ret=True
2025-07-04 14:43:00,957 - app.services.camera_manager - INFO - [webcam1] saving to C:\Users\HiDigi\OneDrive\Desktop\WebDev\FacialRecognition\static\images\frame_webcam1_89fed735-9777-4092-a73a-21ba1618793d.jpg
2025-07-04 14:43:00,963 - app.services.camera_manager - INFO - [webcam1] cv2.imwrite() returned True
2025-07-04 14:43:01,034 - app.services.camera_manager - INFO - [webcam1] — iteration 477, calling cap.read()
2025-07-04 14:43:01,035 - app.services.camera_manager - INFO - [webcam1] — cap.read() returned ret=True
2025-07-04 14:43:01,036 - app.services.camera_manager - INFO - [webcam1] saving to C:\Users\HiDigi\OneDrive\Desktop\WebDev\FacialRecognition\static\images\frame_webcam1_e29e6099-761a-4e52-8c98-d67ab498dc90.jpg
2025-07-04 14:43:01,043 - app.services.camera_manager - INFO - [webcam1] cv2.imwrite() returned True
2025-07-04 14:43:01,098 - app.services.camera_manager - INFO - [webcam1] — iteration 478, calling cap.read()
2025-07-04 14:43:01,099 - app.services.camera_manager - INFO - [webcam1] — cap.read() returned ret=True
2025-07-04 14:43:01,100 - app.services.camera_manager - INFO - [webcam1] saving to C:\Users\HiDigi\OneDrive\Desktop\WebDev\FacialRecognition\static\images\frame_webcam1_3413058c-59da-4c26-a27c-47018edb569b.jpg
2025-07-04 14:43:01,107 - app.services.camera_manager - INFO - [webcam1] cv2.imwrite() returned True
2025-07-04 14:43:01,175 - app.services.camera_manager - INFO - [webcam1] — iteration 479, calling cap.read()
2025-07-04 14:43:01,176 - app.services.camera_manager - INFO - [webcam1] — cap.read() returned ret=True
2025-07-04 14:43:01,177 - app.services.camera_manager - INFO - [webcam1] saving to C:\Users\HiDigi\OneDrive\Desktop\WebDev\FacialRecognition\static\images\frame_webcam1_f37294de-62bc-440c-8dfb-742ad5b1f07c.jpg
2025-07-04 14:43:01,184 - app.services.camera_manager - INFO - [webcam1] cv2.imwrite() returned True
2025-07-04 14:43:01,252 - app.services.camera_manager - INFO - [webcam1] — iteration 480, calling cap.read()
2025-07-04 14:43:01,253 - app.services.camera_manager - INFO - [webcam1] — cap.read() returned ret=True
2025-07-04 14:43:01,253 - app.services.camera_manager - INFO - [webcam1] saving to C:\Users\HiDigi\OneDrive\Desktop\WebDev\FacialRecognition\static\images\frame_webcam1_746b8c34-b10a-403a-a7fa-dafebbf437e9.jpg
2025-07-04 14:43:01,260 - app.services.camera_manager - INFO - [webcam1] cv2.imwrite() returned True
2025-07-04 14:43:01,329 - app.services.camera_manager - INFO - [webcam1] — iteration 481, calling cap.read()
2025-07-04 14:43:01,329 - app.services.camera_manager - INFO - [webcam1] — cap.read() returned ret=True
2025-07-04 14:43:01,330 - app.services.camera_manager - INFO - [webcam1] saving to C:\Users\HiDigi\OneDrive\Desktop\WebDev\FacialRecognition\static\images\frame_webcam1_0d13a4a0-7ded-46d5-ad4c-e4da6845b234.jpg
2025-07-04 14:43:01,336 - app.services.camera_manager - INFO - [webcam1] cv2.imwrite() returned True
2025-07-04 14:43:01,406 - app.services.camera_manager - INFO - [webcam1] — iteration 482, calling cap.read()
2025-07-04 14:43:01,406 - app.services.camera_manager - INFO - [webcam1] — cap.read() returned ret=True
2025-07-04 14:43:01,407 - app.services.camera_manager - INFO - [webcam1] saving to C:\Users\HiDigi\OneDrive\Desktop\WebDev\FacialRecognition\static\images\frame_webcam1_7c2d952e-1501-4830-b570-5e1b8b0260f3.jpg
2025-07-04 14:43:01,413 - app.services.camera_manager - INFO - [webcam1] cv2.imwrite() returned True
2025-07-04 14:43:01,483 - app.services.camera_manager - INFO - [webcam1] — iteration 483, calling cap.read()
2025-07-04 14:43:01,483 - app.services.camera_manager - INFO - [webcam1] — cap.read() returned ret=True
2025-07-04 14:43:01,484 - app.services.camera_manager - INFO - [webcam1] saving to C:\Users\HiDigi\OneDrive\Desktop\WebDev\FacialRecognition\static\images\frame_webcam1_0515bfa6-50a6-45f9-a6c1-31afc63484c2.jpg
2025-07-04 14:43:01,490 - app.services.camera_manager - INFO - [webcam1] cv2.imwrite() returned True
2025-07-04 14:43:01,545 - app.services.camera_manager - INFO - [webcam1] — iteration 484, calling cap.read()
2025-07-04 14:43:01,545 - app.services.camera_manager - INFO - [webcam1] — cap.read() returned ret=True
2025-07-04 14:43:01,546 - app.services.camera_manager - INFO - [webcam1] saving to C:\Users\HiDigi\OneDrive\Desktop\WebDev\FacialRecognition\static\images\frame_webcam1_56034b60-40e3-43e3-bc9f-fc24b88f4c68.jpg
2025-07-04 14:43:01,552 - app.services.camera_manager - INFO - [webcam1] cv2.imwrite() returned True
2025-07-04 14:43:01,624 - app.services.camera_manager - INFO - [webcam1] — iteration 485, calling cap.read()
2025-07-04 14:43:01,624 - app.services.camera_manager - INFO - [webcam1] — cap.read() returned ret=True
2025-07-04 14:43:01,625 - app.services.camera_manager - INFO - [webcam1] saving to C:\Users\HiDigi\OneDrive\Desktop\WebDev\FacialRecognition\static\images\frame_webcam1_8661bbd6-b59a-497a-b75d-c7989137a9a4.jpg
2025-07-04 14:43:01,631 - app.services.camera_manager - INFO - [webcam1] cv2.imwrite() returned True
2025-07-04 14:43:01,702 - app.services.camera_manager - INFO - [webcam1] — iteration 486, calling cap.read()
2025-07-04 14:43:01,702 - app.services.camera_manager - INFO - [webcam1] — cap.read() returned ret=True
2025-07-04 14:43:01,703 - app.services.camera_manager - INFO - [webcam1] saving to C:\Users\HiDigi\OneDrive\Desktop\WebDev\FacialRecognition\static\images\frame_webcam1_89b976b8-c125-4de2-90f1-5d0984afb540.jpg
2025-07-04 14:43:01,709 - app.services.camera_manager - INFO - [webcam1] cv2.imwrite() returned True
2025-07-04 14:43:01,762 - app.services.camera_manager - INFO - [webcam1] — iteration 487, calling cap.read()
2025-07-04 14:43:01,763 - app.services.camera_manager - INFO - [webcam1] — cap.read() returned ret=True
2025-07-04 14:43:01,764 - app.services.camera_manager - INFO - [webcam1] saving to C:\Users\HiDigi\OneDrive\Desktop\WebDev\FacialRecognition\static\images\frame_webcam1_480af4c4-23bf-4345-9aaf-c852ea36bbed.jpg
2025-07-04 14:43:01,770 - app.services.camera_manager - INFO - [webcam1] cv2.imwrite() returned True
2025-07-04 14:43:01,842 - app.services.camera_manager - INFO - [webcam1] — iteration 488, calling cap.read()
2025-07-04 14:43:01,843 - app.services.camera_manager - INFO - [webcam1] — cap.read() returned ret=True
2025-07-04 14:43:01,844 - app.services.camera_manager - INFO - [webcam1] saving to C:\Users\HiDigi\OneDrive\Desktop\WebDev\FacialRecognition\static\images\frame_webcam1_6b58b0c8-c6c8-49f8-9c8d-bf0dfca503f4.jpg
2025-07-04 14:43:01,850 - app.services.camera_manager - INFO - [webcam1] cv2.imwrite() returned True
2025-07-04 14:43:01,918 - app.services.camera_manager - INFO - [webcam1] — iteration 489, calling cap.read()
2025-07-04 14:43:01,918 - app.services.camera_manager - INFO - [webcam1] — cap.read() returned ret=True
2025-07-04 14:43:01,920 - app.services.camera_manager - INFO - [webcam1] saving to C:\Users\HiDigi\OneDrive\Desktop\WebDev\FacialRecognition\static\images\frame_webcam1_b1882987-8492-4a2c-ad4d-bab053646a82.jpg
2025-07-04 14:43:01,925 - app.services.camera_manager - INFO - [webcam1] cv2.imwrite() returned True
2025-07-04 14:43:01,995 - app.services.camera_manager - INFO - [webcam1] — iteration 490, calling cap.read()
2025-07-04 14:43:01,996 - app.services.camera_manager - INFO - [webcam1] — cap.read() returned ret=True
2025-07-04 14:43:01,997 - app.services.camera_manager - INFO - [webcam1] saving to C:\Users\HiDigi\OneDrive\Desktop\WebDev\FacialRecognition\static\images\frame_webcam1_bc323b7a-ee3a-44db-af9a-59d6352f2f46.jpg
2025-07-04 14:43:02,002 - app.services.camera_manager - INFO - [webcam1] cv2.imwrite() returned True
2025-07-04 14:43:02,072 - app.services.camera_manager - INFO - [webcam1] — iteration 491, calling cap.read()
2025-07-04 14:43:02,072 - app.services.camera_manager - INFO - [webcam1] — cap.read() returned ret=True
2025-07-04 14:43:02,073 - app.services.camera_manager - INFO - [webcam1] saving to C:\Users\HiDigi\OneDrive\Desktop\WebDev\FacialRecognition\static\images\frame_webcam1_45140c53-673b-45fe-9ac4-72d13dfa1f29.jpg
2025-07-04 14:43:02,079 - app.services.camera_manager - INFO - [webcam1] cv2.imwrite() returned True
2025-07-04 14:43:02,167 - app.services.camera_manager - INFO - [webcam1] — iteration 492, calling cap.read()
2025-07-04 14:43:02,167 - app.services.camera_manager - INFO - [webcam1] — cap.read() returned ret=True
2025-07-04 14:43:02,168 - app.services.camera_manager - INFO - [webcam1] saving to C:\Users\HiDigi\OneDrive\Desktop\WebDev\FacialRecognition\static\images\frame_webcam1_eb2e21c3-5fea-4b07-b9a0-6da955548692.jpg
2025-07-04 14:43:02,174 - app.services.camera_manager - INFO - [webcam1] cv2.imwrite() returned True
2025-07-04 14:43:02,260 - app.services.camera_manager - INFO - [webcam1] — iteration 493, calling cap.read()
2025-07-04 14:43:02,260 - app.services.camera_manager - INFO - [webcam1] — cap.read() returned ret=True
2025-07-04 14:43:02,261 - app.services.camera_manager - INFO - [webcam1] saving to C:\Users\HiDigi\OneDrive\Desktop\WebDev\FacialRecognition\static\images\frame_webcam1_2f105ad9-1299-4035-af7b-a940566bd309.jpg
2025-07-04 14:43:02,267 - app.services.camera_manager - INFO - [webcam1] cv2.imwrite() returned True
2025-07-04 14:43:02,354 - app.services.camera_manager - INFO - [webcam1] — iteration 494, calling cap.read()
2025-07-04 14:43:02,354 - app.services.camera_manager - INFO - [webcam1] — cap.read() returned ret=True
2025-07-04 14:43:02,355 - app.services.camera_manager - INFO - [webcam1] saving to C:\Users\HiDigi\OneDrive\Desktop\WebDev\FacialRecognition\static\images\frame_webcam1_97fe9629-b546-49f1-b4e8-4ce70bb1bf3a.jpg
2025-07-04 14:43:02,361 - app.services.camera_manager - INFO - [webcam1] cv2.imwrite() returned True
2025-07-04 14:43:02,445 - app.services.camera_manager - INFO - [webcam1] — iteration 495, calling cap.read()
2025-07-04 14:43:02,446 - app.services.camera_manager - INFO - [webcam1] — cap.read() returned ret=True
2025-07-04 14:43:02,447 - app.services.camera_manager - INFO - [webcam1] saving to C:\Users\HiDigi\OneDrive\Desktop\WebDev\FacialRecognition\static\images\frame_webcam1_5f5f37e8-44a4-4036-a2fc-8d10211c0d46.jpg
2025-07-04 14:43:02,453 - app.services.camera_manager - INFO - [webcam1] cv2.imwrite() returned True
2025-07-04 14:43:02,537 - app.services.camera_manager - INFO - [webcam1] — iteration 496, calling cap.read()
2025-07-04 14:43:02,537 - app.services.camera_manager - INFO - [webcam1] — cap.read() returned ret=True
2025-07-04 14:43:02,539 - app.services.camera_manager - INFO - [webcam1] saving to C:\Users\HiDigi\OneDrive\Desktop\WebDev\FacialRecognition\static\images\frame_webcam1_44632707-71dc-46f2-823d-5d4c8d796f34.jpg
2025-07-04 14:43:02,545 - app.services.camera_manager - INFO - [webcam1] cv2.imwrite() returned True
2025-07-04 14:43:02,614 - app.services.camera_manager - INFO - [webcam1] — iteration 497, calling cap.read()
2025-07-04 14:43:02,614 - app.services.camera_manager - INFO - [webcam1] — cap.read() returned ret=True
2025-07-04 14:43:02,615 - app.services.camera_manager - INFO - [webcam1] saving to C:\Users\HiDigi\OneDrive\Desktop\WebDev\FacialRecognition\static\images\frame_webcam1_70d6520c-7fed-4012-ad8e-a0b6c3f1b6d0.jpg
2025-07-04 14:43:02,621 - app.services.camera_manager - INFO - [webcam1] cv2.imwrite() returned True
2025-07-04 14:43:02,692 - app.services.camera_manager - INFO - [webcam1] — iteration 498, calling cap.read()
2025-07-04 14:43:02,692 - app.services.camera_manager - INFO - [webcam1] — cap.read() returned ret=True
2025-07-04 14:43:02,693 - app.services.camera_manager - INFO - [webcam1] saving to C:\Users\HiDigi\OneDrive\Desktop\WebDev\FacialRecognition\static\images\frame_webcam1_fb5e6161-d31d-4686-8b18-6d4aeb16dd93.jpg
2025-07-04 14:43:02,699 - app.services.camera_manager - INFO - [webcam1] cv2.imwrite() returned True
2025-07-04 14:43:02,770 - app.services.camera_manager - INFO - [webcam1] — iteration 499, calling cap.read()
2025-07-04 14:43:02,770 - app.services.camera_manager - INFO - [webcam1] — cap.read() returned ret=True
2025-07-04 14:43:02,772 - app.services.camera_manager - INFO - [webcam1] saving to C:\Users\HiDigi\OneDrive\Desktop\WebDev\FacialRecognition\static\images\frame_webcam1_283b0374-c0ef-4c9e-8ec2-bf3812d68351.jpg
2025-07-04 14:43:02,777 - app.services.camera_manager - INFO - [webcam1] cv2.imwrite() returned True
2025-07-04 14:43:02,864 - app.services.camera_manager - INFO - [webcam1] — iteration 500, calling cap.read()
2025-07-04 14:43:02,864 - app.services.camera_manager - INFO - [webcam1] — cap.read() returned ret=True
2025-07-04 14:43:02,865 - app.services.camera_manager - INFO - [webcam1] saving to C:\Users\HiDigi\OneDrive\Desktop\WebDev\FacialRecognition\static\images\frame_webcam1_3b3a97ee-3017-47e4-85b4-806e60bd9c22.jpg
2025-07-04 14:43:02,871 - app.services.camera_manager - INFO - [webcam1] cv2.imwrite() returned True
2025-07-04 14:43:02,957 - app.services.camera_manager - INFO - [webcam1] — iteration 501, calling cap.read()
2025-07-04 14:43:02,957 - app.services.camera_manager - INFO - [webcam1] — cap.read() returned ret=True
2025-07-04 14:43:02,958 - app.services.camera_manager - INFO - [webcam1] saving to C:\Users\HiDigi\OneDrive\Desktop\WebDev\FacialRecognition\static\images\frame_webcam1_348f453f-a3a4-4c25-8289-fbe2d8d476bf.jpg
2025-07-04 14:43:02,964 - app.services.camera_manager - INFO - [webcam1] cv2.imwrite() returned True
2025-07-04 14:43:03,033 - app.services.camera_manager - INFO - [webcam1] — iteration 502, calling cap.read()
2025-07-04 14:43:03,034 - app.services.camera_manager - INFO - [webcam1] — cap.read() returned ret=True
2025-07-04 14:43:03,035 - app.services.camera_manager - INFO - [webcam1] saving to C:\Users\HiDigi\OneDrive\Desktop\WebDev\FacialRecognition\static\images\frame_webcam1_7b9e50c0-cbec-44cd-aeb5-e57a5699db4e.jpg
2025-07-04 14:43:03,040 - app.services.camera_manager - INFO - [webcam1] cv2.imwrite() returned True
2025-07-04 14:43:03,110 - app.services.camera_manager - INFO - [webcam1] — iteration 503, calling cap.read()
2025-07-04 14:43:03,111 - app.services.camera_manager - INFO - [webcam1] — cap.read() returned ret=True
2025-07-04 14:43:03,112 - app.services.camera_manager - INFO - [webcam1] saving to C:\Users\HiDigi\OneDrive\Desktop\WebDev\FacialRecognition\static\images\frame_webcam1_f959099d-4235-4db0-bd7e-702b0f30be18.jpg
2025-07-04 14:43:03,118 - app.services.camera_manager - INFO - [webcam1] cv2.imwrite() returned True
2025-07-04 14:43:03,185 - app.services.camera_manager - INFO - [webcam1] — iteration 504, calling cap.read()
2025-07-04 14:43:03,186 - app.services.camera_manager - INFO - [webcam1] — cap.read() returned ret=True
2025-07-04 14:43:03,187 - app.services.camera_manager - INFO - [webcam1] saving to C:\Users\HiDigi\OneDrive\Desktop\WebDev\FacialRecognition\static\images\frame_webcam1_42aa3585-7008-465f-a42e-5fe89cf91a5d.jpg
2025-07-04 14:43:03,192 - app.services.camera_manager - INFO - [webcam1] cv2.imwrite() returned True
2025-07-04 14:43:03,264 - app.services.camera_manager - INFO - [webcam1] — iteration 505, calling cap.read()
2025-07-04 14:43:03,264 - app.services.camera_manager - INFO - [webcam1] — cap.read() returned ret=True
2025-07-04 14:43:03,266 - app.services.camera_manager - INFO - [webcam1] saving to C:\Users\HiDigi\OneDrive\Desktop\WebDev\FacialRecognition\static\images\frame_webcam1_80f9e732-aedb-4a41-914f-0c2faa8adc7b.jpg
2025-07-04 14:43:03,271 - app.services.camera_manager - INFO - [webcam1] cv2.imwrite() returned True
2025-07-04 14:43:03,342 - app.services.camera_manager - INFO - [webcam1] — iteration 506, calling cap.read()
2025-07-04 14:43:03,343 - app.services.camera_manager - INFO - [webcam1] — cap.read() returned ret=True
2025-07-04 14:43:03,344 - app.services.camera_manager - INFO - [webcam1] saving to C:\Users\HiDigi\OneDrive\Desktop\WebDev\FacialRecognition\static\images\frame_webcam1_d3bb1d57-78a1-4fa4-ab23-1fdd692136cf.jpg
2025-07-04 14:43:03,349 - app.services.camera_manager - INFO - [webcam1] cv2.imwrite() returned True
2025-07-04 14:43:03,420 - app.services.camera_manager - INFO - [webcam1] — iteration 507, calling cap.read()
2025-07-04 14:43:03,420 - app.services.camera_manager - INFO - [webcam1] — cap.read() returned ret=True
2025-07-04 14:43:03,422 - app.services.camera_manager - INFO - [webcam1] saving to C:\Users\HiDigi\OneDrive\Desktop\WebDev\FacialRecognition\static\images\frame_webcam1_998e7d06-1980-4232-b23f-e0321f4c113a.jpg
2025-07-04 14:43:03,427 - app.services.camera_manager - INFO - [webcam1] cv2.imwrite() returned True
2025-07-04 14:43:03,483 - app.services.camera_manager - INFO - [webcam1] — iteration 508, calling cap.read()
2025-07-04 14:43:03,484 - app.services.camera_manager - INFO - [webcam1] — cap.read() returned ret=True
2025-07-04 14:43:03,485 - app.services.camera_manager - INFO - [webcam1] saving to C:\Users\HiDigi\OneDrive\Desktop\WebDev\FacialRecognition\static\images\frame_webcam1_7707aed6-09dd-461d-926f-3c0f7e8fc32c.jpg
2025-07-04 14:43:03,490 - app.services.camera_manager - INFO - [webcam1] cv2.imwrite() returned True
2025-07-04 14:43:03,560 - app.services.camera_manager - INFO - [webcam1] — iteration 509, calling cap.read()
2025-07-04 14:43:03,561 - app.services.camera_manager - INFO - [webcam1] — cap.read() returned ret=True
2025-07-04 14:43:03,562 - app.services.camera_manager - INFO - [webcam1] saving to C:\Users\HiDigi\OneDrive\Desktop\WebDev\FacialRecognition\static\images\frame_webcam1_d69cb831-e429-4f59-b866-6125dc7fc1cf.jpg
2025-07-04 14:43:03,567 - app.services.camera_manager - INFO - [webcam1] cv2.imwrite() returned True
2025-07-04 14:43:03,638 - app.services.camera_manager - INFO - [webcam1] — iteration 510, calling cap.read()
2025-07-04 14:43:03,638 - app.services.camera_manager - INFO - [webcam1] — cap.read() returned ret=True
2025-07-04 14:43:03,640 - app.services.camera_manager - INFO - [webcam1] saving to C:\Users\HiDigi\OneDrive\Desktop\WebDev\FacialRecognition\static\images\frame_webcam1_ce0c30ed-af08-4c7d-bd4f-cc0e91869a2e.jpg
2025-07-04 14:43:03,646 - app.services.camera_manager - INFO - [webcam1] cv2.imwrite() returned True
2025-07-04 14:43:03,714 - app.services.camera_manager - INFO - [webcam1] — iteration 511, calling cap.read()
2025-07-04 14:43:03,714 - app.services.camera_manager - INFO - [webcam1] — cap.read() returned ret=True
2025-07-04 14:43:03,715 - app.services.camera_manager - INFO - [webcam1] saving to C:\Users\HiDigi\OneDrive\Desktop\WebDev\FacialRecognition\static\images\frame_webcam1_f0b2d1b2-c210-46cb-851b-c4ae2fbf6ad6.jpg
2025-07-04 14:43:03,722 - app.services.camera_manager - INFO - [webcam1] cv2.imwrite() returned True
2025-07-04 14:43:03,792 - app.services.camera_manager - INFO - [webcam1] — iteration 512, calling cap.read()
2025-07-04 14:43:03,793 - app.services.camera_manager - INFO - [webcam1] — cap.read() returned ret=True
2025-07-04 14:43:03,794 - app.services.camera_manager - INFO - [webcam1] saving to C:\Users\HiDigi\OneDrive\Desktop\WebDev\FacialRecognition\static\images\frame_webcam1_ad48c62c-e329-4e87-ab46-7684c849399a.jpg
2025-07-04 14:43:03,799 - app.services.camera_manager - INFO - [webcam1] cv2.imwrite() returned True
2025-07-04 14:43:03,885 - app.services.camera_manager - INFO - [webcam1] — iteration 513, calling cap.read()
2025-07-04 14:43:03,886 - app.services.camera_manager - INFO - [webcam1] — cap.read() returned ret=True
2025-07-04 14:43:03,887 - app.services.camera_manager - INFO - [webcam1] saving to C:\Users\HiDigi\OneDrive\Desktop\WebDev\FacialRecognition\static\images\frame_webcam1_52fcc946-d4df-40ed-b40e-ca8ec42efa96.jpg
2025-07-04 14:43:03,893 - app.services.camera_manager - INFO - [webcam1] cv2.imwrite() returned True
2025-07-04 14:43:03,978 - app.services.camera_manager - INFO - [webcam1] — iteration 514, calling cap.read()
2025-07-04 14:43:03,979 - app.services.camera_manager - INFO - [webcam1] — cap.read() returned ret=True
2025-07-04 14:43:03,980 - app.services.camera_manager - INFO - [webcam1] saving to C:\Users\HiDigi\OneDrive\Desktop\WebDev\FacialRecognition\static\images\frame_webcam1_4b1fd369-a319-416e-9ad2-8e1de364192d.jpg
2025-07-04 14:43:03,986 - app.services.camera_manager - INFO - [webcam1] cv2.imwrite() returned True
2025-07-04 14:43:04,072 - app.services.camera_manager - INFO - [webcam1] — iteration 515, calling cap.read()
2025-07-04 14:43:04,072 - app.services.camera_manager - INFO - [webcam1] — cap.read() returned ret=True
2025-07-04 14:43:04,074 - app.services.camera_manager - INFO - [webcam1] saving to C:\Users\HiDigi\OneDrive\Desktop\WebDev\FacialRecognition\static\images\frame_webcam1_cde20a9d-0c93-4d9c-9703-1dd03380e661.jpg
2025-07-04 14:43:04,079 - app.services.camera_manager - INFO - [webcam1] cv2.imwrite() returned True
2025-07-04 14:43:04,166 - app.services.camera_manager - INFO - [webcam1] — iteration 516, calling cap.read()
2025-07-04 14:43:04,166 - app.services.camera_manager - INFO - [webcam1] — cap.read() returned ret=True
2025-07-04 14:43:04,167 - app.services.camera_manager - INFO - [webcam1] saving to C:\Users\HiDigi\OneDrive\Desktop\WebDev\FacialRecognition\static\images\frame_webcam1_36c7714f-28ef-48b2-bdd2-27421b96f606.jpg
2025-07-04 14:43:04,173 - app.services.camera_manager - INFO - [webcam1] cv2.imwrite() returned True
2025-07-04 14:43:04,257 - app.services.camera_manager - INFO - [webcam1] — iteration 517, calling cap.read()
2025-07-04 14:43:04,258 - app.services.camera_manager - INFO - [webcam1] — cap.read() returned ret=True
2025-07-04 14:43:04,259 - app.services.camera_manager - INFO - [webcam1] saving to C:\Users\HiDigi\OneDrive\Desktop\WebDev\FacialRecognition\static\images\frame_webcam1_82523000-22bb-46b6-ba9c-6e15581f96ee.jpg
2025-07-04 14:43:04,265 - app.services.camera_manager - INFO - [webcam1] cv2.imwrite() returned True
2025-07-04 14:43:04,352 - app.services.camera_manager - INFO - [webcam1] — iteration 518, calling cap.read()
2025-07-04 14:43:04,353 - app.services.camera_manager - INFO - [webcam1] — cap.read() returned ret=True
2025-07-04 14:43:04,355 - app.services.camera_manager - INFO - [webcam1] saving to C:\Users\HiDigi\OneDrive\Desktop\WebDev\FacialRecognition\static\images\frame_webcam1_c13773bd-4b9d-4373-9804-7f18f16837d6.jpg
2025-07-04 14:43:04,360 - app.services.camera_manager - INFO - [webcam1] cv2.imwrite() returned True
2025-07-04 14:43:04,443 - app.services.camera_manager - INFO - [webcam1] — iteration 519, calling cap.read()
2025-07-04 14:43:04,444 - app.services.camera_manager - INFO - [webcam1] — cap.read() returned ret=True
2025-07-04 14:43:04,445 - app.services.camera_manager - INFO - [webcam1] saving to C:\Users\HiDigi\OneDrive\Desktop\WebDev\FacialRecognition\static\images\frame_webcam1_0fb8dcd9-4478-4af1-bfff-82270cefdcb4.jpg
2025-07-04 14:43:04,450 - app.services.camera_manager - INFO - [webcam1] cv2.imwrite() returned True
2025-07-04 14:43:04,535 - app.services.camera_manager - INFO - [webcam1] — iteration 520, calling cap.read()
2025-07-04 14:43:04,536 - app.services.camera_manager - INFO - [webcam1] — cap.read() returned ret=True
2025-07-04 14:43:04,537 - app.services.camera_manager - INFO - [webcam1] saving to C:\Users\HiDigi\OneDrive\Desktop\WebDev\FacialRecognition\static\images\frame_webcam1_9cc1b02b-3198-40be-a1d1-1d221382637f.jpg
2025-07-04 14:43:04,542 - app.services.camera_manager - INFO - [webcam1] cv2.imwrite() returned True
2025-07-04 14:43:04,598 - app.services.camera_manager - INFO - [webcam1] — iteration 521, calling cap.read()
2025-07-04 14:43:04,598 - app.services.camera_manager - INFO - [webcam1] — cap.read() returned ret=True
2025-07-04 14:43:04,599 - app.services.camera_manager - INFO - [webcam1] saving to C:\Users\HiDigi\OneDrive\Desktop\WebDev\FacialRecognition\static\images\frame_webcam1_42d39697-4a4b-4e6d-ac15-8ddfeb203011.jpg
2025-07-04 14:43:04,606 - app.services.camera_manager - INFO - [webcam1] cv2.imwrite() returned True
2025-07-04 14:43:04,676 - app.services.camera_manager - INFO - [webcam1] — iteration 522, calling cap.read()
2025-07-04 14:43:04,677 - app.services.camera_manager - INFO - [webcam1] — cap.read() returned ret=True
2025-07-04 14:43:04,678 - app.services.camera_manager - INFO - [webcam1] saving to C:\Users\HiDigi\OneDrive\Desktop\WebDev\FacialRecognition\static\images\frame_webcam1_265f50f1-204c-4304-9b49-53d95ede48bf.jpg
2025-07-04 14:43:04,684 - app.services.camera_manager - INFO - [webcam1] cv2.imwrite() returned True
2025-07-04 14:43:04,769 - app.services.camera_manager - INFO - [webcam1] — iteration 523, calling cap.read()
2025-07-04 14:43:04,770 - app.services.camera_manager - INFO - [webcam1] — cap.read() returned ret=True
2025-07-04 14:43:04,771 - app.services.camera_manager - INFO - [webcam1] saving to C:\Users\HiDigi\OneDrive\Desktop\WebDev\FacialRecognition\static\images\frame_webcam1_2184a716-a4c8-417f-8cfc-b461a3b0f749.jpg
2025-07-04 14:43:04,777 - app.services.camera_manager - INFO - [webcam1] cv2.imwrite() returned True
2025-07-04 14:43:04,862 - app.services.camera_manager - INFO - [webcam1] — iteration 524, calling cap.read()
2025-07-04 14:43:04,862 - app.services.camera_manager - INFO - [webcam1] — cap.read() returned ret=True
2025-07-04 14:43:04,863 - app.services.camera_manager - INFO - [webcam1] saving to C:\Users\HiDigi\OneDrive\Desktop\WebDev\FacialRecognition\static\images\frame_webcam1_5535bbfa-ba29-4fce-a518-f65c6cc62ce8.jpg
2025-07-04 14:43:04,870 - app.services.camera_manager - INFO - [webcam1] cv2.imwrite() returned True
2025-07-04 14:43:04,938 - app.services.camera_manager - INFO - [webcam1] — iteration 525, calling cap.read()
2025-07-04 14:43:04,938 - app.services.camera_manager - INFO - [webcam1] — cap.read() returned ret=True
2025-07-04 14:43:04,939 - app.services.camera_manager - INFO - [webcam1] saving to C:\Users\HiDigi\OneDrive\Desktop\WebDev\FacialRecognition\static\images\frame_webcam1_d1652367-88d8-426c-8e15-8e75a9c2ae35.jpg
2025-07-04 14:43:04,945 - app.services.camera_manager - INFO - [webcam1] cv2.imwrite() returned True
2025-07-04 14:43:05,016 - app.services.camera_manager - INFO - [webcam1] — iteration 526, calling cap.read()
2025-07-04 14:43:05,016 - app.services.camera_manager - INFO - [webcam1] — cap.read() returned ret=True
2025-07-04 14:43:05,017 - app.services.camera_manager - INFO - [webcam1] saving to C:\Users\HiDigi\OneDrive\Desktop\WebDev\FacialRecognition\static\images\frame_webcam1_d32b948c-c53f-4695-aca1-942ac1d6225c.jpg
2025-07-04 14:43:05,023 - app.services.camera_manager - INFO - [webcam1] cv2.imwrite() returned True
2025-07-04 14:43:05,095 - app.services.camera_manager - INFO - [webcam1] — iteration 527, calling cap.read()
2025-07-04 14:43:05,096 - app.services.camera_manager - INFO - [webcam1] — cap.read() returned ret=True
2025-07-04 14:43:05,098 - app.services.camera_manager - INFO - [webcam1] saving to C:\Users\HiDigi\OneDrive\Desktop\WebDev\FacialRecognition\static\images\frame_webcam1_e4931779-ba6e-4f21-ad1b-7be017294735.jpg
2025-07-04 14:43:05,104 - app.services.camera_manager - INFO - [webcam1] cv2.imwrite() returned True
2025-07-04 14:43:05,188 - app.services.camera_manager - INFO - [webcam1] — iteration 528, calling cap.read()
2025-07-04 14:43:05,189 - app.services.camera_manager - INFO - [webcam1] — cap.read() returned ret=True
2025-07-04 14:43:05,190 - app.services.camera_manager - INFO - [webcam1] saving to C:\Users\HiDigi\OneDrive\Desktop\WebDev\FacialRecognition\static\images\frame_webcam1_1a34cf68-a53a-4d39-a07b-41de78f40719.jpg
2025-07-04 14:43:05,196 - app.services.camera_manager - INFO - [webcam1] cv2.imwrite() returned True
2025-07-04 14:43:05,266 - app.services.camera_manager - INFO - [webcam1] — iteration 529, calling cap.read()
2025-07-04 14:43:05,267 - app.services.camera_manager - INFO - [webcam1] — cap.read() returned ret=True
2025-07-04 14:43:05,268 - app.services.camera_manager - INFO - [webcam1] saving to C:\Users\HiDigi\OneDrive\Desktop\WebDev\FacialRecognition\static\images\frame_webcam1_ea3d41c0-92cb-4a30-8ff8-fdc99bf480f7.jpg
2025-07-04 14:43:05,274 - app.services.camera_manager - INFO - [webcam1] cv2.imwrite() returned True
2025-07-04 14:43:05,342 - app.services.camera_manager - INFO - [webcam1] — iteration 530, calling cap.read()
2025-07-04 14:43:05,343 - app.services.camera_manager - INFO - [webcam1] — cap.read() returned ret=True
2025-07-04 14:43:05,344 - app.services.camera_manager - INFO - [webcam1] saving to C:\Users\HiDigi\OneDrive\Desktop\WebDev\FacialRecognition\static\images\frame_webcam1_52a045bc-44e3-40b6-a09d-c0944da5994d.jpg
2025-07-04 14:43:05,350 - app.services.camera_manager - INFO - [webcam1] cv2.imwrite() returned True
2025-07-04 14:43:05,418 - app.services.camera_manager - INFO - [webcam1] — iteration 531, calling cap.read()
2025-07-04 14:43:05,419 - app.services.camera_manager - INFO - [webcam1] — cap.read() returned ret=True
2025-07-04 14:43:05,420 - app.services.camera_manager - INFO - [webcam1] saving to C:\Users\HiDigi\OneDrive\Desktop\WebDev\FacialRecognition\static\images\frame_webcam1_258877ef-5701-46c5-a96f-a73cf67216fb.jpg
2025-07-04 14:43:05,426 - app.services.camera_manager - INFO - [webcam1] cv2.imwrite() returned True
2025-07-04 14:43:05,496 - app.services.camera_manager - INFO - [webcam1] — iteration 532, calling cap.read()
2025-07-04 14:43:05,497 - app.services.camera_manager - INFO - [webcam1] — cap.read() returned ret=True
2025-07-04 14:43:05,498 - app.services.camera_manager - INFO - [webcam1] saving to C:\Users\HiDigi\OneDrive\Desktop\WebDev\FacialRecognition\static\images\frame_webcam1_bb44431e-cfb0-49f2-8b1a-56ec2ef2df5b.jpg
2025-07-04 14:43:05,503 - app.services.camera_manager - INFO - [webcam1] cv2.imwrite() returned True
2025-07-04 14:43:05,574 - app.services.camera_manager - INFO - [webcam1] — iteration 533, calling cap.read()
2025-07-04 14:43:05,574 - app.services.camera_manager - INFO - [webcam1] — cap.read() returned ret=True
2025-07-04 14:43:05,576 - app.services.camera_manager - INFO - [webcam1] saving to C:\Users\HiDigi\OneDrive\Desktop\WebDev\FacialRecognition\static\images\frame_webcam1_fead257d-cbfd-4398-8132-9a7caea92411.jpg
2025-07-04 14:43:05,581 - app.services.camera_manager - INFO - [webcam1] cv2.imwrite() returned True
2025-07-04 14:43:05,667 - app.services.camera_manager - INFO - [webcam1] — iteration 534, calling cap.read()
2025-07-04 14:43:05,668 - app.services.camera_manager - INFO - [webcam1] — cap.read() returned ret=True
2025-07-04 14:43:05,668 - app.services.camera_manager - INFO - [webcam1] saving to C:\Users\HiDigi\OneDrive\Desktop\WebDev\FacialRecognition\static\images\frame_webcam1_24a5bf9e-7d6e-433c-9481-a31162e50537.jpg
2025-07-04 14:43:05,674 - app.services.camera_manager - INFO - [webcam1] cv2.imwrite() returned True
2025-07-04 14:43:05,757 - app.services.camera_manager - INFO - [webcam1] — iteration 535, calling cap.read()
2025-07-04 14:43:05,759 - app.services.camera_manager - INFO - [webcam1] — cap.read() returned ret=True
2025-07-04 14:43:05,762 - app.services.camera_manager - INFO - [webcam1] saving to C:\Users\HiDigi\OneDrive\Desktop\WebDev\FacialRecognition\static\images\frame_webcam1_a8c8e7d2-a7cf-4ce4-b5be-4ae72090d3a0.jpg
2025-07-04 14:43:05,769 - app.services.camera_manager - INFO - [webcam1] cv2.imwrite() returned True
2025-07-04 14:43:05,853 - app.services.camera_manager - INFO - [webcam1] — iteration 536, calling cap.read()
2025-07-04 14:43:05,854 - app.services.camera_manager - INFO - [webcam1] — cap.read() returned ret=True
2025-07-04 14:43:05,855 - app.services.camera_manager - INFO - [webcam1] saving to C:\Users\HiDigi\OneDrive\Desktop\WebDev\FacialRecognition\static\images\frame_webcam1_be4fc628-5232-44f6-906e-716bad2bc121.jpg
2025-07-04 14:43:05,861 - app.services.camera_manager - INFO - [webcam1] cv2.imwrite() returned True
2025-07-04 14:43:05,946 - app.services.camera_manager - INFO - [webcam1] — iteration 537, calling cap.read()
2025-07-04 14:43:05,948 - app.services.camera_manager - INFO - [webcam1] — cap.read() returned ret=True
2025-07-04 14:43:05,949 - app.services.camera_manager - INFO - [webcam1] saving to C:\Users\HiDigi\OneDrive\Desktop\WebDev\FacialRecognition\static\images\frame_webcam1_f61acceb-f8c7-4567-91a2-f17981223033.jpg
2025-07-04 14:43:05,954 - app.services.camera_manager - INFO - [webcam1] cv2.imwrite() returned True
2025-07-04 14:43:06,040 - app.services.camera_manager - INFO - [webcam1] — iteration 538, calling cap.read()
2025-07-04 14:43:06,041 - app.services.camera_manager - INFO - [webcam1] — cap.read() returned ret=True
2025-07-04 14:43:06,042 - app.services.camera_manager - INFO - [webcam1] saving to C:\Users\HiDigi\OneDrive\Desktop\WebDev\FacialRecognition\static\images\frame_webcam1_403ef16b-4ee0-44fa-92b0-25465bfe8a58.jpg
2025-07-04 14:43:06,048 - app.services.camera_manager - INFO - [webcam1] cv2.imwrite() returned True
2025-07-04 14:43:06,133 - app.services.camera_manager - INFO - [webcam1] — iteration 539, calling cap.read()
2025-07-04 14:43:06,134 - app.services.camera_manager - INFO - [webcam1] — cap.read() returned ret=True
2025-07-04 14:43:06,136 - app.services.camera_manager - INFO - [webcam1] saving to C:\Users\HiDigi\OneDrive\Desktop\WebDev\FacialRecognition\static\images\frame_webcam1_2bdf0ba3-c59c-4ca2-91af-24df2e70afc8.jpg
2025-07-04 14:43:06,142 - app.services.camera_manager - INFO - [webcam1] cv2.imwrite() returned True
2025-07-04 14:43:06,210 - app.services.camera_manager - INFO - [webcam1] — iteration 540, calling cap.read()
2025-07-04 14:43:06,211 - app.services.camera_manager - INFO - [webcam1] — cap.read() returned ret=True
2025-07-04 14:43:06,212 - app.services.camera_manager - INFO - [webcam1] saving to C:\Users\HiDigi\OneDrive\Desktop\WebDev\FacialRecognition\static\images\frame_webcam1_3a55956a-ef38-4a9a-957d-e9913267c4ab.jpg
2025-07-04 14:43:06,218 - app.services.camera_manager - INFO - [webcam1] cv2.imwrite() returned True
2025-07-04 14:43:06,289 - app.services.camera_manager - INFO - [webcam1] — iteration 541, calling cap.read()
2025-07-04 14:43:06,290 - app.services.camera_manager - INFO - [webcam1] — cap.read() returned ret=True
2025-07-04 14:43:06,291 - app.services.camera_manager - INFO - [webcam1] saving to C:\Users\HiDigi\OneDrive\Desktop\WebDev\FacialRecognition\static\images\frame_webcam1_9bbf0214-011d-4e97-9ecc-0fccbe6ca042.jpg
2025-07-04 14:43:06,299 - app.services.camera_manager - INFO - [webcam1] cv2.imwrite() returned True
2025-07-04 14:43:06,383 - app.services.camera_manager - INFO - [webcam1] — iteration 542, calling cap.read()
2025-07-04 14:43:06,384 - app.services.camera_manager - INFO - [webcam1] — cap.read() returned ret=True
2025-07-04 14:43:06,385 - app.services.camera_manager - INFO - [webcam1] saving to C:\Users\HiDigi\OneDrive\Desktop\WebDev\FacialRecognition\static\images\frame_webcam1_3a121856-eed4-4fa6-8c61-55c84b63c453.jpg
2025-07-04 14:43:06,390 - app.services.camera_manager - INFO - [webcam1] cv2.imwrite() returned True
2025-07-04 14:43:06,478 - app.services.camera_manager - INFO - [webcam1] — iteration 543, calling cap.read()
2025-07-04 14:43:06,479 - app.services.camera_manager - INFO - [webcam1] — cap.read() returned ret=True
2025-07-04 14:43:06,480 - app.services.camera_manager - INFO - [webcam1] saving to C:\Users\HiDigi\OneDrive\Desktop\WebDev\FacialRecognition\static\images\frame_webcam1_98f42323-0389-44f4-aa13-4b12c004a913.jpg
2025-07-04 14:43:06,488 - app.services.camera_manager - INFO - [webcam1] cv2.imwrite() returned True
2025-07-04 14:43:06,570 - app.services.camera_manager - INFO - [webcam1] — iteration 544, calling cap.read()
2025-07-04 14:43:06,571 - app.services.camera_manager - INFO - [webcam1] — cap.read() returned ret=True
2025-07-04 14:43:06,572 - app.services.camera_manager - INFO - [webcam1] saving to C:\Users\HiDigi\OneDrive\Desktop\WebDev\FacialRecognition\static\images\frame_webcam1_03f5221d-44c6-45bf-aa2a-ad812c6bd591.jpg
2025-07-04 14:43:06,578 - app.services.camera_manager - INFO - [webcam1] cv2.imwrite() returned True
2025-07-04 14:43:06,662 - app.services.camera_manager - INFO - [webcam1] — iteration 545, calling cap.read()
2025-07-04 14:43:06,663 - app.services.camera_manager - INFO - [webcam1] — cap.read() returned ret=True
2025-07-04 14:43:06,664 - app.services.camera_manager - INFO - [webcam1] saving to C:\Users\HiDigi\OneDrive\Desktop\WebDev\FacialRecognition\static\images\frame_webcam1_d899eed2-f5e1-4d63-8830-7f63e977b32b.jpg
2025-07-04 14:43:06,669 - app.services.camera_manager - INFO - [webcam1] cv2.imwrite() returned True
2025-07-04 14:43:06,755 - app.services.camera_manager - INFO - [webcam1] — iteration 546, calling cap.read()
2025-07-04 14:43:06,756 - app.services.camera_manager - INFO - [webcam1] — cap.read() returned ret=True
2025-07-04 14:43:06,757 - app.services.camera_manager - INFO - [webcam1] saving to C:\Users\HiDigi\OneDrive\Desktop\WebDev\FacialRecognition\static\images\frame_webcam1_99e82ce4-f849-4066-8a62-4729d889843e.jpg
2025-07-04 14:43:06,763 - app.services.camera_manager - INFO - [webcam1] cv2.imwrite() returned True
2025-07-04 14:43:06,849 - app.services.camera_manager - INFO - [webcam1] — iteration 547, calling cap.read()
2025-07-04 14:43:06,849 - app.services.camera_manager - INFO - [webcam1] — cap.read() returned ret=True
2025-07-04 14:43:06,850 - app.services.camera_manager - INFO - [webcam1] saving to C:\Users\HiDigi\OneDrive\Desktop\WebDev\FacialRecognition\static\images\frame_webcam1_9e6fe2bc-3447-48f1-9a59-1cb94926355c.jpg
2025-07-04 14:43:06,855 - app.services.camera_manager - INFO - [webcam1] cv2.imwrite() returned True
2025-07-04 14:43:06,943 - app.services.camera_manager - INFO - [webcam1] — iteration 548, calling cap.read()
2025-07-04 14:43:06,944 - app.services.camera_manager - INFO - [webcam1] — cap.read() returned ret=True
2025-07-04 14:43:06,945 - app.services.camera_manager - INFO - [webcam1] saving to C:\Users\HiDigi\OneDrive\Desktop\WebDev\FacialRecognition\static\images\frame_webcam1_35bcfffa-a7c0-4048-b06f-a76148f0f71b.jpg
2025-07-04 14:43:06,950 - app.services.camera_manager - INFO - [webcam1] cv2.imwrite() returned True
2025-07-04 14:43:07,037 - app.services.camera_manager - INFO - [webcam1] — iteration 549, calling cap.read()
2025-07-04 14:43:07,038 - app.services.camera_manager - INFO - [webcam1] — cap.read() returned ret=True
2025-07-04 14:43:07,039 - app.services.camera_manager - INFO - [webcam1] saving to C:\Users\HiDigi\OneDrive\Desktop\WebDev\FacialRecognition\static\images\frame_webcam1_317655a0-a7c2-4cf9-9218-3ae04b336791.jpg
2025-07-04 14:43:07,047 - app.services.camera_manager - INFO - [webcam1] cv2.imwrite() returned True
2025-07-04 14:43:07,115 - app.services.camera_manager - INFO - [webcam1] — iteration 550, calling cap.read()
2025-07-04 14:43:07,116 - app.services.camera_manager - INFO - [webcam1] — cap.read() returned ret=True
2025-07-04 14:43:07,117 - app.services.camera_manager - INFO - [webcam1] saving to C:\Users\HiDigi\OneDrive\Desktop\WebDev\FacialRecognition\static\images\frame_webcam1_8eff2d51-683d-45c9-9c77-38dc625b9b2b.jpg
2025-07-04 14:43:07,123 - app.services.camera_manager - INFO - [webcam1] cv2.imwrite() returned True
2025-07-04 14:43:07,193 - app.services.camera_manager - INFO - [webcam1] — iteration 551, calling cap.read()
2025-07-04 14:43:07,194 - app.services.camera_manager - INFO - [webcam1] — cap.read() returned ret=True
2025-07-04 14:43:07,195 - app.services.camera_manager - INFO - [webcam1] saving to C:\Users\HiDigi\OneDrive\Desktop\WebDev\FacialRecognition\static\images\frame_webcam1_90168c9a-b86b-44dc-9294-00c599b1bd4d.jpg
2025-07-04 14:43:07,200 - app.services.camera_manager - INFO - [webcam1] cv2.imwrite() returned True
2025-07-04 14:43:07,286 - app.services.camera_manager - INFO - [webcam1] — iteration 552, calling cap.read()
2025-07-04 14:43:07,286 - app.services.camera_manager - INFO - [webcam1] — cap.read() returned ret=True
2025-07-04 14:43:07,287 - app.services.camera_manager - INFO - [webcam1] saving to C:\Users\HiDigi\OneDrive\Desktop\WebDev\FacialRecognition\static\images\frame_webcam1_da9ce150-919e-4076-9bb1-b8ff1aa0532b.jpg
2025-07-04 14:43:07,293 - app.services.camera_manager - INFO - [webcam1] cv2.imwrite() returned True
2025-07-04 14:43:07,363 - app.services.camera_manager - INFO - [webcam1] — iteration 553, calling cap.read()
2025-07-04 14:43:07,363 - app.services.camera_manager - INFO - [webcam1] — cap.read() returned ret=True
2025-07-04 14:43:07,364 - app.services.camera_manager - INFO - [webcam1] saving to C:\Users\HiDigi\OneDrive\Desktop\WebDev\FacialRecognition\static\images\frame_webcam1_9050abc8-d4d0-482f-b494-7183276019a8.jpg
2025-07-04 14:43:07,370 - app.services.camera_manager - INFO - [webcam1] cv2.imwrite() returned True
2025-07-04 14:43:07,440 - app.services.camera_manager - INFO - [webcam1] — iteration 554, calling cap.read()
2025-07-04 14:43:07,440 - app.services.camera_manager - INFO - [webcam1] — cap.read() returned ret=True
2025-07-04 14:43:07,441 - app.services.camera_manager - INFO - [webcam1] saving to C:\Users\HiDigi\OneDrive\Desktop\WebDev\FacialRecognition\static\images\frame_webcam1_8cfaf013-de99-4ced-b63f-7c2a5f9b94df.jpg
2025-07-04 14:43:07,447 - app.services.camera_manager - INFO - [webcam1] cv2.imwrite() returned True
2025-07-04 14:43:07,518 - app.services.camera_manager - INFO - [webcam1] — iteration 555, calling cap.read()
2025-07-04 14:43:07,519 - app.services.camera_manager - INFO - [webcam1] — cap.read() returned ret=True
2025-07-04 14:43:07,519 - app.services.camera_manager - INFO - [webcam1] saving to C:\Users\HiDigi\OneDrive\Desktop\WebDev\FacialRecognition\static\images\frame_webcam1_040cd26a-3270-441f-b8c4-038f58478493.jpg
2025-07-04 14:43:07,525 - app.services.camera_manager - INFO - [webcam1] cv2.imwrite() returned True
2025-07-04 14:43:07,596 - app.services.camera_manager - INFO - [webcam1] — iteration 556, calling cap.read()
2025-07-04 14:43:07,597 - app.services.camera_manager - INFO - [webcam1] — cap.read() returned ret=True
2025-07-04 14:43:07,598 - app.services.camera_manager - INFO - [webcam1] saving to C:\Users\HiDigi\OneDrive\Desktop\WebDev\FacialRecognition\static\images\frame_webcam1_d7791d83-f591-4338-a0cb-0e75adb0f570.jpg
2025-07-04 14:43:07,603 - app.services.camera_manager - INFO - [webcam1] cv2.imwrite() returned True
2025-07-04 14:43:07,658 - app.services.camera_manager - INFO - [webcam1] — iteration 557, calling cap.read()
2025-07-04 14:43:07,659 - app.services.camera_manager - INFO - [webcam1] — cap.read() returned ret=True
2025-07-04 14:43:07,660 - app.services.camera_manager - INFO - [webcam1] saving to C:\Users\HiDigi\OneDrive\Desktop\WebDev\FacialRecognition\static\images\frame_webcam1_a17c5954-a191-4f60-93ae-5e8bc48ed857.jpg
2025-07-04 14:43:07,666 - app.services.camera_manager - INFO - [webcam1] cv2.imwrite() returned True
2025-07-04 14:43:07,736 - app.services.camera_manager - INFO - [webcam1] — iteration 558, calling cap.read()
2025-07-04 14:43:07,738 - app.services.camera_manager - INFO - [webcam1] — cap.read() returned ret=True
2025-07-04 14:43:07,742 - app.services.camera_manager - INFO - [webcam1] saving to C:\Users\HiDigi\OneDrive\Desktop\WebDev\FacialRecognition\static\images\frame_webcam1_75ec83c8-9f48-4624-81d4-750b795dbb62.jpg
2025-07-04 14:43:07,752 - app.services.camera_manager - INFO - [webcam1] cv2.imwrite() returned True
2025-07-04 14:43:07,828 - app.services.camera_manager - INFO - [webcam1] — iteration 559, calling cap.read()
2025-07-04 14:43:07,829 - app.services.camera_manager - INFO - [webcam1] — cap.read() returned ret=True
2025-07-04 14:43:07,830 - app.services.camera_manager - INFO - [webcam1] saving to C:\Users\HiDigi\OneDrive\Desktop\WebDev\FacialRecognition\static\images\frame_webcam1_dcd3d1d1-80c3-42f9-945d-f60f9cf733fc.jpg
2025-07-04 14:43:07,836 - app.services.camera_manager - INFO - [webcam1] cv2.imwrite() returned True
2025-07-04 14:43:07,905 - app.services.camera_manager - INFO - [webcam1] — iteration 560, calling cap.read()
2025-07-04 14:43:07,905 - app.services.camera_manager - INFO - [webcam1] — cap.read() returned ret=True
2025-07-04 14:43:07,906 - app.services.camera_manager - INFO - [webcam1] saving to C:\Users\HiDigi\OneDrive\Desktop\WebDev\FacialRecognition\static\images\frame_webcam1_f8287831-274c-4333-8c5a-18bc15d1d2bd.jpg
2025-07-04 14:43:07,912 - app.services.camera_manager - INFO - [webcam1] cv2.imwrite() returned True
2025-07-04 14:43:07,983 - app.services.camera_manager - INFO - [webcam1] — iteration 561, calling cap.read()
2025-07-04 14:43:07,983 - app.services.camera_manager - INFO - [webcam1] — cap.read() returned ret=True
2025-07-04 14:43:07,984 - app.services.camera_manager - INFO - [webcam1] saving to C:\Users\HiDigi\OneDrive\Desktop\WebDev\FacialRecognition\static\images\frame_webcam1_32011d53-5a6b-4b83-9a34-0dfe83e6a66d.jpg
2025-07-04 14:43:07,990 - app.services.camera_manager - INFO - [webcam1] cv2.imwrite() returned True
2025-07-04 14:43:08,061 - app.services.camera_manager - INFO - [webcam1] — iteration 562, calling cap.read()
2025-07-04 14:43:08,061 - app.services.camera_manager - INFO - [webcam1] — cap.read() returned ret=True
2025-07-04 14:43:08,063 - app.services.camera_manager - INFO - [webcam1] saving to C:\Users\HiDigi\OneDrive\Desktop\WebDev\FacialRecognition\static\images\frame_webcam1_d78111e9-603c-4fc6-84d7-a0c576f91e69.jpg
2025-07-04 14:43:08,067 - app.services.camera_manager - INFO - [webcam1] cv2.imwrite() returned True
2025-07-04 14:43:08,137 - app.services.camera_manager - INFO - [webcam1] — iteration 563, calling cap.read()
2025-07-04 14:43:08,137 - app.services.camera_manager - INFO - [webcam1] — cap.read() returned ret=True
2025-07-04 14:43:08,138 - app.services.camera_manager - INFO - [webcam1] saving to C:\Users\HiDigi\OneDrive\Desktop\WebDev\FacialRecognition\static\images\frame_webcam1_8a73c480-5909-4233-851c-a0a8d53ae7d2.jpg
2025-07-04 14:43:08,144 - app.services.camera_manager - INFO - [webcam1] cv2.imwrite() returned True
2025-07-04 14:43:08,199 - app.services.camera_manager - INFO - [webcam1] — iteration 564, calling cap.read()
2025-07-04 14:43:08,199 - app.services.camera_manager - INFO - [webcam1] — cap.read() returned ret=True
2025-07-04 14:43:08,200 - app.services.camera_manager - INFO - [webcam1] saving to C:\Users\HiDigi\OneDrive\Desktop\WebDev\FacialRecognition\static\images\frame_webcam1_e8ef3d6f-d037-4ad1-9baa-ced2340d80dc.jpg
2025-07-04 14:43:08,206 - app.services.camera_manager - INFO - [webcam1] cv2.imwrite() returned True
2025-07-04 14:43:08,279 - app.services.camera_manager - INFO - [webcam1] — iteration 565, calling cap.read()
2025-07-04 14:43:08,279 - app.services.camera_manager - INFO - [webcam1] — cap.read() returned ret=True
2025-07-04 14:43:08,281 - app.services.camera_manager - INFO - [webcam1] saving to C:\Users\HiDigi\OneDrive\Desktop\WebDev\FacialRecognition\static\images\frame_webcam1_53c472af-0aad-4fe2-8903-022091008b35.jpg
2025-07-04 14:43:08,286 - app.services.camera_manager - INFO - [webcam1] cv2.imwrite() returned True
2025-07-04 14:43:08,357 - app.services.camera_manager - INFO - [webcam1] — iteration 566, calling cap.read()
2025-07-04 14:43:08,358 - app.services.camera_manager - INFO - [webcam1] — cap.read() returned ret=True
2025-07-04 14:43:08,358 - app.services.camera_manager - INFO - [webcam1] saving to C:\Users\HiDigi\OneDrive\Desktop\WebDev\FacialRecognition\static\images\frame_webcam1_fe84e164-b2a4-4710-80f4-c0372d449116.jpg
2025-07-04 14:43:08,364 - app.services.camera_manager - INFO - [webcam1] cv2.imwrite() returned True
2025-07-04 14:43:08,435 - app.services.camera_manager - INFO - [webcam1] — iteration 567, calling cap.read()
2025-07-04 14:43:08,435 - app.services.camera_manager - INFO - [webcam1] — cap.read() returned ret=True
2025-07-04 14:43:08,437 - app.services.camera_manager - INFO - [webcam1] saving to C:\Users\HiDigi\OneDrive\Desktop\WebDev\FacialRecognition\static\images\frame_webcam1_bead40e5-fb6e-41c2-adb1-cc1e4dd0e4ea.jpg
2025-07-04 14:43:08,442 - app.services.camera_manager - INFO - [webcam1] cv2.imwrite() returned True
2025-07-04 14:43:08,511 - app.services.camera_manager - INFO - [webcam1] — iteration 568, calling cap.read()
2025-07-04 14:43:08,513 - app.services.camera_manager - INFO - [webcam1] — cap.read() returned ret=True
2025-07-04 14:43:08,517 - app.services.camera_manager - INFO - [webcam1] saving to C:\Users\HiDigi\OneDrive\Desktop\WebDev\FacialRecognition\static\images\frame_webcam1_44dabe0d-da2b-478b-8be2-5773322842f8.jpg
2025-07-04 14:43:08,525 - app.services.camera_manager - INFO - [webcam1] cv2.imwrite() returned True
2025-07-04 14:43:08,605 - app.services.camera_manager - INFO - [webcam1] — iteration 569, calling cap.read()
2025-07-04 14:43:08,606 - app.services.camera_manager - INFO - [webcam1] — cap.read() returned ret=True
2025-07-04 14:43:08,607 - app.services.camera_manager - INFO - [webcam1] saving to C:\Users\HiDigi\OneDrive\Desktop\WebDev\FacialRecognition\static\images\frame_webcam1_2b47d71d-8ddc-4818-841f-11379f75bf7d.jpg
2025-07-04 14:43:08,613 - app.services.camera_manager - INFO - [webcam1] cv2.imwrite() returned True
2025-07-04 14:43:08,683 - app.services.camera_manager - INFO - [webcam1] — iteration 570, calling cap.read()
2025-07-04 14:43:08,683 - app.services.camera_manager - INFO - [webcam1] — cap.read() returned ret=True
2025-07-04 14:43:08,684 - app.services.camera_manager - INFO - [webcam1] saving to C:\Users\HiDigi\OneDrive\Desktop\WebDev\FacialRecognition\static\images\frame_webcam1_f535bf54-88b8-470e-ae5b-343c0e7a554c.jpg
2025-07-04 14:43:08,690 - app.services.camera_manager - INFO - [webcam1] cv2.imwrite() returned True
2025-07-04 14:43:08,760 - app.services.camera_manager - INFO - [webcam1] — iteration 571, calling cap.read()
2025-07-04 14:43:08,760 - app.services.camera_manager - INFO - [webcam1] — cap.read() returned ret=True
2025-07-04 14:43:08,762 - app.services.camera_manager - INFO - [webcam1] saving to C:\Users\HiDigi\OneDrive\Desktop\WebDev\FacialRecognition\static\images\frame_webcam1_dfdc16d0-9416-4540-b56a-5389808b278f.jpg
2025-07-04 14:43:08,768 - app.services.camera_manager - INFO - [webcam1] cv2.imwrite() returned True
2025-07-04 14:43:08,837 - app.services.camera_manager - INFO - [webcam1] — iteration 572, calling cap.read()
2025-07-04 14:43:08,837 - app.services.camera_manager - INFO - [webcam1] — cap.read() returned ret=True
2025-07-04 14:43:08,839 - app.services.camera_manager - INFO - [webcam1] saving to C:\Users\HiDigi\OneDrive\Desktop\WebDev\FacialRecognition\static\images\frame_webcam1_30f9a67d-f20b-402c-99b5-bd43f5a3b461.jpg
2025-07-04 14:43:08,844 - app.services.camera_manager - INFO - [webcam1] cv2.imwrite() returned True
2025-07-04 14:43:08,931 - app.services.camera_manager - INFO - [webcam1] — iteration 573, calling cap.read()
2025-07-04 14:43:08,931 - app.services.camera_manager - INFO - [webcam1] — cap.read() returned ret=True
2025-07-04 14:43:08,932 - app.services.camera_manager - INFO - [webcam1] saving to C:\Users\HiDigi\OneDrive\Desktop\WebDev\FacialRecognition\static\images\frame_webcam1_004f29ca-3477-4440-93ec-448127170313.jpg
2025-07-04 14:43:08,938 - app.services.camera_manager - INFO - [webcam1] cv2.imwrite() returned True
2025-07-04 14:43:09,026 - app.services.camera_manager - INFO - [webcam1] — iteration 574, calling cap.read()
2025-07-04 14:43:09,026 - app.services.camera_manager - INFO - [webcam1] — cap.read() returned ret=True
2025-07-04 14:43:09,027 - app.services.camera_manager - INFO - [webcam1] saving to C:\Users\HiDigi\OneDrive\Desktop\WebDev\FacialRecognition\static\images\frame_webcam1_7c14b99e-9fc4-4f29-bc61-2bd90de47b00.jpg
2025-07-04 14:43:09,033 - app.services.camera_manager - INFO - [webcam1] cv2.imwrite() returned True
2025-07-04 14:43:09,117 - app.services.camera_manager - INFO - [webcam1] — iteration 575, calling cap.read()
2025-07-04 14:43:09,118 - app.services.camera_manager - INFO - [webcam1] — cap.read() returned ret=True
2025-07-04 14:43:09,119 - app.services.camera_manager - INFO - [webcam1] saving to C:\Users\HiDigi\OneDrive\Desktop\WebDev\FacialRecognition\static\images\frame_webcam1_be729e3d-b967-4d65-931e-c6d4eeedd541.jpg
2025-07-04 14:43:09,124 - app.services.camera_manager - INFO - [webcam1] cv2.imwrite() returned True
2025-07-04 14:43:09,211 - app.services.camera_manager - INFO - [webcam1] — iteration 576, calling cap.read()
2025-07-04 14:43:09,211 - app.services.camera_manager - INFO - [webcam1] — cap.read() returned ret=True
2025-07-04 14:43:09,213 - app.services.camera_manager - INFO - [webcam1] saving to C:\Users\HiDigi\OneDrive\Desktop\WebDev\FacialRecognition\static\images\frame_webcam1_09307cc6-ac37-4c69-aeed-5e8b2c370ec8.jpg
2025-07-04 14:43:09,218 - app.services.camera_manager - INFO - [webcam1] cv2.imwrite() returned True
2025-07-04 14:43:09,306 - app.services.camera_manager - INFO - [webcam1] — iteration 577, calling cap.read()
2025-07-04 14:43:09,307 - app.services.camera_manager - INFO - [webcam1] — cap.read() returned ret=True
2025-07-04 14:43:09,308 - app.services.camera_manager - INFO - [webcam1] saving to C:\Users\HiDigi\OneDrive\Desktop\WebDev\FacialRecognition\static\images\frame_webcam1_80692e9a-9579-4a3a-aacc-614d3def224e.jpg
2025-07-04 14:43:09,313 - app.services.camera_manager - INFO - [webcam1] cv2.imwrite() returned True
2025-07-04 14:43:09,398 - app.services.camera_manager - INFO - [webcam1] — iteration 578, calling cap.read()
2025-07-04 14:43:09,399 - app.services.camera_manager - INFO - [webcam1] — cap.read() returned ret=True
2025-07-04 14:43:09,400 - app.services.camera_manager - INFO - [webcam1] saving to C:\Users\HiDigi\OneDrive\Desktop\WebDev\FacialRecognition\static\images\frame_webcam1_1baaf402-9d6e-4f35-8a61-8725d4175ead.jpg
2025-07-04 14:43:09,405 - app.services.camera_manager - INFO - [webcam1] cv2.imwrite() returned True
2025-07-04 14:43:09,476 - app.services.camera_manager - INFO - [webcam1] — iteration 579, calling cap.read()
2025-07-04 14:43:09,477 - app.services.camera_manager - INFO - [webcam1] — cap.read() returned ret=True
2025-07-04 14:43:09,479 - app.services.camera_manager - INFO - [webcam1] saving to C:\Users\HiDigi\OneDrive\Desktop\WebDev\FacialRecognition\static\images\frame_webcam1_b2e213cc-8da5-4852-b2f7-21df8be71cd3.jpg
2025-07-04 14:43:09,485 - app.services.camera_manager - INFO - [webcam1] cv2.imwrite() returned True
2025-07-04 14:43:09,554 - app.services.camera_manager - INFO - [webcam1] — iteration 580, calling cap.read()
2025-07-04 14:43:09,555 - app.services.camera_manager - INFO - [webcam1] — cap.read() returned ret=True
2025-07-04 14:43:09,556 - app.services.camera_manager - INFO - [webcam1] saving to C:\Users\HiDigi\OneDrive\Desktop\WebDev\FacialRecognition\static\images\frame_webcam1_b6f05328-5500-449b-bc89-e4ab7e74d2b4.jpg
2025-07-04 14:43:09,561 - app.services.camera_manager - INFO - [webcam1] cv2.imwrite() returned True
2025-07-04 14:43:09,648 - app.services.camera_manager - INFO - [webcam1] — iteration 581, calling cap.read()
2025-07-04 14:43:09,648 - app.services.camera_manager - INFO - [webcam1] — cap.read() returned ret=True
2025-07-04 14:43:09,649 - app.services.camera_manager - INFO - [webcam1] saving to C:\Users\HiDigi\OneDrive\Desktop\WebDev\FacialRecognition\static\images\frame_webcam1_bc5566f8-e334-4317-8e77-b5461b7a9509.jpg
2025-07-04 14:43:09,654 - app.services.camera_manager - INFO - [webcam1] cv2.imwrite() returned True
2025-07-04 14:43:09,740 - app.services.camera_manager - INFO - [webcam1] — iteration 582, calling cap.read()
2025-07-04 14:43:09,742 - app.services.camera_manager - INFO - [webcam1] — cap.read() returned ret=True
2025-07-04 14:43:09,746 - app.services.camera_manager - INFO - [webcam1] saving to C:\Users\HiDigi\OneDrive\Desktop\WebDev\FacialRecognition\static\images\frame_webcam1_8ca8fbd6-af4f-4e30-86e1-d7ff78f7586a.jpg
2025-07-04 14:43:09,762 - app.services.camera_manager - INFO - [webcam1] cv2.imwrite() returned True
2025-07-04 14:43:09,833 - app.services.camera_manager - INFO - [webcam1] — iteration 583, calling cap.read()
2025-07-04 14:43:09,834 - app.services.camera_manager - INFO - [webcam1] — cap.read() returned ret=True
2025-07-04 14:43:09,835 - app.services.camera_manager - INFO - [webcam1] saving to C:\Users\HiDigi\OneDrive\Desktop\WebDev\FacialRecognition\static\images\frame_webcam1_297b41e6-e44e-466f-abd0-438057f1557b.jpg
2025-07-04 14:43:09,841 - app.services.camera_manager - INFO - [webcam1] cv2.imwrite() returned True
2025-07-04 14:43:09,925 - app.services.camera_manager - INFO - [webcam1] — iteration 584, calling cap.read()
2025-07-04 14:43:09,925 - app.services.camera_manager - INFO - [webcam1] — cap.read() returned ret=True
2025-07-04 14:43:09,927 - app.services.camera_manager - INFO - [webcam1] saving to C:\Users\HiDigi\OneDrive\Desktop\WebDev\FacialRecognition\static\images\frame_webcam1_303a26ac-1b8a-481a-9d9a-e3d486462fc0.jpg
2025-07-04 14:43:09,932 - app.services.camera_manager - INFO - [webcam1] cv2.imwrite() returned True
2025-07-04 14:43:10,003 - app.services.camera_manager - INFO - [webcam1] — iteration 585, calling cap.read()
2025-07-04 14:43:10,003 - app.services.camera_manager - INFO - [webcam1] — cap.read() returned ret=True
2025-07-04 14:43:10,003 - app.services.camera_manager - INFO - [webcam1] saving to C:\Users\HiDigi\OneDrive\Desktop\WebDev\FacialRecognition\static\images\frame_webcam1_f19235d1-556d-4cfd-9e5f-d2fc41e747a4.jpg
2025-07-04 14:43:10,009 - app.services.camera_manager - INFO - [webcam1] cv2.imwrite() returned True
2025-07-04 14:43:10,080 - app.services.camera_manager - INFO - [webcam1] — iteration 586, calling cap.read()
2025-07-04 14:43:10,081 - app.services.camera_manager - INFO - [webcam1] — cap.read() returned ret=True
2025-07-04 14:43:10,084 - app.services.camera_manager - INFO - [webcam1] saving to C:\Users\HiDigi\OneDrive\Desktop\WebDev\FacialRecognition\static\images\frame_webcam1_732a7688-f23e-408d-b4c8-b46ade564b4e.jpg
2025-07-04 14:43:10,091 - app.services.camera_manager - INFO - [webcam1] cv2.imwrite() returned True
2025-07-04 14:43:10,158 - app.services.camera_manager - INFO - [webcam1] — iteration 587, calling cap.read()
2025-07-04 14:43:10,160 - app.services.camera_manager - INFO - [webcam1] — cap.read() returned ret=True
2025-07-04 14:43:10,164 - app.services.camera_manager - INFO - [webcam1] saving to C:\Users\HiDigi\OneDrive\Desktop\WebDev\FacialRecognition\static\images\frame_webcam1_970267b6-1e14-49d9-846e-0dabb0345b22.jpg
2025-07-04 14:43:10,173 - app.services.camera_manager - INFO - [webcam1] cv2.imwrite() returned True
2025-07-04 14:43:10,252 - app.services.camera_manager - INFO - [webcam1] — iteration 588, calling cap.read()
2025-07-04 14:43:10,252 - app.services.camera_manager - INFO - [webcam1] — cap.read() returned ret=True
2025-07-04 14:43:10,253 - app.services.camera_manager - INFO - [webcam1] saving to C:\Users\HiDigi\OneDrive\Desktop\WebDev\FacialRecognition\static\images\frame_webcam1_81e6eae4-2c66-4a6d-9443-6a6749f7cb0d.jpg
2025-07-04 14:43:10,259 - app.services.camera_manager - INFO - [webcam1] cv2.imwrite() returned True
2025-07-04 14:43:10,314 - app.services.camera_manager - INFO - [webcam1] — iteration 589, calling cap.read()
2025-07-04 14:43:10,315 - app.services.camera_manager - INFO - [webcam1] — cap.read() returned ret=True
2025-07-04 14:43:10,316 - app.services.camera_manager - INFO - [webcam1] saving to C:\Users\HiDigi\OneDrive\Desktop\WebDev\FacialRecognition\static\images\frame_webcam1_31d54da8-cc1e-4140-9438-4316fa76e17b.jpg
2025-07-04 14:43:10,321 - app.services.camera_manager - INFO - [webcam1] cv2.imwrite() returned True
2025-07-04 14:43:10,391 - app.services.camera_manager - INFO - [webcam1] — iteration 590, calling cap.read()
2025-07-04 14:43:10,391 - app.services.camera_manager - INFO - [webcam1] — cap.read() returned ret=True
2025-07-04 14:43:10,392 - app.services.camera_manager - INFO - [webcam1] saving to C:\Users\HiDigi\OneDrive\Desktop\WebDev\FacialRecognition\static\images\frame_webcam1_6227fc54-b2ac-4169-a226-36a9096cdaba.jpg
2025-07-04 14:43:10,398 - app.services.camera_manager - INFO - [webcam1] cv2.imwrite() returned True
2025-07-04 14:43:10,468 - app.services.camera_manager - INFO - [webcam1] — iteration 591, calling cap.read()
2025-07-04 14:43:10,469 - app.services.camera_manager - INFO - [webcam1] — cap.read() returned ret=True
2025-07-04 14:43:10,470 - app.services.camera_manager - INFO - [webcam1] saving to C:\Users\HiDigi\OneDrive\Desktop\WebDev\FacialRecognition\static\images\frame_webcam1_1330a100-fea9-43fb-8f95-4bfa236bb2d4.jpg
2025-07-04 14:43:10,476 - app.services.camera_manager - INFO - [webcam1] cv2.imwrite() returned True
2025-07-04 14:43:10,546 - app.services.camera_manager - INFO - [webcam1] — iteration 592, calling cap.read()
2025-07-04 14:43:10,547 - app.services.camera_manager - INFO - [webcam1] — cap.read() returned ret=True
2025-07-04 14:43:10,549 - app.services.camera_manager - INFO - [webcam1] saving to C:\Users\HiDigi\OneDrive\Desktop\WebDev\FacialRecognition\static\images\frame_webcam1_e296ed40-c6df-4595-8c03-21210421fe32.jpg
2025-07-04 14:43:10,555 - app.services.camera_manager - INFO - [webcam1] cv2.imwrite() returned True
2025-07-04 14:43:10,623 - app.services.camera_manager - INFO - [webcam1] — iteration 593, calling cap.read()
2025-07-04 14:43:10,624 - app.services.camera_manager - INFO - [webcam1] — cap.read() returned ret=True
2025-07-04 14:43:10,625 - app.services.camera_manager - INFO - [webcam1] saving to C:\Users\HiDigi\OneDrive\Desktop\WebDev\FacialRecognition\static\images\frame_webcam1_4830cddc-5279-40a6-8750-615ae780efd3.jpg
2025-07-04 14:43:10,631 - app.services.camera_manager - INFO - [webcam1] cv2.imwrite() returned True
2025-07-04 14:43:10,701 - app.services.camera_manager - INFO - [webcam1] — iteration 594, calling cap.read()
2025-07-04 14:43:10,701 - app.services.camera_manager - INFO - [webcam1] — cap.read() returned ret=True
2025-07-04 14:43:10,702 - app.services.camera_manager - INFO - [webcam1] saving to C:\Users\HiDigi\OneDrive\Desktop\WebDev\FacialRecognition\static\images\frame_webcam1_6aeed08c-1398-4957-bf53-dcca44241b2a.jpg
2025-07-04 14:43:10,708 - app.services.camera_manager - INFO - [webcam1] cv2.imwrite() returned True
2025-07-04 14:43:10,763 - app.services.camera_manager - INFO - [webcam1] — iteration 595, calling cap.read()
2025-07-04 14:43:10,764 - app.services.camera_manager - INFO - [webcam1] — cap.read() returned ret=True
2025-07-04 14:43:10,765 - app.services.camera_manager - INFO - [webcam1] saving to C:\Users\HiDigi\OneDrive\Desktop\WebDev\FacialRecognition\static\images\frame_webcam1_9334fc82-83de-4fea-a9c1-151890b74f51.jpg
2025-07-04 14:43:10,770 - app.services.camera_manager - INFO - [webcam1] cv2.imwrite() returned True
2025-07-04 14:43:10,839 - app.services.camera_manager - INFO - [webcam1] — iteration 596, calling cap.read()
2025-07-04 14:43:10,839 - app.services.camera_manager - INFO - [webcam1] — cap.read() returned ret=True
2025-07-04 14:43:10,840 - app.services.camera_manager - INFO - [webcam1] saving to C:\Users\HiDigi\OneDrive\Desktop\WebDev\FacialRecognition\static\images\frame_webcam1_75f2f494-df74-42f9-a124-3696e7976c64.jpg
2025-07-04 14:43:10,846 - app.services.camera_manager - INFO - [webcam1] cv2.imwrite() returned True
2025-07-04 14:43:10,933 - app.services.camera_manager - INFO - [webcam1] — iteration 597, calling cap.read()
2025-07-04 14:43:10,933 - app.services.camera_manager - INFO - [webcam1] — cap.read() returned ret=True
2025-07-04 14:43:10,935 - app.services.camera_manager - INFO - [webcam1] saving to C:\Users\HiDigi\OneDrive\Desktop\WebDev\FacialRecognition\static\images\frame_webcam1_1c8df9af-491b-4be0-bde0-d75c2780bfdb.jpg
2025-07-04 14:43:10,941 - app.services.camera_manager - INFO - [webcam1] cv2.imwrite() returned True
2025-07-04 14:43:11,025 - app.services.camera_manager - INFO - [webcam1] — iteration 598, calling cap.read()
2025-07-04 14:43:11,026 - app.services.camera_manager - INFO - [webcam1] — cap.read() returned ret=True
2025-07-04 14:43:11,027 - app.services.camera_manager - INFO - [webcam1] saving to C:\Users\HiDigi\OneDrive\Desktop\WebDev\FacialRecognition\static\images\frame_webcam1_d9f1fe9a-55c1-4cb4-8003-7197b904aa68.jpg
2025-07-04 14:43:11,034 - app.services.camera_manager - INFO - [webcam1] cv2.imwrite() returned True
2025-07-04 14:43:11,117 - app.services.camera_manager - INFO - [webcam1] — iteration 599, calling cap.read()
2025-07-04 14:43:11,117 - app.services.camera_manager - INFO - [webcam1] — cap.read() returned ret=True
2025-07-04 14:43:11,119 - app.services.camera_manager - INFO - [webcam1] saving to C:\Users\HiDigi\OneDrive\Desktop\WebDev\FacialRecognition\static\images\frame_webcam1_d56898a9-6335-42bb-9bdd-052f79cff3d0.jpg
2025-07-04 14:43:11,124 - app.services.camera_manager - INFO - [webcam1] cv2.imwrite() returned True
2025-07-04 14:43:11,209 - app.services.camera_manager - INFO - [webcam1] — iteration 600, calling cap.read()
2025-07-04 14:43:11,211 - app.services.camera_manager - INFO - [webcam1] — cap.read() returned ret=True
2025-07-04 14:43:11,212 - app.services.camera_manager - INFO - [webcam1] saving to C:\Users\HiDigi\OneDrive\Desktop\WebDev\FacialRecognition\static\images\frame_webcam1_f096be5f-5a36-494b-95a9-08b26fc65fbf.jpg
2025-07-04 14:43:11,218 - app.services.camera_manager - INFO - [webcam1] cv2.imwrite() returned True
2025-07-04 14:43:11,301 - app.services.camera_manager - INFO - [webcam1] — iteration 601, calling cap.read()
2025-07-04 14:43:11,301 - app.services.camera_manager - INFO - [webcam1] — cap.read() returned ret=True
2025-07-04 14:43:11,302 - app.services.camera_manager - INFO - [webcam1] saving to C:\Users\HiDigi\OneDrive\Desktop\WebDev\FacialRecognition\static\images\frame_webcam1_262117fa-dfac-402e-bafb-463857037f64.jpg
2025-07-04 14:43:11,308 - app.services.camera_manager - INFO - [webcam1] cv2.imwrite() returned True
2025-07-04 14:43:11,379 - app.services.camera_manager - INFO - [webcam1] — iteration 602, calling cap.read()
2025-07-04 14:43:11,380 - app.services.camera_manager - INFO - [webcam1] — cap.read() returned ret=True
2025-07-04 14:43:11,381 - app.services.camera_manager - INFO - [webcam1] saving to C:\Users\HiDigi\OneDrive\Desktop\WebDev\FacialRecognition\static\images\frame_webcam1_6f21e587-8751-42e3-b744-54c90606f302.jpg
2025-07-04 14:43:11,387 - app.services.camera_manager - INFO - [webcam1] cv2.imwrite() returned True
2025-07-04 14:43:11,442 - app.services.camera_manager - INFO - [webcam1] — iteration 603, calling cap.read()
2025-07-04 14:43:11,443 - app.services.camera_manager - INFO - [webcam1] — cap.read() returned ret=True
2025-07-04 14:43:11,444 - app.services.camera_manager - INFO - [webcam1] saving to C:\Users\HiDigi\OneDrive\Desktop\WebDev\FacialRecognition\static\images\frame_webcam1_ca526978-3950-4477-a778-2ecb3874b2be.jpg
2025-07-04 14:43:11,451 - app.services.camera_manager - INFO - [webcam1] cv2.imwrite() returned True
2025-07-04 14:43:11,536 - app.services.camera_manager - INFO - [webcam1] — iteration 604, calling cap.read()
2025-07-04 14:43:11,536 - app.services.camera_manager - INFO - [webcam1] — cap.read() returned ret=True
2025-07-04 14:43:11,538 - app.services.camera_manager - INFO - [webcam1] saving to C:\Users\HiDigi\OneDrive\Desktop\WebDev\FacialRecognition\static\images\frame_webcam1_64a163f3-41e7-433e-ad2b-1f1f7ecb47e9.jpg
2025-07-04 14:43:11,544 - app.services.camera_manager - INFO - [webcam1] cv2.imwrite() returned True
2025-07-04 14:43:11,612 - app.services.camera_manager - INFO - [webcam1] — iteration 605, calling cap.read()
2025-07-04 14:43:11,613 - app.services.camera_manager - INFO - [webcam1] — cap.read() returned ret=True
2025-07-04 14:43:11,614 - app.services.camera_manager - INFO - [webcam1] saving to C:\Users\HiDigi\OneDrive\Desktop\WebDev\FacialRecognition\static\images\frame_webcam1_024fde5f-58b2-4d9d-9600-0de7559477a1.jpg
2025-07-04 14:43:11,620 - app.services.camera_manager - INFO - [webcam1] cv2.imwrite() returned True
2025-07-04 14:43:11,691 - app.services.camera_manager - INFO - [webcam1] — iteration 606, calling cap.read()
2025-07-04 14:43:11,691 - app.services.camera_manager - INFO - [webcam1] — cap.read() returned ret=True
2025-07-04 14:43:11,692 - app.services.camera_manager - INFO - [webcam1] saving to C:\Users\HiDigi\OneDrive\Desktop\WebDev\FacialRecognition\static\images\frame_webcam1_166695db-ec73-422f-a230-b335695480cb.jpg
2025-07-04 14:43:11,698 - app.services.camera_manager - INFO - [webcam1] cv2.imwrite() returned True
2025-07-04 14:43:11,768 - app.services.camera_manager - INFO - [webcam1] — iteration 607, calling cap.read()
2025-07-04 14:43:11,770 - app.services.camera_manager - INFO - [webcam1] — cap.read() returned ret=True
2025-07-04 14:43:11,774 - app.services.camera_manager - INFO - [webcam1] saving to C:\Users\HiDigi\OneDrive\Desktop\WebDev\FacialRecognition\static\images\frame_webcam1_a22d9fde-9381-4090-a81e-07d493da0346.jpg
2025-07-04 14:43:11,782 - app.services.camera_manager - INFO - [webcam1] cv2.imwrite() returned True
2025-07-04 14:43:11,862 - app.services.camera_manager - INFO - [webcam1] — iteration 608, calling cap.read()
2025-07-04 14:43:11,862 - app.services.camera_manager - INFO - [webcam1] — cap.read() returned ret=True
2025-07-04 14:43:11,863 - app.services.camera_manager - INFO - [webcam1] saving to C:\Users\HiDigi\OneDrive\Desktop\WebDev\FacialRecognition\static\images\frame_webcam1_1817b9ae-97b9-4109-9382-b6873c085f68.jpg
2025-07-04 14:43:11,869 - app.services.camera_manager - INFO - [webcam1] cv2.imwrite() returned True
2025-07-04 14:43:11,939 - app.services.camera_manager - INFO - [webcam1] — iteration 609, calling cap.read()
2025-07-04 14:43:11,939 - app.services.camera_manager - INFO - [webcam1] — cap.read() returned ret=True
2025-07-04 14:43:11,940 - app.services.camera_manager - INFO - [webcam1] saving to C:\Users\HiDigi\OneDrive\Desktop\WebDev\FacialRecognition\static\images\frame_webcam1_49c30de2-e19d-4b52-8c73-5b2075b05615.jpg
2025-07-04 14:43:11,946 - app.services.camera_manager - INFO - [webcam1] cv2.imwrite() returned True
2025-07-04 14:43:12,017 - app.services.camera_manager - INFO - [webcam1] — iteration 610, calling cap.read()
2025-07-04 14:43:12,017 - app.services.camera_manager - INFO - [webcam1] — cap.read() returned ret=True
2025-07-04 14:43:12,018 - app.services.camera_manager - INFO - [webcam1] saving to C:\Users\HiDigi\OneDrive\Desktop\WebDev\FacialRecognition\static\images\frame_webcam1_0bfb00ae-31d5-4124-aac5-16bc68864d34.jpg
2025-07-04 14:43:12,024 - app.services.camera_manager - INFO - [webcam1] cv2.imwrite() returned True
2025-07-04 14:43:12,095 - app.services.camera_manager - INFO - [webcam1] — iteration 611, calling cap.read()
2025-07-04 14:43:12,095 - app.services.camera_manager - INFO - [webcam1] — cap.read() returned ret=True
2025-07-04 14:43:12,096 - app.services.camera_manager - INFO - [webcam1] saving to C:\Users\HiDigi\OneDrive\Desktop\WebDev\FacialRecognition\static\images\frame_webcam1_daef033d-3bd0-4504-8f69-28c216ff3d78.jpg
2025-07-04 14:43:12,102 - app.services.camera_manager - INFO - [webcam1] cv2.imwrite() returned True
2025-07-04 14:43:12,157 - app.services.camera_manager - INFO - [webcam1] — iteration 612, calling cap.read()
2025-07-04 14:43:12,157 - app.services.camera_manager - INFO - [webcam1] — cap.read() returned ret=True
2025-07-04 14:43:12,159 - app.services.camera_manager - INFO - [webcam1] saving to C:\Users\HiDigi\OneDrive\Desktop\WebDev\FacialRecognition\static\images\frame_webcam1_f3ca9d83-b01d-491f-8b9c-f2f1fe5d071c.jpg
2025-07-04 14:43:12,164 - app.services.camera_manager - INFO - [webcam1] cv2.imwrite() returned True
2025-07-04 14:43:12,234 - app.services.camera_manager - INFO - [webcam1] — iteration 613, calling cap.read()
2025-07-04 14:43:12,235 - app.services.camera_manager - INFO - [webcam1] — cap.read() returned ret=True
2025-07-04 14:43:12,236 - app.services.camera_manager - INFO - [webcam1] saving to C:\Users\HiDigi\OneDrive\Desktop\WebDev\FacialRecognition\static\images\frame_webcam1_ef255ca2-88bc-46e5-8855-d1c17dc6ab39.jpg
2025-07-04 14:43:12,242 - app.services.camera_manager - INFO - [webcam1] cv2.imwrite() returned True
2025-07-04 14:43:12,310 - app.services.camera_manager - INFO - [webcam1] — iteration 614, calling cap.read()
2025-07-04 14:43:12,311 - app.services.camera_manager - INFO - [webcam1] — cap.read() returned ret=True
2025-07-04 14:43:12,312 - app.services.camera_manager - INFO - [webcam1] saving to C:\Users\HiDigi\OneDrive\Desktop\WebDev\FacialRecognition\static\images\frame_webcam1_b1970d82-0a79-433d-91c7-025d55e5f0b3.jpg
2025-07-04 14:43:12,317 - app.services.camera_manager - INFO - [webcam1] cv2.imwrite() returned True
2025-07-04 14:43:12,374 - app.services.camera_manager - INFO - [webcam1] — iteration 615, calling cap.read()
2025-07-04 14:43:12,374 - app.services.camera_manager - INFO - [webcam1] — cap.read() returned ret=True
2025-07-04 14:43:12,375 - app.services.camera_manager - INFO - [webcam1] saving to C:\Users\HiDigi\OneDrive\Desktop\WebDev\FacialRecognition\static\images\frame_webcam1_0f212fa7-1299-4503-b4f0-7e01780411c5.jpg
2025-07-04 14:43:12,381 - app.services.camera_manager - INFO - [webcam1] cv2.imwrite() returned True
2025-07-04 14:43:12,452 - app.services.camera_manager - INFO - [webcam1] — iteration 616, calling cap.read()
2025-07-04 14:43:12,454 - app.services.camera_manager - INFO - [webcam1] — cap.read() returned ret=True
2025-07-04 14:43:12,458 - app.services.camera_manager - INFO - [webcam1] saving to C:\Users\HiDigi\OneDrive\Desktop\WebDev\FacialRecognition\static\images\frame_webcam1_51545dd5-5527-4f2b-925b-93ecc6381611.jpg
2025-07-04 14:43:12,464 - app.services.camera_manager - INFO - [webcam1] cv2.imwrite() returned True
2025-07-04 14:43:12,530 - app.services.camera_manager - INFO - [webcam1] — iteration 617, calling cap.read()
2025-07-04 14:43:12,530 - app.services.camera_manager - INFO - [webcam1] — cap.read() returned ret=True
2025-07-04 14:43:12,531 - app.services.camera_manager - INFO - [webcam1] saving to C:\Users\HiDigi\OneDrive\Desktop\WebDev\FacialRecognition\static\images\frame_webcam1_7ba286a9-5b55-4486-a27e-5e332c29857c.jpg
2025-07-04 14:43:12,536 - app.services.camera_manager - INFO - [webcam1] cv2.imwrite() returned True
2025-07-04 14:43:12,607 - app.services.camera_manager - INFO - [webcam1] — iteration 618, calling cap.read()
2025-07-04 14:43:12,608 - app.services.camera_manager - INFO - [webcam1] — cap.read() returned ret=True
2025-07-04 14:43:12,609 - app.services.camera_manager - INFO - [webcam1] saving to C:\Users\HiDigi\OneDrive\Desktop\WebDev\FacialRecognition\static\images\frame_webcam1_2d2751c8-4475-4e62-be8e-02ec1ce92cb6.jpg
2025-07-04 14:43:12,615 - app.services.camera_manager - INFO - [webcam1] cv2.imwrite() returned True
2025-07-04 14:43:12,685 - app.services.camera_manager - INFO - [webcam1] — iteration 619, calling cap.read()
2025-07-04 14:43:12,685 - app.services.camera_manager - INFO - [webcam1] — cap.read() returned ret=True
2025-07-04 14:43:12,686 - app.services.camera_manager - INFO - [webcam1] saving to C:\Users\HiDigi\OneDrive\Desktop\WebDev\FacialRecognition\static\images\frame_webcam1_0606bc28-9da9-4b2f-9ee4-aaac1e422fb8.jpg
2025-07-04 14:43:12,692 - app.services.camera_manager - INFO - [webcam1] cv2.imwrite() returned True
2025-07-04 14:43:12,762 - app.services.camera_manager - INFO - [webcam1] — iteration 620, calling cap.read()
2025-07-04 14:43:12,763 - app.services.camera_manager - INFO - [webcam1] — cap.read() returned ret=True
2025-07-04 14:43:12,764 - app.services.camera_manager - INFO - [webcam1] saving to C:\Users\HiDigi\OneDrive\Desktop\WebDev\FacialRecognition\static\images\frame_webcam1_14d2e055-c5bc-40f6-bab5-42d750edf60c.jpg
2025-07-04 14:43:12,769 - app.services.camera_manager - INFO - [webcam1] cv2.imwrite() returned True
2025-07-04 14:43:12,824 - app.services.camera_manager - INFO - [webcam1] — iteration 621, calling cap.read()
2025-07-04 14:43:12,824 - app.services.camera_manager - INFO - [webcam1] — cap.read() returned ret=True
2025-07-04 14:43:12,825 - app.services.camera_manager - INFO - [webcam1] saving to C:\Users\HiDigi\OneDrive\Desktop\WebDev\FacialRecognition\static\images\frame_webcam1_5612e764-9354-44bf-92fa-b2e37fb83d03.jpg
2025-07-04 14:43:12,831 - app.services.camera_manager - INFO - [webcam1] cv2.imwrite() returned True
2025-07-04 14:43:12,902 - app.services.camera_manager - INFO - [webcam1] — iteration 622, calling cap.read()
2025-07-04 14:43:12,903 - app.services.camera_manager - INFO - [webcam1] — cap.read() returned ret=True
2025-07-04 14:43:12,904 - app.services.camera_manager - INFO - [webcam1] saving to C:\Users\HiDigi\OneDrive\Desktop\WebDev\FacialRecognition\static\images\frame_webcam1_3c5d40dd-82eb-492c-985d-01f5c1e8cc99.jpg
2025-07-04 14:43:12,909 - app.services.camera_manager - INFO - [webcam1] cv2.imwrite() returned True
2025-07-04 14:43:12,993 - app.services.camera_manager - INFO - [webcam1] — iteration 623, calling cap.read()
2025-07-04 14:43:12,993 - app.services.camera_manager - INFO - [webcam1] — cap.read() returned ret=True
2025-07-04 14:43:12,994 - app.services.camera_manager - INFO - [webcam1] saving to C:\Users\HiDigi\OneDrive\Desktop\WebDev\FacialRecognition\static\images\frame_webcam1_3524decd-d685-4e6f-9f7b-882b7fd758c4.jpg
2025-07-04 14:43:13,000 - app.services.camera_manager - INFO - [webcam1] cv2.imwrite() returned True
2025-07-04 14:43:13,086 - app.services.camera_manager - INFO - [webcam1] — iteration 624, calling cap.read()
2025-07-04 14:43:13,087 - app.services.camera_manager - INFO - [webcam1] — cap.read() returned ret=True
2025-07-04 14:43:13,088 - app.services.camera_manager - INFO - [webcam1] saving to C:\Users\HiDigi\OneDrive\Desktop\WebDev\FacialRecognition\static\images\frame_webcam1_a16b626b-f09c-42fd-9260-9900a8e3f5e7.jpg
2025-07-04 14:43:13,093 - app.services.camera_manager - INFO - [webcam1] cv2.imwrite() returned True
2025-07-04 14:43:13,177 - app.services.camera_manager - INFO - [webcam1] — iteration 625, calling cap.read()
2025-07-04 14:43:13,177 - app.services.camera_manager - INFO - [webcam1] — cap.read() returned ret=True
2025-07-04 14:43:13,178 - app.services.camera_manager - INFO - [webcam1] saving to C:\Users\HiDigi\OneDrive\Desktop\WebDev\FacialRecognition\static\images\frame_webcam1_fd84ec90-fb8b-4a3e-9e59-a16c4e96660b.jpg
2025-07-04 14:43:13,184 - app.services.camera_manager - INFO - [webcam1] cv2.imwrite() returned True
2025-07-04 14:43:13,271 - app.services.camera_manager - INFO - [webcam1] — iteration 626, calling cap.read()
2025-07-04 14:43:13,272 - app.services.camera_manager - INFO - [webcam1] — cap.read() returned ret=True
2025-07-04 14:43:13,280 - app.services.camera_manager - INFO - [webcam1] saving to C:\Users\HiDigi\OneDrive\Desktop\WebDev\FacialRecognition\static\images\frame_webcam1_3e112efd-8930-4a21-8d36-e97196ed7eb2.jpg
2025-07-04 14:43:13,286 - app.services.camera_manager - INFO - [webcam1] cv2.imwrite() returned True
2025-07-04 14:43:13,362 - app.services.camera_manager - INFO - [webcam1] — iteration 627, calling cap.read()
2025-07-04 14:43:13,362 - app.services.camera_manager - INFO - [webcam1] — cap.read() returned ret=True
2025-07-04 14:43:13,363 - app.services.camera_manager - INFO - [webcam1] saving to C:\Users\HiDigi\OneDrive\Desktop\WebDev\FacialRecognition\static\images\frame_webcam1_f838667a-d332-4517-b48c-d5ce0b964647.jpg
2025-07-04 14:43:13,369 - app.services.camera_manager - INFO - [webcam1] cv2.imwrite() returned True
2025-07-04 14:43:13,441 - app.services.camera_manager - INFO - [webcam1] — iteration 628, calling cap.read()
2025-07-04 14:43:13,441 - app.services.camera_manager - INFO - [webcam1] — cap.read() returned ret=True
2025-07-04 14:43:13,442 - app.services.camera_manager - INFO - [webcam1] saving to C:\Users\HiDigi\OneDrive\Desktop\WebDev\FacialRecognition\static\images\frame_webcam1_caa1af8b-560e-44a2-9c27-c4a80197f8a8.jpg
2025-07-04 14:43:13,447 - app.services.camera_manager - INFO - [webcam1] cv2.imwrite() returned True
2025-07-04 14:43:13,517 - app.services.camera_manager - INFO - [webcam1] — iteration 629, calling cap.read()
2025-07-04 14:43:13,517 - app.services.camera_manager - INFO - [webcam1] — cap.read() returned ret=True
2025-07-04 14:43:13,518 - app.services.camera_manager - INFO - [webcam1] saving to C:\Users\HiDigi\OneDrive\Desktop\WebDev\FacialRecognition\static\images\frame_webcam1_b79db812-4c78-401f-ad91-92f67f593e88.jpg
2025-07-04 14:43:13,524 - app.services.camera_manager - INFO - [webcam1] cv2.imwrite() returned True
2025-07-04 14:43:13,596 - app.services.camera_manager - INFO - [webcam1] — iteration 630, calling cap.read()
2025-07-04 14:43:13,596 - app.services.camera_manager - INFO - [webcam1] — cap.read() returned ret=True
2025-07-04 14:43:13,598 - app.services.camera_manager - INFO - [webcam1] saving to C:\Users\HiDigi\OneDrive\Desktop\WebDev\FacialRecognition\static\images\frame_webcam1_bbdf7cdb-e6ca-4c88-af19-98875be88fb2.jpg
2025-07-04 14:43:13,604 - app.services.camera_manager - INFO - [webcam1] cv2.imwrite() returned True
2025-07-04 14:43:13,659 - app.services.camera_manager - INFO - [webcam1] — iteration 631, calling cap.read()
2025-07-04 14:43:13,660 - app.services.camera_manager - INFO - [webcam1] — cap.read() returned ret=True
2025-07-04 14:43:13,661 - app.services.camera_manager - INFO - [webcam1] saving to C:\Users\HiDigi\OneDrive\Desktop\WebDev\FacialRecognition\static\images\frame_webcam1_9bbe1f1c-20c9-44b0-b9aa-2209489220e9.jpg
2025-07-04 14:43:13,667 - app.services.camera_manager - INFO - [webcam1] cv2.imwrite() returned True
2025-07-04 14:43:13,736 - app.services.camera_manager - INFO - [webcam1] — iteration 632, calling cap.read()
2025-07-04 14:43:13,736 - app.services.camera_manager - INFO - [webcam1] — cap.read() returned ret=True
2025-07-04 14:43:13,737 - app.services.camera_manager - INFO - [webcam1] saving to C:\Users\HiDigi\OneDrive\Desktop\WebDev\FacialRecognition\static\images\frame_webcam1_512de9ee-36db-442e-8021-2a68f4e6831f.jpg
2025-07-04 14:43:13,743 - app.services.camera_manager - INFO - [webcam1] cv2.imwrite() returned True
2025-07-04 14:43:13,815 - app.services.camera_manager - INFO - [webcam1] — iteration 633, calling cap.read()
2025-07-04 14:43:13,815 - app.services.camera_manager - INFO - [webcam1] — cap.read() returned ret=True
2025-07-04 14:43:13,817 - app.services.camera_manager - INFO - [webcam1] saving to C:\Users\HiDigi\OneDrive\Desktop\WebDev\FacialRecognition\static\images\frame_webcam1_96d29f83-f27c-438c-84e0-28958a08d84b.jpg
2025-07-04 14:43:13,822 - app.services.camera_manager - INFO - [webcam1] cv2.imwrite() returned True
2025-07-04 14:43:13,878 - app.services.camera_manager - INFO - [webcam1] — iteration 634, calling cap.read()
2025-07-04 14:43:13,878 - app.services.camera_manager - INFO - [webcam1] — cap.read() returned ret=True
2025-07-04 14:43:13,879 - app.services.camera_manager - INFO - [webcam1] saving to C:\Users\HiDigi\OneDrive\Desktop\WebDev\FacialRecognition\static\images\frame_webcam1_4e28f8a9-4a36-47e0-8bee-9f639cf3b838.jpg
2025-07-04 14:43:13,885 - app.services.camera_manager - INFO - [webcam1] cv2.imwrite() returned True
2025-07-04 14:43:13,956 - app.services.camera_manager - INFO - [webcam1] — iteration 635, calling cap.read()
2025-07-04 14:43:13,956 - app.services.camera_manager - INFO - [webcam1] — cap.read() returned ret=True
2025-07-04 14:43:13,958 - app.services.camera_manager - INFO - [webcam1] saving to C:\Users\HiDigi\OneDrive\Desktop\WebDev\FacialRecognition\static\images\frame_webcam1_0fa1a37a-a156-4840-90b9-233459fc2d87.jpg
2025-07-04 14:43:13,963 - app.services.camera_manager - INFO - [webcam1] cv2.imwrite() returned True
2025-07-04 14:43:14,034 - app.services.camera_manager - INFO - [webcam1] — iteration 636, calling cap.read()
2025-07-04 14:43:14,034 - app.services.camera_manager - INFO - [webcam1] — cap.read() returned ret=True
2025-07-04 14:43:14,035 - app.services.camera_manager - INFO - [webcam1] saving to C:\Users\HiDigi\OneDrive\Desktop\WebDev\FacialRecognition\static\images\frame_webcam1_4c17351b-c2d8-4db2-80ff-61dc77105903.jpg
2025-07-04 14:43:14,041 - app.services.camera_manager - INFO - [webcam1] cv2.imwrite() returned True
2025-07-04 14:43:14,095 - app.services.camera_manager - INFO - [webcam1] — iteration 637, calling cap.read()
2025-07-04 14:43:14,096 - app.services.camera_manager - INFO - [webcam1] — cap.read() returned ret=True
2025-07-04 14:43:14,097 - app.services.camera_manager - INFO - [webcam1] saving to C:\Users\HiDigi\OneDrive\Desktop\WebDev\FacialRecognition\static\images\frame_webcam1_a7eb2086-2c58-4fee-89d8-05558159a822.jpg
2025-07-04 14:43:14,102 - app.services.camera_manager - INFO - [webcam1] cv2.imwrite() returned True
2025-07-04 14:43:14,171 - app.services.camera_manager - INFO - [webcam1] — iteration 638, calling cap.read()
2025-07-04 14:43:14,172 - app.services.camera_manager - INFO - [webcam1] — cap.read() returned ret=True
2025-07-04 14:43:14,173 - app.services.camera_manager - INFO - [webcam1] saving to C:\Users\HiDigi\OneDrive\Desktop\WebDev\FacialRecognition\static\images\frame_webcam1_fee41f80-a1ad-43df-aa1c-35be015bef91.jpg
2025-07-04 14:43:14,179 - app.services.camera_manager - INFO - [webcam1] cv2.imwrite() returned True
2025-07-04 14:43:14,249 - app.services.camera_manager - INFO - [webcam1] — iteration 639, calling cap.read()
2025-07-04 14:43:14,249 - app.services.camera_manager - INFO - [webcam1] — cap.read() returned ret=True
2025-07-04 14:43:14,251 - app.services.camera_manager - INFO - [webcam1] saving to C:\Users\HiDigi\OneDrive\Desktop\WebDev\FacialRecognition\static\images\frame_webcam1_2015e8c4-c36b-400b-916f-608218062902.jpg
2025-07-04 14:43:14,257 - app.services.camera_manager - INFO - [webcam1] cv2.imwrite() returned True
2025-07-04 14:43:14,311 - app.services.camera_manager - INFO - [webcam1] — iteration 640, calling cap.read()
2025-07-04 14:43:14,311 - app.services.camera_manager - INFO - [webcam1] — cap.read() returned ret=True
2025-07-04 14:43:14,312 - app.services.camera_manager - INFO - [webcam1] saving to C:\Users\HiDigi\OneDrive\Desktop\WebDev\FacialRecognition\static\images\frame_webcam1_37957c57-58be-4c71-aba9-ef0276c8a104.jpg
2025-07-04 14:43:14,317 - app.services.camera_manager - INFO - [webcam1] cv2.imwrite() returned True
2025-07-04 14:43:14,389 - app.services.camera_manager - INFO - [webcam1] — iteration 641, calling cap.read()
2025-07-04 14:43:14,389 - app.services.camera_manager - INFO - [webcam1] — cap.read() returned ret=True
2025-07-04 14:43:14,391 - app.services.camera_manager - INFO - [webcam1] saving to C:\Users\HiDigi\OneDrive\Desktop\WebDev\FacialRecognition\static\images\frame_webcam1_b3a61336-3285-48f2-85d9-ca282ba28762.jpg
2025-07-04 14:43:14,396 - app.services.camera_manager - INFO - [webcam1] cv2.imwrite() returned True
2025-07-04 14:43:14,468 - app.services.camera_manager - INFO - [webcam1] — iteration 642, calling cap.read()
2025-07-04 14:43:14,468 - app.services.camera_manager - INFO - [webcam1] — cap.read() returned ret=True
2025-07-04 14:43:14,470 - app.services.camera_manager - INFO - [webcam1] saving to C:\Users\HiDigi\OneDrive\Desktop\WebDev\FacialRecognition\static\images\frame_webcam1_ddf69a79-9196-4006-8c36-bf3698504bf4.jpg
2025-07-04 14:43:14,475 - app.services.camera_manager - INFO - [webcam1] cv2.imwrite() returned True
2025-07-04 14:43:14,529 - app.services.camera_manager - INFO - [webcam1] — iteration 643, calling cap.read()
2025-07-04 14:43:14,530 - app.services.camera_manager - INFO - [webcam1] — cap.read() returned ret=True
2025-07-04 14:43:14,531 - app.services.camera_manager - INFO - [webcam1] saving to C:\Users\HiDigi\OneDrive\Desktop\WebDev\FacialRecognition\static\images\frame_webcam1_320a96fc-30b4-4433-ab62-83a9235cd5a7.jpg
2025-07-04 14:43:14,537 - app.services.camera_manager - INFO - [webcam1] cv2.imwrite() returned True
2025-07-04 14:43:14,607 - app.services.camera_manager - INFO - [webcam1] — iteration 644, calling cap.read()
2025-07-04 14:43:14,609 - app.services.camera_manager - INFO - [webcam1] — cap.read() returned ret=True
2025-07-04 14:43:14,612 - app.services.camera_manager - INFO - [webcam1] saving to C:\Users\HiDigi\OneDrive\Desktop\WebDev\FacialRecognition\static\images\frame_webcam1_d6e86cb9-0b34-4045-916b-8df09e5f2f80.jpg
2025-07-04 14:43:14,628 - app.services.camera_manager - INFO - [webcam1] cv2.imwrite() returned True
2025-07-04 14:43:14,701 - app.services.camera_manager - INFO - [webcam1] — iteration 645, calling cap.read()
2025-07-04 14:43:14,701 - app.services.camera_manager - INFO - [webcam1] — cap.read() returned ret=True
2025-07-04 14:43:14,702 - app.services.camera_manager - INFO - [webcam1] saving to C:\Users\HiDigi\OneDrive\Desktop\WebDev\FacialRecognition\static\images\frame_webcam1_67f3a75d-b5ea-4082-8413-e72c726ae97e.jpg
2025-07-04 14:43:14,708 - app.services.camera_manager - INFO - [webcam1] cv2.imwrite() returned True
2025-07-04 14:43:14,779 - app.services.camera_manager - INFO - [webcam1] — iteration 646, calling cap.read()
2025-07-04 14:43:14,779 - app.services.camera_manager - INFO - [webcam1] — cap.read() returned ret=True
2025-07-04 14:43:14,781 - app.services.camera_manager - INFO - [webcam1] saving to C:\Users\HiDigi\OneDrive\Desktop\WebDev\FacialRecognition\static\images\frame_webcam1_674f5f58-81dd-47e9-927f-093ec9faf255.jpg
2025-07-04 14:43:14,786 - app.services.camera_manager - INFO - [webcam1] cv2.imwrite() returned True
2025-07-04 14:43:14,857 - app.services.camera_manager - INFO - [webcam1] — iteration 647, calling cap.read()
2025-07-04 14:43:14,857 - app.services.camera_manager - INFO - [webcam1] — cap.read() returned ret=True
2025-07-04 14:43:14,858 - app.services.camera_manager - INFO - [webcam1] saving to C:\Users\HiDigi\OneDrive\Desktop\WebDev\FacialRecognition\static\images\frame_webcam1_be3ca3cb-5ba5-4a03-aaf0-acc63a983efa.jpg
2025-07-04 14:43:14,864 - app.services.camera_manager - INFO - [webcam1] cv2.imwrite() returned True
2025-07-04 14:43:14,933 - app.services.camera_manager - INFO - [webcam1] — iteration 648, calling cap.read()
2025-07-04 14:43:14,934 - app.services.camera_manager - INFO - [webcam1] — cap.read() returned ret=True
2025-07-04 14:43:14,935 - app.services.camera_manager - INFO - [webcam1] saving to C:\Users\HiDigi\OneDrive\Desktop\WebDev\FacialRecognition\static\images\frame_webcam1_54a47188-f73f-4a4f-aae1-d88e70b57bef.jpg
2025-07-04 14:43:14,940 - app.services.camera_manager - INFO - [webcam1] cv2.imwrite() returned True
2025-07-04 14:43:15,028 - app.services.camera_manager - INFO - [webcam1] — iteration 649, calling cap.read()
2025-07-04 14:43:15,028 - app.services.camera_manager - INFO - [webcam1] — cap.read() returned ret=True
2025-07-04 14:43:15,029 - app.services.camera_manager - INFO - [webcam1] saving to C:\Users\HiDigi\OneDrive\Desktop\WebDev\FacialRecognition\static\images\frame_webcam1_3275edf9-416c-4d33-a73e-505179bd32fe.jpg
2025-07-04 14:43:15,035 - app.services.camera_manager - INFO - [webcam1] cv2.imwrite() returned True
2025-07-04 14:43:15,119 - app.services.camera_manager - INFO - [webcam1] — iteration 650, calling cap.read()
2025-07-04 14:43:15,119 - app.services.camera_manager - INFO - [webcam1] — cap.read() returned ret=True
2025-07-04 14:43:15,120 - app.services.camera_manager - INFO - [webcam1] saving to C:\Users\HiDigi\OneDrive\Desktop\WebDev\FacialRecognition\static\images\frame_webcam1_ea54e0e8-1391-49df-80fc-a49f3f85f387.jpg
2025-07-04 14:43:15,126 - app.services.camera_manager - INFO - [webcam1] cv2.imwrite() returned True
2025-07-04 14:43:15,211 - app.services.camera_manager - INFO - [webcam1] — iteration 651, calling cap.read()
2025-07-04 14:43:15,211 - app.services.camera_manager - INFO - [webcam1] — cap.read() returned ret=True
2025-07-04 14:43:15,212 - app.services.camera_manager - INFO - [webcam1] saving to C:\Users\HiDigi\OneDrive\Desktop\WebDev\FacialRecognition\static\images\frame_webcam1_a845c315-faa6-46c5-8cea-c5729c0e7964.jpg
2025-07-04 14:43:15,218 - app.services.camera_manager - INFO - [webcam1] cv2.imwrite() returned True
2025-07-04 14:43:15,304 - app.services.camera_manager - INFO - [webcam1] — iteration 652, calling cap.read()
2025-07-04 14:43:15,304 - app.services.camera_manager - INFO - [webcam1] — cap.read() returned ret=True
2025-07-04 14:43:15,305 - app.services.camera_manager - INFO - [webcam1] saving to C:\Users\HiDigi\OneDrive\Desktop\WebDev\FacialRecognition\static\images\frame_webcam1_50624838-0397-48a5-8a0f-c06a2c243c36.jpg
2025-07-04 14:43:15,311 - app.services.camera_manager - INFO - [webcam1] cv2.imwrite() returned True
2025-07-04 14:43:15,397 - app.services.camera_manager - INFO - [webcam1] — iteration 653, calling cap.read()
2025-07-04 14:43:15,397 - app.services.camera_manager - INFO - [webcam1] — cap.read() returned ret=True
2025-07-04 14:43:15,398 - app.services.camera_manager - INFO - [webcam1] saving to C:\Users\HiDigi\OneDrive\Desktop\WebDev\FacialRecognition\static\images\frame_webcam1_ca8a84b2-0ab6-4401-819f-40bc03b887c4.jpg
2025-07-04 14:43:15,404 - app.services.camera_manager - INFO - [webcam1] cv2.imwrite() returned True
2025-07-04 14:43:15,490 - app.services.camera_manager - INFO - [webcam1] — iteration 654, calling cap.read()
2025-07-04 14:43:15,490 - app.services.camera_manager - INFO - [webcam1] — cap.read() returned ret=True
2025-07-04 14:43:15,492 - app.services.camera_manager - INFO - [webcam1] saving to C:\Users\HiDigi\OneDrive\Desktop\WebDev\FacialRecognition\static\images\frame_webcam1_a0145105-ac7f-4634-beec-f34c7ac54219.jpg
2025-07-04 14:43:15,497 - app.services.camera_manager - INFO - [webcam1] cv2.imwrite() returned True
2025-07-04 14:43:15,583 - app.services.camera_manager - INFO - [webcam1] — iteration 655, calling cap.read()
2025-07-04 14:43:15,584 - app.services.camera_manager - INFO - [webcam1] — cap.read() returned ret=True
2025-07-04 14:43:15,585 - app.services.camera_manager - INFO - [webcam1] saving to C:\Users\HiDigi\OneDrive\Desktop\WebDev\FacialRecognition\static\images\frame_webcam1_cd31baba-b855-4b9c-8da6-79171931838e.jpg
2025-07-04 14:43:15,591 - app.services.camera_manager - INFO - [webcam1] cv2.imwrite() returned True
2025-07-04 14:43:15,677 - app.services.camera_manager - INFO - [webcam1] — iteration 656, calling cap.read()
2025-07-04 14:43:15,677 - app.services.camera_manager - INFO - [webcam1] — cap.read() returned ret=True
2025-07-04 14:43:15,678 - app.services.camera_manager - INFO - [webcam1] saving to C:\Users\HiDigi\OneDrive\Desktop\WebDev\FacialRecognition\static\images\frame_webcam1_616e33aa-2c79-4f94-bb0e-c28615970104.jpg
2025-07-04 14:43:15,684 - app.services.camera_manager - INFO - [webcam1] cv2.imwrite() returned True
2025-07-04 14:43:15,770 - app.services.camera_manager - INFO - [webcam1] — iteration 657, calling cap.read()
2025-07-04 14:43:15,771 - app.services.camera_manager - INFO - [webcam1] — cap.read() returned ret=True
2025-07-04 14:43:15,772 - app.services.camera_manager - INFO - [webcam1] saving to C:\Users\HiDigi\OneDrive\Desktop\WebDev\FacialRecognition\static\images\frame_webcam1_140fe47b-b943-4d5d-bd47-80c75561b085.jpg
2025-07-04 14:43:15,778 - app.services.camera_manager - INFO - [webcam1] cv2.imwrite() returned True
2025-07-04 14:43:15,863 - app.services.camera_manager - INFO - [webcam1] — iteration 658, calling cap.read()
2025-07-04 14:43:15,863 - app.services.camera_manager - INFO - [webcam1] — cap.read() returned ret=True
2025-07-04 14:43:15,864 - app.services.camera_manager - INFO - [webcam1] saving to C:\Users\HiDigi\OneDrive\Desktop\WebDev\FacialRecognition\static\images\frame_webcam1_5fc8d8fc-5df2-4cca-8d6f-b21ba1e694be.jpg
2025-07-04 14:43:15,871 - app.services.camera_manager - INFO - [webcam1] cv2.imwrite() returned True
2025-07-04 14:43:15,941 - app.services.camera_manager - INFO - [webcam1] — iteration 659, calling cap.read()
2025-07-04 14:43:15,941 - app.services.camera_manager - INFO - [webcam1] — cap.read() returned ret=True
2025-07-04 14:43:15,943 - app.services.camera_manager - INFO - [webcam1] saving to C:\Users\HiDigi\OneDrive\Desktop\WebDev\FacialRecognition\static\images\frame_webcam1_61e916d5-f690-4726-9c78-5ef4875c2778.jpg
2025-07-04 14:43:15,949 - app.services.camera_manager - INFO - [webcam1] cv2.imwrite() returned True
2025-07-04 14:43:16,018 - app.services.camera_manager - INFO - [webcam1] — iteration 660, calling cap.read()
2025-07-04 14:43:16,018 - app.services.camera_manager - INFO - [webcam1] — cap.read() returned ret=True
2025-07-04 14:43:16,020 - app.services.camera_manager - INFO - [webcam1] saving to C:\Users\HiDigi\OneDrive\Desktop\WebDev\FacialRecognition\static\images\frame_webcam1_d39ac058-b1ec-4ba8-9e00-85281a6b907f.jpg
2025-07-04 14:43:16,025 - app.services.camera_manager - INFO - [webcam1] cv2.imwrite() returned True
2025-07-04 14:43:16,095 - app.services.camera_manager - INFO - [webcam1] — iteration 661, calling cap.read()
2025-07-04 14:43:16,095 - app.services.camera_manager - INFO - [webcam1] — cap.read() returned ret=True
2025-07-04 14:43:16,096 - app.services.camera_manager - INFO - [webcam1] saving to C:\Users\HiDigi\OneDrive\Desktop\WebDev\FacialRecognition\static\images\frame_webcam1_0e907522-dd72-42cc-b519-fcb79477dc31.jpg
2025-07-04 14:43:16,102 - app.services.camera_manager - INFO - [webcam1] cv2.imwrite() returned True
2025-07-04 14:43:16,173 - app.services.camera_manager - INFO - [webcam1] — iteration 662, calling cap.read()
2025-07-04 14:43:16,175 - app.services.camera_manager - INFO - [webcam1] — cap.read() returned ret=True
2025-07-04 14:43:16,179 - app.services.camera_manager - INFO - [webcam1] saving to C:\Users\HiDigi\OneDrive\Desktop\WebDev\FacialRecognition\static\images\frame_webcam1_d4b987d7-4c6e-4e50-a266-d8255261d864.jpg
2025-07-04 14:43:16,190 - app.services.camera_manager - INFO - [webcam1] cv2.imwrite() returned True
2025-07-04 14:43:16,267 - app.services.camera_manager - INFO - [webcam1] — iteration 663, calling cap.read()
2025-07-04 14:43:16,268 - app.services.camera_manager - INFO - [webcam1] — cap.read() returned ret=True
2025-07-04 14:43:16,269 - app.services.camera_manager - INFO - [webcam1] saving to C:\Users\HiDigi\OneDrive\Desktop\WebDev\FacialRecognition\static\images\frame_webcam1_82f5c3c4-4778-4dfd-b7fd-57d1c88e371a.jpg
2025-07-04 14:43:16,275 - app.services.camera_manager - INFO - [webcam1] cv2.imwrite() returned True
2025-07-04 14:43:16,344 - app.services.camera_manager - INFO - [webcam1] — iteration 664, calling cap.read()
2025-07-04 14:43:16,345 - app.services.camera_manager - INFO - [webcam1] — cap.read() returned ret=True
2025-07-04 14:43:16,345 - app.services.camera_manager - INFO - [webcam1] saving to C:\Users\HiDigi\OneDrive\Desktop\WebDev\FacialRecognition\static\images\frame_webcam1_834e906d-825d-4926-8e61-52ad64f38e61.jpg
2025-07-04 14:43:16,351 - app.services.camera_manager - INFO - [webcam1] cv2.imwrite() returned True
2025-07-04 14:43:16,422 - app.services.camera_manager - INFO - [webcam1] — iteration 665, calling cap.read()
2025-07-04 14:43:16,422 - app.services.camera_manager - INFO - [webcam1] — cap.read() returned ret=True
2025-07-04 14:43:16,423 - app.services.camera_manager - INFO - [webcam1] saving to C:\Users\HiDigi\OneDrive\Desktop\WebDev\FacialRecognition\static\images\frame_webcam1_98d4baec-87f9-400b-bc70-d4a58208481b.jpg
2025-07-04 14:43:16,428 - app.services.camera_manager - INFO - [webcam1] cv2.imwrite() returned True
2025-07-04 14:43:16,500 - app.services.camera_manager - INFO - [webcam1] — iteration 666, calling cap.read()
2025-07-04 14:43:16,500 - app.services.camera_manager - INFO - [webcam1] — cap.read() returned ret=True
2025-07-04 14:43:16,500 - app.services.camera_manager - INFO - [webcam1] saving to C:\Users\HiDigi\OneDrive\Desktop\WebDev\FacialRecognition\static\images\frame_webcam1_ab104c3f-0f61-4f08-87f8-3fbeab605ed6.jpg
2025-07-04 14:43:16,506 - app.services.camera_manager - INFO - [webcam1] cv2.imwrite() returned True
2025-07-04 14:43:16,560 - app.services.camera_manager - INFO - [webcam1] — iteration 667, calling cap.read()
2025-07-04 14:43:16,562 - app.services.camera_manager - INFO - [webcam1] — cap.read() returned ret=True
2025-07-04 14:43:16,563 - app.services.camera_manager - INFO - [webcam1] saving to C:\Users\HiDigi\OneDrive\Desktop\WebDev\FacialRecognition\static\images\frame_webcam1_2a669ce4-9386-4f02-9909-fd2c153001e9.jpg
2025-07-04 14:43:16,569 - app.services.camera_manager - INFO - [webcam1] cv2.imwrite() returned True
2025-07-04 14:43:16,637 - app.services.camera_manager - INFO - [webcam1] — iteration 668, calling cap.read()
2025-07-04 14:43:16,637 - app.services.camera_manager - INFO - [webcam1] — cap.read() returned ret=True
2025-07-04 14:43:16,638 - app.services.camera_manager - INFO - [webcam1] saving to C:\Users\HiDigi\OneDrive\Desktop\WebDev\FacialRecognition\static\images\frame_webcam1_fbb88fd8-ae63-4418-8583-8f0058e95ae6.jpg
2025-07-04 14:43:16,644 - app.services.camera_manager - INFO - [webcam1] cv2.imwrite() returned True
2025-07-04 14:43:16,730 - app.services.camera_manager - INFO - [webcam1] — iteration 669, calling cap.read()
2025-07-04 14:43:16,731 - app.services.camera_manager - INFO - [webcam1] — cap.read() returned ret=True
2025-07-04 14:43:16,732 - app.services.camera_manager - INFO - [webcam1] saving to C:\Users\HiDigi\OneDrive\Desktop\WebDev\FacialRecognition\static\images\frame_webcam1_7c6bb4bc-4959-4f16-9238-ceee917c1745.jpg
2025-07-04 14:43:16,738 - app.services.camera_manager - INFO - [webcam1] cv2.imwrite() returned True
2025-07-04 14:43:16,821 - app.services.camera_manager - INFO - [webcam1] — iteration 670, calling cap.read()
2025-07-04 14:43:16,821 - app.services.camera_manager - INFO - [webcam1] — cap.read() returned ret=True
2025-07-04 14:43:16,822 - app.services.camera_manager - INFO - [webcam1] saving to C:\Users\HiDigi\OneDrive\Desktop\WebDev\FacialRecognition\static\images\frame_webcam1_e47ceaaf-a857-4f0f-875a-af0bc22531b9.jpg
2025-07-04 14:43:16,828 - app.services.camera_manager - INFO - [webcam1] cv2.imwrite() returned True
2025-07-04 14:43:16,916 - app.services.camera_manager - INFO - [webcam1] — iteration 671, calling cap.read()
2025-07-04 14:43:16,916 - app.services.camera_manager - INFO - [webcam1] — cap.read() returned ret=True
2025-07-04 14:43:16,917 - app.services.camera_manager - INFO - [webcam1] saving to C:\Users\HiDigi\OneDrive\Desktop\WebDev\FacialRecognition\static\images\frame_webcam1_4d59eec5-bc4d-4b40-9b1b-5b1ba6f468d6.jpg
2025-07-04 14:43:16,923 - app.services.camera_manager - INFO - [webcam1] cv2.imwrite() returned True
2025-07-04 14:43:17,009 - app.services.camera_manager - INFO - [webcam1] — iteration 672, calling cap.read()
2025-07-04 14:43:17,009 - app.services.camera_manager - INFO - [webcam1] — cap.read() returned ret=True
2025-07-04 14:43:17,010 - app.services.camera_manager - INFO - [webcam1] saving to C:\Users\HiDigi\OneDrive\Desktop\WebDev\FacialRecognition\static\images\frame_webcam1_777fd637-0b54-493e-ae3b-f701a8db88fb.jpg
2025-07-04 14:43:17,016 - app.services.camera_manager - INFO - [webcam1] cv2.imwrite() returned True
2025-07-04 14:43:17,101 - app.services.camera_manager - INFO - [webcam1] — iteration 673, calling cap.read()
2025-07-04 14:43:17,101 - app.services.camera_manager - INFO - [webcam1] — cap.read() returned ret=True
2025-07-04 14:43:17,103 - app.services.camera_manager - INFO - [webcam1] saving to C:\Users\HiDigi\OneDrive\Desktop\WebDev\FacialRecognition\static\images\frame_webcam1_777ddb15-2b46-4384-ba9a-3368f5a4882d.jpg
2025-07-04 14:43:17,108 - app.services.camera_manager - INFO - [webcam1] cv2.imwrite() returned True
2025-07-04 14:43:17,195 - app.services.camera_manager - INFO - [webcam1] — iteration 674, calling cap.read()
2025-07-04 14:43:17,196 - app.services.camera_manager - INFO - [webcam1] — cap.read() returned ret=True
2025-07-04 14:43:17,197 - app.services.camera_manager - INFO - [webcam1] saving to C:\Users\HiDigi\OneDrive\Desktop\WebDev\FacialRecognition\static\images\frame_webcam1_15b61167-148f-4116-9698-b0288c446ed3.jpg
2025-07-04 14:43:17,202 - app.services.camera_manager - INFO - [webcam1] cv2.imwrite() returned True
2025-07-04 14:43:17,288 - app.services.camera_manager - INFO - [webcam1] — iteration 675, calling cap.read()
2025-07-04 14:43:17,288 - app.services.camera_manager - INFO - [webcam1] — cap.read() returned ret=True
2025-07-04 14:43:17,289 - app.services.camera_manager - INFO - [webcam1] saving to C:\Users\HiDigi\OneDrive\Desktop\WebDev\FacialRecognition\static\images\frame_webcam1_5427b44b-4fce-4f17-9297-f3cbedaf5c51.jpg
2025-07-04 14:43:17,295 - app.services.camera_manager - INFO - [webcam1] cv2.imwrite() returned True
2025-07-04 14:43:17,380 - app.services.camera_manager - INFO - [webcam1] — iteration 676, calling cap.read()
2025-07-04 14:43:17,381 - app.services.camera_manager - INFO - [webcam1] — cap.read() returned ret=True
2025-07-04 14:43:17,382 - app.services.camera_manager - INFO - [webcam1] saving to C:\Users\HiDigi\OneDrive\Desktop\WebDev\FacialRecognition\static\images\frame_webcam1_63e56f59-2695-4b8f-a21b-ccf890100e13.jpg
2025-07-04 14:43:17,387 - app.services.camera_manager - INFO - [webcam1] cv2.imwrite() returned True
2025-07-04 14:43:17,473 - app.services.camera_manager - INFO - [webcam1] — iteration 677, calling cap.read()
2025-07-04 14:43:17,473 - app.services.camera_manager - INFO - [webcam1] — cap.read() returned ret=True
2025-07-04 14:43:17,474 - app.services.camera_manager - INFO - [webcam1] saving to C:\Users\HiDigi\OneDrive\Desktop\WebDev\FacialRecognition\static\images\frame_webcam1_777ac0f8-cf6d-4b2a-86de-ebcc2d1ebc84.jpg
2025-07-04 14:43:17,480 - app.services.camera_manager - INFO - [webcam1] cv2.imwrite() returned True
2025-07-04 14:43:17,536 - app.services.camera_manager - INFO - [webcam1] — iteration 678, calling cap.read()
2025-07-04 14:43:17,536 - app.services.camera_manager - INFO - [webcam1] — cap.read() returned ret=True
2025-07-04 14:43:17,537 - app.services.camera_manager - INFO - [webcam1] saving to C:\Users\HiDigi\OneDrive\Desktop\WebDev\FacialRecognition\static\images\frame_webcam1_d9829f2a-b279-4c17-8650-46d1bab60c42.jpg
2025-07-04 14:43:17,543 - app.services.camera_manager - INFO - [webcam1] cv2.imwrite() returned True
2025-07-04 14:43:17,614 - app.services.camera_manager - INFO - [webcam1] — iteration 679, calling cap.read()
2025-07-04 14:43:17,614 - app.services.camera_manager - INFO - [webcam1] — cap.read() returned ret=True
2025-07-04 14:43:17,615 - app.services.camera_manager - INFO - [webcam1] saving to C:\Users\HiDigi\OneDrive\Desktop\WebDev\FacialRecognition\static\images\frame_webcam1_27f4bc29-2812-4823-bfaa-57c0c23c60b0.jpg
2025-07-04 14:43:17,621 - app.services.camera_manager - INFO - [webcam1] cv2.imwrite() returned True
2025-07-04 14:43:17,706 - app.services.camera_manager - INFO - [webcam1] — iteration 680, calling cap.read()
2025-07-04 14:43:17,707 - app.services.camera_manager - INFO - [webcam1] — cap.read() returned ret=True
2025-07-04 14:43:17,708 - app.services.camera_manager - INFO - [webcam1] saving to C:\Users\HiDigi\OneDrive\Desktop\WebDev\FacialRecognition\static\images\frame_webcam1_6b750a0c-3be3-4883-bc96-14064a32e799.jpg
2025-07-04 14:43:17,713 - app.services.camera_manager - INFO - [webcam1] cv2.imwrite() returned True
2025-07-04 14:43:17,784 - app.services.camera_manager - INFO - [webcam1] — iteration 681, calling cap.read()
2025-07-04 14:43:17,784 - app.services.camera_manager - INFO - [webcam1] — cap.read() returned ret=True
2025-07-04 14:43:17,785 - app.services.camera_manager - INFO - [webcam1] saving to C:\Users\HiDigi\OneDrive\Desktop\WebDev\FacialRecognition\static\images\frame_webcam1_ebe6a04a-ca1d-4863-87ee-4189894e89e9.jpg
2025-07-04 14:43:17,791 - app.services.camera_manager - INFO - [webcam1] cv2.imwrite() returned True
2025-07-04 14:43:17,860 - app.services.camera_manager - INFO - [webcam1] — iteration 682, calling cap.read()
2025-07-04 14:43:17,860 - app.services.camera_manager - INFO - [webcam1] — cap.read() returned ret=True
2025-07-04 14:43:17,862 - app.services.camera_manager - INFO - [webcam1] saving to C:\Users\HiDigi\OneDrive\Desktop\WebDev\FacialRecognition\static\images\frame_webcam1_8c3f3d75-63fa-4afe-8a7a-e7f493ec9919.jpg
2025-07-04 14:43:17,867 - app.services.camera_manager - INFO - [webcam1] cv2.imwrite() returned True
2025-07-04 14:43:17,938 - app.services.camera_manager - INFO - [webcam1] — iteration 683, calling cap.read()
2025-07-04 14:43:17,939 - app.services.camera_manager - INFO - [webcam1] — cap.read() returned ret=True
2025-07-04 14:43:17,940 - app.services.camera_manager - INFO - [webcam1] saving to C:\Users\HiDigi\OneDrive\Desktop\WebDev\FacialRecognition\static\images\frame_webcam1_85872a87-790d-4812-a7db-c1c85c59165a.jpg
2025-07-04 14:43:17,945 - app.services.camera_manager - INFO - [webcam1] cv2.imwrite() returned True
2025-07-04 14:43:18,015 - app.services.camera_manager - INFO - [webcam1] — iteration 684, calling cap.read()
2025-07-04 14:43:18,015 - app.services.camera_manager - INFO - [webcam1] — cap.read() returned ret=True
2025-07-04 14:43:18,017 - app.services.camera_manager - INFO - [webcam1] saving to C:\Users\HiDigi\OneDrive\Desktop\WebDev\FacialRecognition\static\images\frame_webcam1_6baecf26-4217-42b0-b70c-76b895ece9f5.jpg
2025-07-04 14:43:18,022 - app.services.camera_manager - INFO - [webcam1] cv2.imwrite() returned True
2025-07-04 14:43:18,079 - app.services.camera_manager - INFO - [webcam1] — iteration 685, calling cap.read()
2025-07-04 14:43:18,080 - app.services.camera_manager - INFO - [webcam1] — cap.read() returned ret=True
2025-07-04 14:43:18,081 - app.services.camera_manager - INFO - [webcam1] saving to C:\Users\HiDigi\OneDrive\Desktop\WebDev\FacialRecognition\static\images\frame_webcam1_1ba5659d-d9af-4a51-8e06-99ea47903598.jpg
2025-07-04 14:43:18,087 - app.services.camera_manager - INFO - [webcam1] cv2.imwrite() returned True
2025-07-04 14:43:18,156 - app.services.camera_manager - INFO - [webcam1] — iteration 686, calling cap.read()
2025-07-04 14:43:18,156 - app.services.camera_manager - INFO - [webcam1] — cap.read() returned ret=True
2025-07-04 14:43:18,158 - app.services.camera_manager - INFO - [webcam1] saving to C:\Users\HiDigi\OneDrive\Desktop\WebDev\FacialRecognition\static\images\frame_webcam1_7fb3016e-e4ee-4982-b7d8-a19555435ed3.jpg
2025-07-04 14:43:18,164 - app.services.camera_manager - INFO - [webcam1] cv2.imwrite() returned True
2025-07-04 14:43:18,234 - app.services.camera_manager - INFO - [webcam1] — iteration 687, calling cap.read()
2025-07-04 14:43:18,235 - app.services.camera_manager - INFO - [webcam1] — cap.read() returned ret=True
2025-07-04 14:43:18,236 - app.services.camera_manager - INFO - [webcam1] saving to C:\Users\HiDigi\OneDrive\Desktop\WebDev\FacialRecognition\static\images\frame_webcam1_e534aa31-7cbd-4741-96a1-22ec6f354d80.jpg
2025-07-04 14:43:18,241 - app.services.camera_manager - INFO - [webcam1] cv2.imwrite() returned True
2025-07-04 14:43:18,313 - app.services.camera_manager - INFO - [webcam1] — iteration 688, calling cap.read()
2025-07-04 14:43:18,313 - app.services.camera_manager - INFO - [webcam1] — cap.read() returned ret=True
2025-07-04 14:43:18,314 - app.services.camera_manager - INFO - [webcam1] saving to C:\Users\HiDigi\OneDrive\Desktop\WebDev\FacialRecognition\static\images\frame_webcam1_79ef1bf4-772f-4103-b85b-6f6a029df703.jpg
2025-07-04 14:43:18,320 - app.services.camera_manager - INFO - [webcam1] cv2.imwrite() returned True
2025-07-04 14:43:18,391 - app.services.camera_manager - INFO - [webcam1] — iteration 689, calling cap.read()
2025-07-04 14:43:18,391 - app.services.camera_manager - INFO - [webcam1] — cap.read() returned ret=True
2025-07-04 14:43:18,392 - app.services.camera_manager - INFO - [webcam1] saving to C:\Users\HiDigi\OneDrive\Desktop\WebDev\FacialRecognition\static\images\frame_webcam1_c018650f-901a-4803-b6a5-ff02c22bdeaf.jpg
2025-07-04 14:43:18,398 - app.services.camera_manager - INFO - [webcam1] cv2.imwrite() returned True
2025-07-04 14:43:18,467 - app.services.camera_manager - INFO - [webcam1] — iteration 690, calling cap.read()
2025-07-04 14:43:18,467 - app.services.camera_manager - INFO - [webcam1] — cap.read() returned ret=True
2025-07-04 14:43:18,468 - app.services.camera_manager - INFO - [webcam1] saving to C:\Users\HiDigi\OneDrive\Desktop\WebDev\FacialRecognition\static\images\frame_webcam1_d47dd7db-16e7-43cc-b112-9a8155d2a778.jpg
2025-07-04 14:43:18,474 - app.services.camera_manager - INFO - [webcam1] cv2.imwrite() returned True
2025-07-04 14:43:18,529 - app.services.camera_manager - INFO - [webcam1] — iteration 691, calling cap.read()
2025-07-04 14:43:18,530 - app.services.camera_manager - INFO - [webcam1] — cap.read() returned ret=True
2025-07-04 14:43:18,531 - app.services.camera_manager - INFO - [webcam1] saving to C:\Users\HiDigi\OneDrive\Desktop\WebDev\FacialRecognition\static\images\frame_webcam1_38de3210-3290-4da1-91e8-b0f262ecf724.jpg
2025-07-04 14:43:18,536 - app.services.camera_manager - INFO - [webcam1] cv2.imwrite() returned True
2025-07-04 14:43:18,605 - app.services.camera_manager - INFO - [webcam1] — iteration 692, calling cap.read()
2025-07-04 14:43:18,605 - app.services.camera_manager - INFO - [webcam1] — cap.read() returned ret=True
2025-07-04 14:43:18,607 - app.services.camera_manager - INFO - [webcam1] saving to C:\Users\HiDigi\OneDrive\Desktop\WebDev\FacialRecognition\static\images\frame_webcam1_07deb3a3-f974-4837-a73b-94f198704c1b.jpg
2025-07-04 14:43:18,612 - app.services.camera_manager - INFO - [webcam1] cv2.imwrite() returned True
2025-07-04 14:43:18,697 - app.services.camera_manager - INFO - [webcam1] — iteration 693, calling cap.read()
2025-07-04 14:43:18,697 - app.services.camera_manager - INFO - [webcam1] — cap.read() returned ret=True
2025-07-04 14:43:18,700 - app.services.camera_manager - INFO - [webcam1] saving to C:\Users\HiDigi\OneDrive\Desktop\WebDev\FacialRecognition\static\images\frame_webcam1_69cebd56-bda8-40bb-a913-06b86c15c244.jpg
2025-07-04 14:43:18,705 - app.services.camera_manager - INFO - [webcam1] cv2.imwrite() returned True
2025-07-04 14:43:18,791 - app.services.camera_manager - INFO - [webcam1] — iteration 694, calling cap.read()
2025-07-04 14:43:18,791 - app.services.camera_manager - INFO - [webcam1] — cap.read() returned ret=True
2025-07-04 14:43:18,792 - app.services.camera_manager - INFO - [webcam1] saving to C:\Users\HiDigi\OneDrive\Desktop\WebDev\FacialRecognition\static\images\frame_webcam1_35a2124c-818c-4fae-aee4-0f64155b71e5.jpg
2025-07-04 14:43:18,798 - app.services.camera_manager - INFO - [webcam1] cv2.imwrite() returned True
2025-07-04 14:43:18,883 - app.services.camera_manager - INFO - [webcam1] — iteration 695, calling cap.read()
2025-07-04 14:43:18,884 - app.services.camera_manager - INFO - [webcam1] — cap.read() returned ret=True
2025-07-04 14:43:18,885 - app.services.camera_manager - INFO - [webcam1] saving to C:\Users\HiDigi\OneDrive\Desktop\WebDev\FacialRecognition\static\images\frame_webcam1_cc5334ce-e3fa-4867-85f1-2779ce53d25a.jpg
2025-07-04 14:43:18,890 - app.services.camera_manager - INFO - [webcam1] cv2.imwrite() returned True
2025-07-04 14:43:18,975 - app.services.camera_manager - INFO - [webcam1] — iteration 696, calling cap.read()
2025-07-04 14:43:18,976 - app.services.camera_manager - INFO - [webcam1] — cap.read() returned ret=True
2025-07-04 14:43:18,977 - app.services.camera_manager - INFO - [webcam1] saving to C:\Users\HiDigi\OneDrive\Desktop\WebDev\FacialRecognition\static\images\frame_webcam1_e15d46fe-99ff-4b13-9028-56bffebcf289.jpg
2025-07-04 14:43:18,982 - app.services.camera_manager - INFO - [webcam1] cv2.imwrite() returned True
2025-07-04 14:43:19,066 - app.services.camera_manager - INFO - [webcam1] — iteration 697, calling cap.read()
2025-07-04 14:43:19,066 - app.services.camera_manager - INFO - [webcam1] — cap.read() returned ret=True
2025-07-04 14:43:19,067 - app.services.camera_manager - INFO - [webcam1] saving to C:\Users\HiDigi\OneDrive\Desktop\WebDev\FacialRecognition\static\images\frame_webcam1_da5a7d59-7c16-4676-8251-3417f85abec0.jpg
2025-07-04 14:43:19,073 - app.services.camera_manager - INFO - [webcam1] cv2.imwrite() returned True
2025-07-04 14:43:19,144 - app.services.camera_manager - INFO - [webcam1] — iteration 698, calling cap.read()
2025-07-04 14:43:19,144 - app.services.camera_manager - INFO - [webcam1] — cap.read() returned ret=True
2025-07-04 14:43:19,145 - app.services.camera_manager - INFO - [webcam1] saving to C:\Users\HiDigi\OneDrive\Desktop\WebDev\FacialRecognition\static\images\frame_webcam1_1fea48f7-5785-4090-8b36-0a956a70f5d2.jpg
2025-07-04 14:43:19,151 - app.services.camera_manager - INFO - [webcam1] cv2.imwrite() returned True
2025-07-04 14:43:19,222 - app.services.camera_manager - INFO - [webcam1] — iteration 699, calling cap.read()
2025-07-04 14:43:19,222 - app.services.camera_manager - INFO - [webcam1] — cap.read() returned ret=True
2025-07-04 14:43:19,223 - app.services.camera_manager - INFO - [webcam1] saving to C:\Users\HiDigi\OneDrive\Desktop\WebDev\FacialRecognition\static\images\frame_webcam1_c1b2959c-911d-4682-a61f-96b5462095bc.jpg
2025-07-04 14:43:19,229 - app.services.camera_manager - INFO - [webcam1] cv2.imwrite() returned True
2025-07-04 14:43:19,302 - app.services.camera_manager - INFO - [webcam1] — iteration 700, calling cap.read()
2025-07-04 14:43:19,302 - app.services.camera_manager - INFO - [webcam1] — cap.read() returned ret=True
2025-07-04 14:43:19,303 - app.services.camera_manager - INFO - [webcam1] saving to C:\Users\HiDigi\OneDrive\Desktop\WebDev\FacialRecognition\static\images\frame_webcam1_dc4fce73-cab9-4c3b-9106-faf0501ae9a3.jpg
2025-07-04 14:43:19,308 - app.services.camera_manager - INFO - [webcam1] cv2.imwrite() returned True
2025-07-04 14:43:19,395 - app.services.camera_manager - INFO - [webcam1] — iteration 701, calling cap.read()
2025-07-04 14:43:19,395 - app.services.camera_manager - INFO - [webcam1] — cap.read() returned ret=True
2025-07-04 14:43:19,396 - app.services.camera_manager - INFO - [webcam1] saving to C:\Users\HiDigi\OneDrive\Desktop\WebDev\FacialRecognition\static\images\frame_webcam1_7f94291c-485b-4ddd-acb5-87820e512fd2.jpg
2025-07-04 14:43:19,402 - app.services.camera_manager - INFO - [webcam1] cv2.imwrite() returned True
2025-07-04 14:43:19,457 - app.services.camera_manager - INFO - [webcam1] — iteration 702, calling cap.read()
2025-07-04 14:43:19,458 - app.services.camera_manager - INFO - [webcam1] — cap.read() returned ret=True
2025-07-04 14:43:19,459 - app.services.camera_manager - INFO - [webcam1] saving to C:\Users\HiDigi\OneDrive\Desktop\WebDev\FacialRecognition\static\images\frame_webcam1_ccc68792-d6e2-41a8-9330-031d437fa61f.jpg
2025-07-04 14:43:19,465 - app.services.camera_manager - INFO - [webcam1] cv2.imwrite() returned True
2025-07-04 14:43:19,535 - app.services.camera_manager - INFO - [webcam1] — iteration 703, calling cap.read()
2025-07-04 14:43:19,535 - app.services.camera_manager - INFO - [webcam1] — cap.read() returned ret=True
2025-07-04 14:43:19,536 - app.services.camera_manager - INFO - [webcam1] saving to C:\Users\HiDigi\OneDrive\Desktop\WebDev\FacialRecognition\static\images\frame_webcam1_90eeb632-8a09-45cc-8913-a2cd7305be7d.jpg
2025-07-04 14:43:19,542 - app.services.camera_manager - INFO - [webcam1] cv2.imwrite() returned True
2025-07-04 14:43:19,613 - app.services.camera_manager - INFO - [webcam1] — iteration 704, calling cap.read()
2025-07-04 14:43:19,613 - app.services.camera_manager - INFO - [webcam1] — cap.read() returned ret=True
2025-07-04 14:43:19,614 - app.services.camera_manager - INFO - [webcam1] saving to C:\Users\HiDigi\OneDrive\Desktop\WebDev\FacialRecognition\static\images\frame_webcam1_5950e637-4803-495e-b050-8d5c0886bcf6.jpg
2025-07-04 14:43:19,620 - app.services.camera_manager - INFO - [webcam1] cv2.imwrite() returned True
2025-07-04 14:43:19,691 - app.services.camera_manager - INFO - [webcam1] — iteration 705, calling cap.read()
2025-07-04 14:43:19,691 - app.services.camera_manager - INFO - [webcam1] — cap.read() returned ret=True
2025-07-04 14:43:19,693 - app.services.camera_manager - INFO - [webcam1] saving to C:\Users\HiDigi\OneDrive\Desktop\WebDev\FacialRecognition\static\images\frame_webcam1_e3c2ceab-6e95-41bd-a883-19bf7225baf7.jpg
2025-07-04 14:43:19,698 - app.services.camera_manager - INFO - [webcam1] cv2.imwrite() returned True
2025-07-04 14:43:19,770 - app.services.camera_manager - INFO - [webcam1] — iteration 706, calling cap.read()
2025-07-04 14:43:19,771 - app.services.camera_manager - INFO - [webcam1] — cap.read() returned ret=True
2025-07-04 14:43:19,772 - app.services.camera_manager - INFO - [webcam1] saving to C:\Users\HiDigi\OneDrive\Desktop\WebDev\FacialRecognition\static\images\frame_webcam1_5bee7d53-200f-4598-b68c-cf80f3f127cf.jpg
2025-07-04 14:43:19,778 - app.services.camera_manager - INFO - [webcam1] cv2.imwrite() returned True
2025-07-04 14:43:19,862 - app.services.camera_manager - INFO - [webcam1] — iteration 707, calling cap.read()
2025-07-04 14:43:19,862 - app.services.camera_manager - INFO - [webcam1] — cap.read() returned ret=True
2025-07-04 14:43:19,864 - app.services.camera_manager - INFO - [webcam1] saving to C:\Users\HiDigi\OneDrive\Desktop\WebDev\FacialRecognition\static\images\frame_webcam1_89341fe4-8a95-4cc1-8968-e4edc144fd66.jpg
2025-07-04 14:43:19,869 - app.services.camera_manager - INFO - [webcam1] cv2.imwrite() returned True
2025-07-04 14:43:19,939 - app.services.camera_manager - INFO - [webcam1] — iteration 708, calling cap.read()
2025-07-04 14:43:19,939 - app.services.camera_manager - INFO - [webcam1] — cap.read() returned ret=True
2025-07-04 14:43:19,940 - app.services.camera_manager - INFO - [webcam1] saving to C:\Users\HiDigi\OneDrive\Desktop\WebDev\FacialRecognition\static\images\frame_webcam1_7d99d254-1e39-4f9b-8100-896cc09eb692.jpg
2025-07-04 14:43:19,946 - app.services.camera_manager - INFO - [webcam1] cv2.imwrite() returned True
2025-07-04 14:43:20,015 - app.services.camera_manager - INFO - [webcam1] — iteration 709, calling cap.read()
2025-07-04 14:43:20,015 - app.services.camera_manager - INFO - [webcam1] — cap.read() returned ret=True
2025-07-04 14:43:20,016 - app.services.camera_manager - INFO - [webcam1] saving to C:\Users\HiDigi\OneDrive\Desktop\WebDev\FacialRecognition\static\images\frame_webcam1_cd11cb1e-2a4b-41b2-8fc9-20dd21418089.jpg
2025-07-04 14:43:20,022 - app.services.camera_manager - INFO - [webcam1] cv2.imwrite() returned True
2025-07-04 14:43:20,092 - app.services.camera_manager - INFO - [webcam1] — iteration 710, calling cap.read()
2025-07-04 14:43:20,093 - app.services.camera_manager - INFO - [webcam1] — cap.read() returned ret=True
2025-07-04 14:43:20,096 - app.services.camera_manager - INFO - [webcam1] saving to C:\Users\HiDigi\OneDrive\Desktop\WebDev\FacialRecognition\static\images\frame_webcam1_4e39077d-0e74-4dd4-ac0c-3521364d8472.jpg
2025-07-04 14:43:20,101 - app.services.camera_manager - INFO - [webcam1] cv2.imwrite() returned True
2025-07-04 14:43:20,170 - app.services.camera_manager - INFO - [webcam1] — iteration 711, calling cap.read()
2025-07-04 14:43:20,170 - app.services.camera_manager - INFO - [webcam1] — cap.read() returned ret=True
2025-07-04 14:43:20,172 - app.services.camera_manager - INFO - [webcam1] saving to C:\Users\HiDigi\OneDrive\Desktop\WebDev\FacialRecognition\static\images\frame_webcam1_8b107f84-dfd9-46e8-82ea-0710765d692d.jpg
2025-07-04 14:43:20,177 - app.services.camera_manager - INFO - [webcam1] cv2.imwrite() returned True
2025-07-04 14:43:20,233 - app.services.camera_manager - INFO - [webcam1] — iteration 712, calling cap.read()
2025-07-04 14:43:20,234 - app.services.camera_manager - INFO - [webcam1] — cap.read() returned ret=True
2025-07-04 14:43:20,235 - app.services.camera_manager - INFO - [webcam1] saving to C:\Users\HiDigi\OneDrive\Desktop\WebDev\FacialRecognition\static\images\frame_webcam1_dd3b921a-b37d-4e7b-be7a-d1e979207b16.jpg
2025-07-04 14:43:20,240 - app.services.camera_manager - INFO - [webcam1] cv2.imwrite() returned True
2025-07-04 14:43:20,309 - app.services.camera_manager - INFO - [webcam1] — iteration 713, calling cap.read()
2025-07-04 14:43:20,309 - app.services.camera_manager - INFO - [webcam1] — cap.read() returned ret=True
2025-07-04 14:43:20,311 - app.services.camera_manager - INFO - [webcam1] saving to C:\Users\HiDigi\OneDrive\Desktop\WebDev\FacialRecognition\static\images\frame_webcam1_04632577-22f0-4f50-8acf-373a16e107b2.jpg
2025-07-04 14:43:20,317 - app.services.camera_manager - INFO - [webcam1] cv2.imwrite() returned True
2025-07-04 14:43:20,387 - app.services.camera_manager - INFO - [webcam1] — iteration 714, calling cap.read()
2025-07-04 14:43:20,388 - app.services.camera_manager - INFO - [webcam1] — cap.read() returned ret=True
2025-07-04 14:43:20,388 - app.services.camera_manager - INFO - [webcam1] saving to C:\Users\HiDigi\OneDrive\Desktop\WebDev\FacialRecognition\static\images\frame_webcam1_c220d471-7e39-42d2-9343-001315a81731.jpg
2025-07-04 14:43:20,395 - app.services.camera_manager - INFO - [webcam1] cv2.imwrite() returned True
2025-07-04 14:43:20,464 - app.services.camera_manager - INFO - [webcam1] — iteration 715, calling cap.read()
2025-07-04 14:43:20,464 - app.services.camera_manager - INFO - [webcam1] — cap.read() returned ret=True
2025-07-04 14:43:20,465 - app.services.camera_manager - INFO - [webcam1] saving to C:\Users\HiDigi\OneDrive\Desktop\WebDev\FacialRecognition\static\images\frame_webcam1_a8a9a754-fd9a-4ae3-8312-539f18860efe.jpg
2025-07-04 14:43:20,471 - app.services.camera_manager - INFO - [webcam1] cv2.imwrite() returned True
2025-07-04 14:43:20,543 - app.services.camera_manager - INFO - [webcam1] — iteration 716, calling cap.read()
2025-07-04 14:43:20,543 - app.services.camera_manager - INFO - [webcam1] — cap.read() returned ret=True
2025-07-04 14:43:20,545 - app.services.camera_manager - INFO - [webcam1] saving to C:\Users\HiDigi\OneDrive\Desktop\WebDev\FacialRecognition\static\images\frame_webcam1_1a55bb17-f74f-4714-bbd0-8307debae69d.jpg
2025-07-04 14:43:20,550 - app.services.camera_manager - INFO - [webcam1] cv2.imwrite() returned True
2025-07-04 14:43:20,635 - app.services.camera_manager - INFO - [webcam1] — iteration 717, calling cap.read()
2025-07-04 14:43:20,635 - app.services.camera_manager - INFO - [webcam1] — cap.read() returned ret=True
2025-07-04 14:43:20,636 - app.services.camera_manager - INFO - [webcam1] saving to C:\Users\HiDigi\OneDrive\Desktop\WebDev\FacialRecognition\static\images\frame_webcam1_b0497771-6284-4504-90d0-9d6dd12a23aa.jpg
2025-07-04 14:43:20,642 - app.services.camera_manager - INFO - [webcam1] cv2.imwrite() returned True
2025-07-04 14:43:20,729 - app.services.camera_manager - INFO - [webcam1] — iteration 718, calling cap.read()
2025-07-04 14:43:20,730 - app.services.camera_manager - INFO - [webcam1] — cap.read() returned ret=True
2025-07-04 14:43:20,731 - app.services.camera_manager - INFO - [webcam1] saving to C:\Users\HiDigi\OneDrive\Desktop\WebDev\FacialRecognition\static\images\frame_webcam1_be640394-8513-4022-afe2-1352885327da.jpg
2025-07-04 14:43:20,737 - app.services.camera_manager - INFO - [webcam1] cv2.imwrite() returned True
2025-07-04 14:43:20,823 - app.services.camera_manager - INFO - [webcam1] — iteration 719, calling cap.read()
2025-07-04 14:43:20,824 - app.services.camera_manager - INFO - [webcam1] — cap.read() returned ret=True
2025-07-04 14:43:20,825 - app.services.camera_manager - INFO - [webcam1] saving to C:\Users\HiDigi\OneDrive\Desktop\WebDev\FacialRecognition\static\images\frame_webcam1_5da2077e-f14c-42dd-9ba8-bf57db7c618a.jpg
2025-07-04 14:43:20,830 - app.services.camera_manager - INFO - [webcam1] cv2.imwrite() returned True
2025-07-04 14:43:20,915 - app.services.camera_manager - INFO - [webcam1] — iteration 720, calling cap.read()
2025-07-04 14:43:20,916 - app.services.camera_manager - INFO - [webcam1] — cap.read() returned ret=True
2025-07-04 14:43:20,917 - app.services.camera_manager - INFO - [webcam1] saving to C:\Users\HiDigi\OneDrive\Desktop\WebDev\FacialRecognition\static\images\frame_webcam1_ec3448bb-d685-419b-9da9-3e6f04f520dc.jpg
2025-07-04 14:43:20,922 - app.services.camera_manager - INFO - [webcam1] cv2.imwrite() returned True
2025-07-04 14:43:21,007 - app.services.camera_manager - INFO - [webcam1] — iteration 721, calling cap.read()
2025-07-04 14:43:21,008 - app.services.camera_manager - INFO - [webcam1] — cap.read() returned ret=True
2025-07-04 14:43:21,008 - app.services.camera_manager - INFO - [webcam1] saving to C:\Users\HiDigi\OneDrive\Desktop\WebDev\FacialRecognition\static\images\frame_webcam1_535ec273-7fe2-4f9a-aba7-f6cfea9d6f40.jpg
2025-07-04 14:43:21,014 - app.services.camera_manager - INFO - [webcam1] cv2.imwrite() returned True
2025-07-04 14:43:21,100 - app.services.camera_manager - INFO - [webcam1] — iteration 722, calling cap.read()
2025-07-04 14:43:21,101 - app.services.camera_manager - INFO - [webcam1] — cap.read() returned ret=True
2025-07-04 14:43:21,102 - app.services.camera_manager - INFO - [webcam1] saving to C:\Users\HiDigi\OneDrive\Desktop\WebDev\FacialRecognition\static\images\frame_webcam1_9d230993-f991-4d3b-901c-f244cff4be59.jpg
2025-07-04 14:43:21,108 - app.services.camera_manager - INFO - [webcam1] cv2.imwrite() returned True
2025-07-04 14:43:21,192 - app.services.camera_manager - INFO - [webcam1] — iteration 723, calling cap.read()
2025-07-04 14:43:21,195 - app.services.camera_manager - INFO - [webcam1] — cap.read() returned ret=True
2025-07-04 14:43:21,199 - app.services.camera_manager - INFO - [webcam1] saving to C:\Users\HiDigi\OneDrive\Desktop\WebDev\FacialRecognition\static\images\frame_webcam1_607a5240-5648-43ce-87c2-020c49c7f99f.jpg
2025-07-04 14:43:21,209 - app.services.camera_manager - INFO - [webcam1] cv2.imwrite() returned True
2025-07-04 14:43:21,287 - app.services.camera_manager - INFO - [webcam1] — iteration 724, calling cap.read()
2025-07-04 14:43:21,287 - app.services.camera_manager - INFO - [webcam1] — cap.read() returned ret=True
2025-07-04 14:43:21,288 - app.services.camera_manager - INFO - [webcam1] saving to C:\Users\HiDigi\OneDrive\Desktop\WebDev\FacialRecognition\static\images\frame_webcam1_adb705dd-bb99-4848-b867-7d24b5f43ddd.jpg
2025-07-04 14:43:21,294 - app.services.camera_manager - INFO - [webcam1] cv2.imwrite() returned True
2025-07-04 14:43:21,379 - app.services.camera_manager - INFO - [webcam1] — iteration 725, calling cap.read()
2025-07-04 14:43:21,380 - app.services.camera_manager - INFO - [webcam1] — cap.read() returned ret=True
2025-07-04 14:43:21,381 - app.services.camera_manager - INFO - [webcam1] saving to C:\Users\HiDigi\OneDrive\Desktop\WebDev\FacialRecognition\static\images\frame_webcam1_1ae14412-1f41-4c15-bfea-80de395aee2f.jpg
2025-07-04 14:43:21,388 - app.services.camera_manager - INFO - [webcam1] cv2.imwrite() returned True
2025-07-04 14:43:21,471 - app.services.camera_manager - INFO - [webcam1] — iteration 726, calling cap.read()
2025-07-04 14:43:21,472 - app.services.camera_manager - INFO - [webcam1] — cap.read() returned ret=True
2025-07-04 14:43:21,472 - app.services.camera_manager - INFO - [webcam1] saving to C:\Users\HiDigi\OneDrive\Desktop\WebDev\FacialRecognition\static\images\frame_webcam1_03c658d0-56f4-495b-9b5a-6147cec084b7.jpg
2025-07-04 14:43:21,478 - app.services.camera_manager - INFO - [webcam1] cv2.imwrite() returned True
2025-07-04 14:43:21,550 - app.services.camera_manager - INFO - [webcam1] — iteration 727, calling cap.read()
2025-07-04 14:43:21,552 - app.services.camera_manager - INFO - [webcam1] — cap.read() returned ret=True
2025-07-04 14:43:21,556 - app.services.camera_manager - INFO - [webcam1] saving to C:\Users\HiDigi\OneDrive\Desktop\WebDev\FacialRecognition\static\images\frame_webcam1_f264fa4b-e438-4d5e-ae1d-e43b7d10c34d.jpg
2025-07-04 14:43:21,565 - app.services.camera_manager - INFO - [webcam1] cv2.imwrite() returned True
2025-07-04 14:43:21,627 - app.services.camera_manager - INFO - [webcam1] — iteration 728, calling cap.read()
2025-07-04 14:43:21,628 - app.services.camera_manager - INFO - [webcam1] — cap.read() returned ret=True
2025-07-04 14:43:21,629 - app.services.camera_manager - INFO - [webcam1] saving to C:\Users\HiDigi\OneDrive\Desktop\WebDev\FacialRecognition\static\images\frame_webcam1_5e3644b5-d89a-4089-b3cb-a23848b6900a.jpg
2025-07-04 14:43:21,635 - app.services.camera_manager - INFO - [webcam1] cv2.imwrite() returned True
2025-07-04 14:43:21,703 - app.services.camera_manager - INFO - [webcam1] — iteration 729, calling cap.read()
2025-07-04 14:43:21,704 - app.services.camera_manager - INFO - [webcam1] — cap.read() returned ret=True
2025-07-04 14:43:21,705 - app.services.camera_manager - INFO - [webcam1] saving to C:\Users\HiDigi\OneDrive\Desktop\WebDev\FacialRecognition\static\images\frame_webcam1_8de09f88-715c-4246-87c3-8174d5218c91.jpg
2025-07-04 14:43:21,711 - app.services.camera_manager - INFO - [webcam1] cv2.imwrite() returned True
2025-07-04 14:43:21,781 - app.services.camera_manager - INFO - [webcam1] — iteration 730, calling cap.read()
2025-07-04 14:43:21,782 - app.services.camera_manager - INFO - [webcam1] — cap.read() returned ret=True
2025-07-04 14:43:21,783 - app.services.camera_manager - INFO - [webcam1] saving to C:\Users\HiDigi\OneDrive\Desktop\WebDev\FacialRecognition\static\images\frame_webcam1_c5685535-e855-42fb-851d-f7095048bfff.jpg
2025-07-04 14:43:21,788 - app.services.camera_manager - INFO - [webcam1] cv2.imwrite() returned True
2025-07-04 14:43:21,844 - app.services.camera_manager - INFO - [webcam1] — iteration 731, calling cap.read()
2025-07-04 14:43:21,844 - app.services.camera_manager - INFO - [webcam1] — cap.read() returned ret=True
2025-07-04 14:43:21,845 - app.services.camera_manager - INFO - [webcam1] saving to C:\Users\HiDigi\OneDrive\Desktop\WebDev\FacialRecognition\static\images\frame_webcam1_674aadd6-8c09-48e5-abf0-2bf35c7f34f2.jpg
2025-07-04 14:43:21,852 - app.services.camera_manager - INFO - [webcam1] cv2.imwrite() returned True
2025-07-04 14:43:21,934 - app.services.camera_manager - INFO - [webcam1] — iteration 732, calling cap.read()
2025-07-04 14:43:21,935 - app.services.camera_manager - INFO - [webcam1] — cap.read() returned ret=True
2025-07-04 14:43:21,936 - app.services.camera_manager - INFO - [webcam1] saving to C:\Users\HiDigi\OneDrive\Desktop\WebDev\FacialRecognition\static\images\frame_webcam1_99ac37e5-83ed-469b-8c65-6916508714b7.jpg
2025-07-04 14:43:21,941 - app.services.camera_manager - INFO - [webcam1] cv2.imwrite() returned True
2025-07-04 14:43:22,012 - app.services.camera_manager - INFO - [webcam1] — iteration 733, calling cap.read()
2025-07-04 14:43:22,012 - app.services.camera_manager - INFO - [webcam1] — cap.read() returned ret=True
2025-07-04 14:43:22,013 - app.services.camera_manager - INFO - [webcam1] saving to C:\Users\HiDigi\OneDrive\Desktop\WebDev\FacialRecognition\static\images\frame_webcam1_a205910e-5477-4269-b693-35cba4eae29b.jpg
2025-07-04 14:43:22,019 - app.services.camera_manager - INFO - [webcam1] cv2.imwrite() returned True
2025-07-04 14:43:22,105 - app.services.camera_manager - INFO - [webcam1] — iteration 734, calling cap.read()
2025-07-04 14:43:22,107 - app.services.camera_manager - INFO - [webcam1] — cap.read() returned ret=True
2025-07-04 14:43:22,110 - app.services.camera_manager - INFO - [webcam1] saving to C:\Users\HiDigi\OneDrive\Desktop\WebDev\FacialRecognition\static\images\frame_webcam1_79ced7ed-0063-43ff-9cd4-be5d66833f45.jpg
2025-07-04 14:43:22,115 - app.services.camera_manager - INFO - [webcam1] cv2.imwrite() returned True
2025-07-04 14:43:22,196 - app.services.camera_manager - INFO - [webcam1] — iteration 735, calling cap.read()
2025-07-04 14:43:22,197 - app.services.camera_manager - INFO - [webcam1] — cap.read() returned ret=True
2025-07-04 14:43:22,198 - app.services.camera_manager - INFO - [webcam1] saving to C:\Users\HiDigi\OneDrive\Desktop\WebDev\FacialRecognition\static\images\frame_webcam1_5812aba4-b0ea-4a6e-88d1-3325b03e0d89.jpg
2025-07-04 14:43:22,203 - app.services.camera_manager - INFO - [webcam1] cv2.imwrite() returned True
2025-07-04 14:43:22,288 - app.services.camera_manager - INFO - [webcam1] — iteration 736, calling cap.read()
2025-07-04 14:43:22,289 - app.services.camera_manager - INFO - [webcam1] — cap.read() returned ret=True
2025-07-04 14:43:22,290 - app.services.camera_manager - INFO - [webcam1] saving to C:\Users\HiDigi\OneDrive\Desktop\WebDev\FacialRecognition\static\images\frame_webcam1_e8fa574e-8608-432e-9b65-c67c2664c9e7.jpg
2025-07-04 14:43:22,295 - app.services.camera_manager - INFO - [webcam1] cv2.imwrite() returned True
2025-07-04 14:43:22,365 - app.services.camera_manager - INFO - [webcam1] — iteration 737, calling cap.read()
2025-07-04 14:43:22,366 - app.services.camera_manager - INFO - [webcam1] — cap.read() returned ret=True
2025-07-04 14:43:22,367 - app.services.camera_manager - INFO - [webcam1] saving to C:\Users\HiDigi\OneDrive\Desktop\WebDev\FacialRecognition\static\images\frame_webcam1_12299997-b449-41d4-aa3a-d3503c726065.jpg
2025-07-04 14:43:22,373 - app.services.camera_manager - INFO - [webcam1] cv2.imwrite() returned True
2025-07-04 14:43:22,443 - app.services.camera_manager - INFO - [webcam1] — iteration 738, calling cap.read()
2025-07-04 14:43:22,443 - app.services.camera_manager - INFO - [webcam1] — cap.read() returned ret=True
2025-07-04 14:43:22,444 - app.services.camera_manager - INFO - [webcam1] saving to C:\Users\HiDigi\OneDrive\Desktop\WebDev\FacialRecognition\static\images\frame_webcam1_6836f02a-f6e0-4a9c-ac98-176d9aa113d5.jpg
2025-07-04 14:43:22,451 - app.services.camera_manager - INFO - [webcam1] cv2.imwrite() returned True
2025-07-04 14:43:22,537 - app.services.camera_manager - INFO - [webcam1] — iteration 739, calling cap.read()
2025-07-04 14:43:22,537 - app.services.camera_manager - INFO - [webcam1] — cap.read() returned ret=True
2025-07-04 14:43:22,539 - app.services.camera_manager - INFO - [webcam1] saving to C:\Users\HiDigi\OneDrive\Desktop\WebDev\FacialRecognition\static\images\frame_webcam1_a08c8eb5-5aa0-4530-9960-cab75eda9f92.jpg
2025-07-04 14:43:22,545 - app.services.camera_manager - INFO - [webcam1] cv2.imwrite() returned True
2025-07-04 14:43:22,632 - app.services.camera_manager - INFO - [webcam1] — iteration 740, calling cap.read()
2025-07-04 14:43:22,632 - app.services.camera_manager - INFO - [webcam1] — cap.read() returned ret=True
2025-07-04 14:43:22,633 - app.services.camera_manager - INFO - [webcam1] saving to C:\Users\HiDigi\OneDrive\Desktop\WebDev\FacialRecognition\static\images\frame_webcam1_752dfef4-bf4f-4dd2-bb28-bd008f2b9da9.jpg
2025-07-04 14:43:22,640 - app.services.camera_manager - INFO - [webcam1] cv2.imwrite() returned True
2025-07-04 14:43:22,725 - app.services.camera_manager - INFO - [webcam1] — iteration 741, calling cap.read()
2025-07-04 14:43:22,725 - app.services.camera_manager - INFO - [webcam1] — cap.read() returned ret=True
2025-07-04 14:43:22,727 - app.services.camera_manager - INFO - [webcam1] saving to C:\Users\HiDigi\OneDrive\Desktop\WebDev\FacialRecognition\static\images\frame_webcam1_4f9f355b-62de-4ab9-a678-f96ce7fbec89.jpg
2025-07-04 14:43:22,732 - app.services.camera_manager - INFO - [webcam1] cv2.imwrite() returned True
2025-07-04 14:43:22,820 - app.services.camera_manager - INFO - [webcam1] — iteration 742, calling cap.read()
2025-07-04 14:43:22,821 - app.services.camera_manager - INFO - [webcam1] — cap.read() returned ret=True
2025-07-04 14:43:22,824 - app.services.camera_manager - INFO - [webcam1] saving to C:\Users\HiDigi\OneDrive\Desktop\WebDev\FacialRecognition\static\images\frame_webcam1_c1738774-2fd2-42f9-b62d-9b515d3b241f.jpg
2025-07-04 14:43:22,830 - app.services.camera_manager - INFO - [webcam1] cv2.imwrite() returned True
2025-07-04 14:43:22,912 - app.services.camera_manager - INFO - [webcam1] — iteration 743, calling cap.read()
2025-07-04 14:43:22,913 - app.services.camera_manager - INFO - [webcam1] — cap.read() returned ret=True
2025-07-04 14:43:22,914 - app.services.camera_manager - INFO - [webcam1] saving to C:\Users\HiDigi\OneDrive\Desktop\WebDev\FacialRecognition\static\images\frame_webcam1_4f9eb756-99e2-4d16-a230-9c2d6c2b314f.jpg
2025-07-04 14:43:22,919 - app.services.camera_manager - INFO - [webcam1] cv2.imwrite() returned True
2025-07-04 14:43:23,005 - app.services.camera_manager - INFO - [webcam1] — iteration 744, calling cap.read()
2025-07-04 14:43:23,006 - app.services.camera_manager - INFO - [webcam1] — cap.read() returned ret=True
2025-07-04 14:43:23,006 - app.services.camera_manager - INFO - [webcam1] saving to C:\Users\HiDigi\OneDrive\Desktop\WebDev\FacialRecognition\static\images\frame_webcam1_3f960767-67e1-46b2-b566-dc1fe0a68379.jpg
2025-07-04 14:43:23,012 - app.services.camera_manager - INFO - [webcam1] cv2.imwrite() returned True
2025-07-04 14:43:23,098 - app.services.camera_manager - INFO - [webcam1] — iteration 745, calling cap.read()
2025-07-04 14:43:23,099 - app.services.camera_manager - INFO - [webcam1] — cap.read() returned ret=True
2025-07-04 14:43:23,099 - app.services.camera_manager - INFO - [webcam1] saving to C:\Users\HiDigi\OneDrive\Desktop\WebDev\FacialRecognition\static\images\frame_webcam1_d25ca546-9ec4-4358-acdc-ce72d9ef6426.jpg
2025-07-04 14:43:23,105 - app.services.camera_manager - INFO - [webcam1] cv2.imwrite() returned True
2025-07-04 14:43:23,160 - app.services.camera_manager - INFO - [webcam1] — iteration 746, calling cap.read()
2025-07-04 14:43:23,160 - app.services.camera_manager - INFO - [webcam1] — cap.read() returned ret=True
2025-07-04 14:43:23,161 - app.services.camera_manager - INFO - [webcam1] saving to C:\Users\HiDigi\OneDrive\Desktop\WebDev\FacialRecognition\static\images\frame_webcam1_1e63bb80-21e1-4e1d-8192-ddf862d1f88a.jpg
2025-07-04 14:43:23,168 - app.services.camera_manager - INFO - [webcam1] cv2.imwrite() returned True
2025-07-04 14:43:23,238 - app.services.camera_manager - INFO - [webcam1] — iteration 747, calling cap.read()
2025-07-04 14:43:23,238 - app.services.camera_manager - INFO - [webcam1] — cap.read() returned ret=True
2025-07-04 14:43:23,239 - app.services.camera_manager - INFO - [webcam1] saving to C:\Users\HiDigi\OneDrive\Desktop\WebDev\FacialRecognition\static\images\frame_webcam1_fcdc9a2c-4340-4658-9e3c-5b041a231dc9.jpg
2025-07-04 14:43:23,245 - app.services.camera_manager - INFO - [webcam1] cv2.imwrite() returned True
2025-07-04 14:43:23,331 - app.services.camera_manager - INFO - [webcam1] — iteration 748, calling cap.read()
2025-07-04 14:43:23,332 - app.services.camera_manager - INFO - [webcam1] — cap.read() returned ret=True
2025-07-04 14:43:23,332 - app.services.camera_manager - INFO - [webcam1] saving to C:\Users\HiDigi\OneDrive\Desktop\WebDev\FacialRecognition\static\images\frame_webcam1_0bceb803-a467-453c-88e5-d46fe7e49b65.jpg
2025-07-04 14:43:23,338 - app.services.camera_manager - INFO - [webcam1] cv2.imwrite() returned True
2025-07-04 14:43:23,408 - app.services.camera_manager - INFO - [webcam1] — iteration 749, calling cap.read()
2025-07-04 14:43:23,410 - app.services.camera_manager - INFO - [webcam1] — cap.read() returned ret=True
2025-07-04 14:43:23,411 - app.services.camera_manager - INFO - [webcam1] saving to C:\Users\HiDigi\OneDrive\Desktop\WebDev\FacialRecognition\static\images\frame_webcam1_16208566-ba59-404c-8248-7321686ba4c8.jpg
2025-07-04 14:43:23,416 - app.services.camera_manager - INFO - [webcam1] cv2.imwrite() returned True
2025-07-04 14:43:23,485 - app.services.camera_manager - INFO - [webcam1] — iteration 750, calling cap.read()
2025-07-04 14:43:23,485 - app.services.camera_manager - INFO - [webcam1] — cap.read() returned ret=True
2025-07-04 14:43:23,486 - app.services.camera_manager - INFO - [webcam1] saving to C:\Users\HiDigi\OneDrive\Desktop\WebDev\FacialRecognition\static\images\frame_webcam1_bdeac123-da2e-4cc8-88f9-2cb452e09e38.jpg
2025-07-04 14:43:23,492 - app.services.camera_manager - INFO - [webcam1] cv2.imwrite() returned True
2025-07-04 14:43:23,564 - app.services.camera_manager - INFO - [webcam1] — iteration 751, calling cap.read()
2025-07-04 14:43:23,564 - app.services.camera_manager - INFO - [webcam1] — cap.read() returned ret=True
2025-07-04 14:43:23,565 - app.services.camera_manager - INFO - [webcam1] saving to C:\Users\HiDigi\OneDrive\Desktop\WebDev\FacialRecognition\static\images\frame_webcam1_f00c4342-e07f-4f33-809b-e01a7e0f6848.jpg
2025-07-04 14:43:23,571 - app.services.camera_manager - INFO - [webcam1] cv2.imwrite() returned True
2025-07-04 14:43:23,641 - app.services.camera_manager - INFO - [webcam1] — iteration 752, calling cap.read()
2025-07-04 14:43:23,641 - app.services.camera_manager - INFO - [webcam1] — cap.read() returned ret=True
2025-07-04 14:43:23,642 - app.services.camera_manager - INFO - [webcam1] saving to C:\Users\HiDigi\OneDrive\Desktop\WebDev\FacialRecognition\static\images\frame_webcam1_c4be1e44-50a2-403d-8216-1bae7c09b565.jpg
2025-07-04 14:43:23,648 - app.services.camera_manager - INFO - [webcam1] cv2.imwrite() returned True
2025-07-04 14:43:23,704 - app.services.camera_manager - INFO - [webcam1] — iteration 753, calling cap.read()
2025-07-04 14:43:23,704 - app.services.camera_manager - INFO - [webcam1] — cap.read() returned ret=True
2025-07-04 14:43:23,705 - app.services.camera_manager - INFO - [webcam1] saving to C:\Users\HiDigi\OneDrive\Desktop\WebDev\FacialRecognition\static\images\frame_webcam1_28992695-cb4b-4d1a-909b-862289998b6a.jpg
2025-07-04 14:43:23,711 - app.services.camera_manager - INFO - [webcam1] cv2.imwrite() returned True
2025-07-04 14:43:23,783 - app.services.camera_manager - INFO - [webcam1] — iteration 754, calling cap.read()
2025-07-04 14:43:23,783 - app.services.camera_manager - INFO - [webcam1] — cap.read() returned ret=True
2025-07-04 14:43:23,785 - app.services.camera_manager - INFO - [webcam1] saving to C:\Users\HiDigi\OneDrive\Desktop\WebDev\FacialRecognition\static\images\frame_webcam1_1d3c9377-63e3-4f67-a94e-4b26635842d4.jpg
2025-07-04 14:43:23,790 - app.services.camera_manager - INFO - [webcam1] cv2.imwrite() returned True
2025-07-04 14:43:23,860 - app.services.camera_manager - INFO - [webcam1] — iteration 755, calling cap.read()
2025-07-04 14:43:23,860 - app.services.camera_manager - INFO - [webcam1] — cap.read() returned ret=True
2025-07-04 14:43:23,862 - app.services.camera_manager - INFO - [webcam1] saving to C:\Users\HiDigi\OneDrive\Desktop\WebDev\FacialRecognition\static\images\frame_webcam1_50d13243-faf1-4685-832e-a4a8786536c6.jpg
2025-07-04 14:43:23,867 - app.services.camera_manager - INFO - [webcam1] cv2.imwrite() returned True
2025-07-04 14:43:23,937 - app.services.camera_manager - INFO - [webcam1] — iteration 756, calling cap.read()
2025-07-04 14:43:23,937 - app.services.camera_manager - INFO - [webcam1] — cap.read() returned ret=True
2025-07-04 14:43:23,938 - app.services.camera_manager - INFO - [webcam1] saving to C:\Users\HiDigi\OneDrive\Desktop\WebDev\FacialRecognition\static\images\frame_webcam1_7f22e879-8ac6-4167-832a-5ac8856106e6.jpg
2025-07-04 14:43:23,944 - app.services.camera_manager - INFO - [webcam1] cv2.imwrite() returned True
2025-07-04 14:43:24,014 - app.services.camera_manager - INFO - [webcam1] — iteration 757, calling cap.read()
2025-07-04 14:43:24,014 - app.services.camera_manager - INFO - [webcam1] — cap.read() returned ret=True
2025-07-04 14:43:24,015 - app.services.camera_manager - INFO - [webcam1] saving to C:\Users\HiDigi\OneDrive\Desktop\WebDev\FacialRecognition\static\images\frame_webcam1_c975a87d-5255-499a-a754-73e7410b7ef7.jpg
2025-07-04 14:43:24,021 - app.services.camera_manager - INFO - [webcam1] cv2.imwrite() returned True
2025-07-04 14:43:24,091 - app.services.camera_manager - INFO - [webcam1] — iteration 758, calling cap.read()
2025-07-04 14:43:24,091 - app.services.camera_manager - INFO - [webcam1] — cap.read() returned ret=True
2025-07-04 14:43:24,092 - app.services.camera_manager - INFO - [webcam1] saving to C:\Users\HiDigi\OneDrive\Desktop\WebDev\FacialRecognition\static\images\frame_webcam1_45df7f64-80b9-4a70-8320-40349c2ffe7f.jpg
2025-07-04 14:43:24,098 - app.services.camera_manager - INFO - [webcam1] cv2.imwrite() returned True
2025-07-04 14:43:24,183 - app.services.camera_manager - INFO - [webcam1] — iteration 759, calling cap.read()
2025-07-04 14:43:24,185 - app.services.camera_manager - INFO - [webcam1] — cap.read() returned ret=True
2025-07-04 14:43:24,186 - app.services.camera_manager - INFO - [webcam1] saving to C:\Users\HiDigi\OneDrive\Desktop\WebDev\FacialRecognition\static\images\frame_webcam1_9101f653-d7ac-4eb7-b5a6-a89c6d61cf8f.jpg
2025-07-04 14:43:24,192 - app.services.camera_manager - INFO - [webcam1] cv2.imwrite() returned True
2025-07-04 14:43:24,261 - app.services.camera_manager - INFO - [webcam1] — iteration 760, calling cap.read()
2025-07-04 14:43:24,261 - app.services.camera_manager - INFO - [webcam1] — cap.read() returned ret=True
2025-07-04 14:43:24,263 - app.services.camera_manager - INFO - [webcam1] saving to C:\Users\HiDigi\OneDrive\Desktop\WebDev\FacialRecognition\static\images\frame_webcam1_15095e6a-6625-48d4-9995-7564ed50d26b.jpg
2025-07-04 14:43:24,268 - app.services.camera_manager - INFO - [webcam1] cv2.imwrite() returned True
2025-07-04 14:43:24,338 - app.services.camera_manager - INFO - [webcam1] — iteration 761, calling cap.read()
2025-07-04 14:43:24,339 - app.services.camera_manager - INFO - [webcam1] — cap.read() returned ret=True
2025-07-04 14:43:24,340 - app.services.camera_manager - INFO - [webcam1] saving to C:\Users\HiDigi\OneDrive\Desktop\WebDev\FacialRecognition\static\images\frame_webcam1_9a2ad3c4-6db5-483b-8dbd-9d9522eb6f6f.jpg
2025-07-04 14:43:24,345 - app.services.camera_manager - INFO - [webcam1] cv2.imwrite() returned True
2025-07-04 14:43:24,430 - app.services.camera_manager - INFO - [webcam1] — iteration 762, calling cap.read()
2025-07-04 14:43:24,430 - app.services.camera_manager - INFO - [webcam1] — cap.read() returned ret=True
2025-07-04 14:43:24,432 - app.services.camera_manager - INFO - [webcam1] saving to C:\Users\HiDigi\OneDrive\Desktop\WebDev\FacialRecognition\static\images\frame_webcam1_26b99894-df6f-4915-a130-4389e0276893.jpg
2025-07-04 14:43:24,438 - app.services.camera_manager - INFO - [webcam1] cv2.imwrite() returned True
2025-07-04 14:43:24,524 - app.services.camera_manager - INFO - [webcam1] — iteration 763, calling cap.read()
2025-07-04 14:43:24,524 - app.services.camera_manager - INFO - [webcam1] — cap.read() returned ret=True
2025-07-04 14:43:24,525 - app.services.camera_manager - INFO - [webcam1] saving to C:\Users\HiDigi\OneDrive\Desktop\WebDev\FacialRecognition\static\images\frame_webcam1_a4123776-598c-46f3-bd03-bba8f51ea461.jpg
2025-07-04 14:43:24,531 - app.services.camera_manager - INFO - [webcam1] cv2.imwrite() returned True
2025-07-04 14:43:24,617 - app.services.camera_manager - INFO - [webcam1] — iteration 764, calling cap.read()
2025-07-04 14:43:24,618 - app.services.camera_manager - INFO - [webcam1] — cap.read() returned ret=True
2025-07-04 14:43:24,619 - app.services.camera_manager - INFO - [webcam1] saving to C:\Users\HiDigi\OneDrive\Desktop\WebDev\FacialRecognition\static\images\frame_webcam1_6e982970-486b-4a91-ad21-5dd9f7117a52.jpg
2025-07-04 14:43:24,626 - app.services.camera_manager - INFO - [webcam1] cv2.imwrite() returned True
2025-07-04 14:43:24,710 - app.services.camera_manager - INFO - [webcam1] — iteration 765, calling cap.read()
2025-07-04 14:43:24,711 - app.services.camera_manager - INFO - [webcam1] — cap.read() returned ret=True
2025-07-04 14:43:24,712 - app.services.camera_manager - INFO - [webcam1] saving to C:\Users\HiDigi\OneDrive\Desktop\WebDev\FacialRecognition\static\images\frame_webcam1_ebf30539-3bd4-4605-a11f-9e4ab4cf74d0.jpg
2025-07-04 14:43:24,720 - app.services.camera_manager - INFO - [webcam1] cv2.imwrite() returned True
2025-07-04 14:43:24,803 - app.services.camera_manager - INFO - [webcam1] — iteration 766, calling cap.read()
2025-07-04 14:43:24,806 - app.services.camera_manager - INFO - [webcam1] — cap.read() returned ret=True
2025-07-04 14:43:24,809 - app.services.camera_manager - INFO - [webcam1] saving to C:\Users\HiDigi\OneDrive\Desktop\WebDev\FacialRecognition\static\images\frame_webcam1_3b8acb87-9883-4cec-a8df-506970b05a48.jpg
2025-07-04 14:43:24,820 - app.services.camera_manager - INFO - [webcam1] cv2.imwrite() returned True
2025-07-04 14:43:24,881 - app.services.camera_manager - INFO - [webcam1] — iteration 767, calling cap.read()
2025-07-04 14:43:24,881 - app.services.camera_manager - INFO - [webcam1] — cap.read() returned ret=True
2025-07-04 14:43:24,883 - app.services.camera_manager - INFO - [webcam1] saving to C:\Users\HiDigi\OneDrive\Desktop\WebDev\FacialRecognition\static\images\frame_webcam1_00cdf29e-a5cb-4d08-83fc-61f49c9b66d3.jpg
2025-07-04 14:43:24,888 - app.services.camera_manager - INFO - [webcam1] cv2.imwrite() returned True
2025-07-04 14:43:24,958 - app.services.camera_manager - INFO - [webcam1] — iteration 768, calling cap.read()
2025-07-04 14:43:24,959 - app.services.camera_manager - INFO - [webcam1] — cap.read() returned ret=True
2025-07-04 14:43:24,960 - app.services.camera_manager - INFO - [webcam1] saving to C:\Users\HiDigi\OneDrive\Desktop\WebDev\FacialRecognition\static\images\frame_webcam1_b70e34a3-959d-4b56-b590-599de8e98e9d.jpg
2025-07-04 14:43:24,966 - app.services.camera_manager - INFO - [webcam1] cv2.imwrite() returned True
2025-07-04 14:43:25,052 - app.services.camera_manager - INFO - [webcam1] — iteration 769, calling cap.read()
2025-07-04 14:43:25,052 - app.services.camera_manager - INFO - [webcam1] — cap.read() returned ret=True
2025-07-04 14:43:25,053 - app.services.camera_manager - INFO - [webcam1] saving to C:\Users\HiDigi\OneDrive\Desktop\WebDev\FacialRecognition\static\images\frame_webcam1_8bba14af-6c0a-4b71-a5a5-741062fd4ffb.jpg
2025-07-04 14:43:25,059 - app.services.camera_manager - INFO - [webcam1] cv2.imwrite() returned True
2025-07-04 14:43:25,146 - app.services.camera_manager - INFO - [webcam1] — iteration 770, calling cap.read()
2025-07-04 14:43:25,146 - app.services.camera_manager - INFO - [webcam1] — cap.read() returned ret=True
2025-07-04 14:43:25,147 - app.services.camera_manager - INFO - [webcam1] saving to C:\Users\HiDigi\OneDrive\Desktop\WebDev\FacialRecognition\static\images\frame_webcam1_d13ef3d6-8ed0-4810-8e33-09fd9c7d60ab.jpg
2025-07-04 14:43:25,153 - app.services.camera_manager - INFO - [webcam1] cv2.imwrite() returned True
2025-07-04 14:43:25,238 - app.services.camera_manager - INFO - [webcam1] — iteration 771, calling cap.read()
2025-07-04 14:43:25,238 - app.services.camera_manager - INFO - [webcam1] — cap.read() returned ret=True
2025-07-04 14:43:25,240 - app.services.camera_manager - INFO - [webcam1] saving to C:\Users\HiDigi\OneDrive\Desktop\WebDev\FacialRecognition\static\images\frame_webcam1_61df17f6-c685-4117-86e6-f347ee8b90ae.jpg
2025-07-04 14:43:25,245 - app.services.camera_manager - INFO - [webcam1] cv2.imwrite() returned True
2025-07-04 14:43:25,331 - app.services.camera_manager - INFO - [webcam1] — iteration 772, calling cap.read()
2025-07-04 14:43:25,332 - app.services.camera_manager - INFO - [webcam1] — cap.read() returned ret=True
2025-07-04 14:43:25,333 - app.services.camera_manager - INFO - [webcam1] saving to C:\Users\HiDigi\OneDrive\Desktop\WebDev\FacialRecognition\static\images\frame_webcam1_ee830f08-78a3-4b54-b7c9-d1373e512148.jpg
2025-07-04 14:43:25,339 - app.services.camera_manager - INFO - [webcam1] cv2.imwrite() returned True
2025-07-04 14:43:25,392 - app.services.camera_manager - INFO - [webcam1] — iteration 773, calling cap.read()
2025-07-04 14:43:25,392 - app.services.camera_manager - INFO - [webcam1] — cap.read() returned ret=True
2025-07-04 14:43:25,393 - app.services.camera_manager - INFO - [webcam1] saving to C:\Users\HiDigi\OneDrive\Desktop\WebDev\FacialRecognition\static\images\frame_webcam1_37036270-eddd-4dab-9a55-627f2b0a3ee6.jpg
2025-07-04 14:43:25,399 - app.services.camera_manager - INFO - [webcam1] cv2.imwrite() returned True
2025-07-04 14:43:25,471 - app.services.camera_manager - INFO - [webcam1] — iteration 774, calling cap.read()
2025-07-04 14:43:25,471 - app.services.camera_manager - INFO - [webcam1] — cap.read() returned ret=True
2025-07-04 14:43:25,473 - app.services.camera_manager - INFO - [webcam1] saving to C:\Users\HiDigi\OneDrive\Desktop\WebDev\FacialRecognition\static\images\frame_webcam1_07183282-62a8-4d38-8f84-e0ac4bdb74de.jpg
2025-07-04 14:43:25,478 - app.services.camera_manager - INFO - [webcam1] cv2.imwrite() returned True
2025-07-04 14:43:25,549 - app.services.camera_manager - INFO - [webcam1] — iteration 775, calling cap.read()
2025-07-04 14:43:25,550 - app.services.camera_manager - INFO - [webcam1] — cap.read() returned ret=True
2025-07-04 14:43:25,551 - app.services.camera_manager - INFO - [webcam1] saving to C:\Users\HiDigi\OneDrive\Desktop\WebDev\FacialRecognition\static\images\frame_webcam1_90b590ca-c49b-4575-a9d5-c2b106e3119a.jpg
2025-07-04 14:43:25,557 - app.services.camera_manager - INFO - [webcam1] cv2.imwrite() returned True
2025-07-04 14:43:25,625 - app.services.camera_manager - INFO - [webcam1] — iteration 776, calling cap.read()
2025-07-04 14:43:25,625 - app.services.camera_manager - INFO - [webcam1] — cap.read() returned ret=True
2025-07-04 14:43:25,626 - app.services.camera_manager - INFO - [webcam1] saving to C:\Users\HiDigi\OneDrive\Desktop\WebDev\FacialRecognition\static\images\frame_webcam1_a0e85653-c5a8-4517-bde2-89518ae2a2b6.jpg
2025-07-04 14:43:25,632 - app.services.camera_manager - INFO - [webcam1] cv2.imwrite() returned True
2025-07-04 14:43:25,703 - app.services.camera_manager - INFO - [webcam1] — iteration 777, calling cap.read()
2025-07-04 14:43:25,704 - app.services.camera_manager - INFO - [webcam1] — cap.read() returned ret=True
2025-07-04 14:43:25,704 - app.services.camera_manager - INFO - [webcam1] saving to C:\Users\HiDigi\OneDrive\Desktop\WebDev\FacialRecognition\static\images\frame_webcam1_c9e8795b-e4eb-4da6-a7f6-63a1633f7db8.jpg
2025-07-04 14:43:25,710 - app.services.camera_manager - INFO - [webcam1] cv2.imwrite() returned True
2025-07-04 14:43:25,781 - app.services.camera_manager - INFO - [webcam1] — iteration 778, calling cap.read()
2025-07-04 14:43:25,782 - app.services.camera_manager - INFO - [webcam1] — cap.read() returned ret=True
2025-07-04 14:43:25,783 - app.services.camera_manager - INFO - [webcam1] saving to C:\Users\HiDigi\OneDrive\Desktop\WebDev\FacialRecognition\static\images\frame_webcam1_b59fd0ba-69ad-486f-a0d3-beaf3984660c.jpg
2025-07-04 14:43:25,789 - app.services.camera_manager - INFO - [webcam1] cv2.imwrite() returned True
2025-07-04 14:43:25,843 - app.services.camera_manager - INFO - [webcam1] — iteration 779, calling cap.read()
2025-07-04 14:43:25,844 - app.services.camera_manager - INFO - [webcam1] — cap.read() returned ret=True
2025-07-04 14:43:25,845 - app.services.camera_manager - INFO - [webcam1] saving to C:\Users\HiDigi\OneDrive\Desktop\WebDev\FacialRecognition\static\images\frame_webcam1_275fc893-5ffa-4496-a9e7-8677398fbdf2.jpg
2025-07-04 14:43:25,851 - app.services.camera_manager - INFO - [webcam1] cv2.imwrite() returned True
2025-07-04 14:43:25,921 - app.services.camera_manager - INFO - [webcam1] — iteration 780, calling cap.read()
2025-07-04 14:43:25,922 - app.services.camera_manager - INFO - [webcam1] — cap.read() returned ret=True
2025-07-04 14:43:25,923 - app.services.camera_manager - INFO - [webcam1] saving to C:\Users\HiDigi\OneDrive\Desktop\WebDev\FacialRecognition\static\images\frame_webcam1_4c6657d3-5854-42c7-b8e1-d35e23cdbd9c.jpg
2025-07-04 14:43:25,932 - app.services.camera_manager - INFO - [webcam1] cv2.imwrite() returned True
2025-07-04 14:43:25,999 - app.services.camera_manager - INFO - [webcam1] — iteration 781, calling cap.read()
2025-07-04 14:43:25,999 - app.services.camera_manager - INFO - [webcam1] — cap.read() returned ret=True
2025-07-04 14:43:26,001 - app.services.camera_manager - INFO - [webcam1] saving to C:\Users\HiDigi\OneDrive\Desktop\WebDev\FacialRecognition\static\images\frame_webcam1_d4c60628-d2f8-42ce-bc88-c82b0164f78b.jpg
2025-07-04 14:43:26,007 - app.services.camera_manager - INFO - [webcam1] cv2.imwrite() returned True
2025-07-04 14:43:26,076 - app.services.camera_manager - INFO - [webcam1] — iteration 782, calling cap.read()
2025-07-04 14:43:26,077 - app.services.camera_manager - INFO - [webcam1] — cap.read() returned ret=True
2025-07-04 14:43:26,078 - app.services.camera_manager - INFO - [webcam1] saving to C:\Users\HiDigi\OneDrive\Desktop\WebDev\FacialRecognition\static\images\frame_webcam1_21545949-ad86-4bf1-aaa7-c6fa7ff43b99.jpg
2025-07-04 14:43:26,083 - app.services.camera_manager - INFO - [webcam1] cv2.imwrite() returned True
2025-07-04 14:43:26,153 - app.services.camera_manager - INFO - [webcam1] — iteration 783, calling cap.read()
2025-07-04 14:43:26,154 - app.services.camera_manager - INFO - [webcam1] — cap.read() returned ret=True
2025-07-04 14:43:26,155 - app.services.camera_manager - INFO - [webcam1] saving to C:\Users\HiDigi\OneDrive\Desktop\WebDev\FacialRecognition\static\images\frame_webcam1_d91ea008-3f3a-4c5c-b197-c7adb82e587d.jpg
2025-07-04 14:43:26,163 - app.services.camera_manager - INFO - [webcam1] cv2.imwrite() returned True
2025-07-04 14:43:26,232 - app.services.camera_manager - INFO - [webcam1] — iteration 784, calling cap.read()
2025-07-04 14:43:26,233 - app.services.camera_manager - INFO - [webcam1] — cap.read() returned ret=True
2025-07-04 14:43:26,234 - app.services.camera_manager - INFO - [webcam1] saving to C:\Users\HiDigi\OneDrive\Desktop\WebDev\FacialRecognition\static\images\frame_webcam1_a6522b4b-05f9-4003-8958-d402c2a524b8.jpg
2025-07-04 14:43:26,240 - app.services.camera_manager - INFO - [webcam1] cv2.imwrite() returned True
2025-07-04 14:43:26,310 - app.services.camera_manager - INFO - [webcam1] — iteration 785, calling cap.read()
2025-07-04 14:43:26,311 - app.services.camera_manager - INFO - [webcam1] — cap.read() returned ret=True
2025-07-04 14:43:26,311 - app.services.camera_manager - INFO - [webcam1] saving to C:\Users\HiDigi\OneDrive\Desktop\WebDev\FacialRecognition\static\images\frame_webcam1_3cc4097c-86cc-4334-a0fa-062951fc271a.jpg
2025-07-04 14:43:26,318 - app.services.camera_manager - INFO - [webcam1] cv2.imwrite() returned True
2025-07-04 14:43:26,387 - app.services.camera_manager - INFO - [webcam1] — iteration 786, calling cap.read()
2025-07-04 14:43:26,387 - app.services.camera_manager - INFO - [webcam1] — cap.read() returned ret=True
2025-07-04 14:43:26,388 - app.services.camera_manager - INFO - [webcam1] saving to C:\Users\HiDigi\OneDrive\Desktop\WebDev\FacialRecognition\static\images\frame_webcam1_2c2a3e0e-713a-4238-b634-8dea3ac2a0a8.jpg
2025-07-04 14:43:26,394 - app.services.camera_manager - INFO - [webcam1] cv2.imwrite() returned True
2025-07-04 14:43:26,479 - app.services.camera_manager - INFO - [webcam1] — iteration 787, calling cap.read()
2025-07-04 14:43:26,479 - app.services.camera_manager - INFO - [webcam1] — cap.read() returned ret=True
2025-07-04 14:43:26,480 - app.services.camera_manager - INFO - [webcam1] saving to C:\Users\HiDigi\OneDrive\Desktop\WebDev\FacialRecognition\static\images\frame_webcam1_dcc5446c-5a15-454b-9d9c-a5fdb3a4aff9.jpg
2025-07-04 14:43:26,485 - app.services.camera_manager - INFO - [webcam1] cv2.imwrite() returned True
2025-07-04 14:43:26,573 - app.services.camera_manager - INFO - [webcam1] — iteration 788, calling cap.read()
2025-07-04 14:43:26,574 - app.services.camera_manager - INFO - [webcam1] — cap.read() returned ret=True
2025-07-04 14:43:26,575 - app.services.camera_manager - INFO - [webcam1] saving to C:\Users\HiDigi\OneDrive\Desktop\WebDev\FacialRecognition\static\images\frame_webcam1_85571a3d-4a18-4c17-a294-8197c586c436.jpg
2025-07-04 14:43:26,580 - app.services.camera_manager - INFO - [webcam1] cv2.imwrite() returned True
2025-07-04 14:43:26,666 - app.services.camera_manager - INFO - [webcam1] — iteration 789, calling cap.read()
2025-07-04 14:43:26,667 - app.services.camera_manager - INFO - [webcam1] — cap.read() returned ret=True
2025-07-04 14:43:26,668 - app.services.camera_manager - INFO - [webcam1] saving to C:\Users\HiDigi\OneDrive\Desktop\WebDev\FacialRecognition\static\images\frame_webcam1_e2f0e591-5038-4ab7-bc8b-eb1c4d32c440.jpg
2025-07-04 14:43:26,674 - app.services.camera_manager - INFO - [webcam1] cv2.imwrite() returned True
2025-07-04 14:43:26,761 - app.services.camera_manager - INFO - [webcam1] — iteration 790, calling cap.read()
2025-07-04 14:43:26,761 - app.services.camera_manager - INFO - [webcam1] — cap.read() returned ret=True
2025-07-04 14:43:26,762 - app.services.camera_manager - INFO - [webcam1] saving to C:\Users\HiDigi\OneDrive\Desktop\WebDev\FacialRecognition\static\images\frame_webcam1_16f5d5bb-121a-4d0d-a996-e025876ec23e.jpg
2025-07-04 14:43:26,769 - app.services.camera_manager - INFO - [webcam1] cv2.imwrite() returned True
2025-07-04 14:43:26,855 - app.services.camera_manager - INFO - [webcam1] — iteration 791, calling cap.read()
2025-07-04 14:43:26,855 - app.services.camera_manager - INFO - [webcam1] — cap.read() returned ret=True
2025-07-04 14:43:26,857 - app.services.camera_manager - INFO - [webcam1] saving to C:\Users\HiDigi\OneDrive\Desktop\WebDev\FacialRecognition\static\images\frame_webcam1_14e1dddf-e053-4bcd-a97e-0e028a0724e6.jpg
2025-07-04 14:43:26,864 - app.services.camera_manager - INFO - [webcam1] cv2.imwrite() returned True
2025-07-04 14:43:26,934 - app.services.camera_manager - INFO - [webcam1] — iteration 792, calling cap.read()
2025-07-04 14:43:26,934 - app.services.camera_manager - INFO - [webcam1] — cap.read() returned ret=True
2025-07-04 14:43:26,935 - app.services.camera_manager - INFO - [webcam1] saving to C:\Users\HiDigi\OneDrive\Desktop\WebDev\FacialRecognition\static\images\frame_webcam1_3257dce8-31b9-454f-90a0-a1168851c8bd.jpg
2025-07-04 14:43:26,942 - app.services.camera_manager - INFO - [webcam1] cv2.imwrite() returned True
2025-07-04 14:43:27,011 - app.services.camera_manager - INFO - [webcam1] — iteration 793, calling cap.read()
2025-07-04 14:43:27,012 - app.services.camera_manager - INFO - [webcam1] — cap.read() returned ret=True
2025-07-04 14:43:27,012 - app.services.camera_manager - INFO - [webcam1] saving to C:\Users\HiDigi\OneDrive\Desktop\WebDev\FacialRecognition\static\images\frame_webcam1_069e7d1d-2ae6-4d37-9bcc-616cc2ba8198.jpg
2025-07-04 14:43:27,018 - app.services.camera_manager - INFO - [webcam1] cv2.imwrite() returned True
2025-07-04 14:43:27,104 - app.services.camera_manager - INFO - [webcam1] — iteration 794, calling cap.read()
2025-07-04 14:43:27,104 - app.services.camera_manager - INFO - [webcam1] — cap.read() returned ret=True
2025-07-04 14:43:27,106 - app.services.camera_manager - INFO - [webcam1] saving to C:\Users\HiDigi\OneDrive\Desktop\WebDev\FacialRecognition\static\images\frame_webcam1_0e761e0d-1d74-44af-8381-cdeee24b656b.jpg
2025-07-04 14:43:27,112 - app.services.camera_manager - INFO - [webcam1] cv2.imwrite() returned True
2025-07-04 14:43:27,198 - app.services.camera_manager - INFO - [webcam1] — iteration 795, calling cap.read()
2025-07-04 14:43:27,199 - app.services.camera_manager - INFO - [webcam1] — cap.read() returned ret=True
2025-07-04 14:43:27,200 - app.services.camera_manager - INFO - [webcam1] saving to C:\Users\HiDigi\OneDrive\Desktop\WebDev\FacialRecognition\static\images\frame_webcam1_386acf0b-416c-4ca8-aded-40efb4345700.jpg
2025-07-04 14:43:27,205 - app.services.camera_manager - INFO - [webcam1] cv2.imwrite() returned True
2025-07-04 14:43:27,291 - app.services.camera_manager - INFO - [webcam1] — iteration 796, calling cap.read()
2025-07-04 14:43:27,292 - app.services.camera_manager - INFO - [webcam1] — cap.read() returned ret=True
2025-07-04 14:43:27,293 - app.services.camera_manager - INFO - [webcam1] saving to C:\Users\HiDigi\OneDrive\Desktop\WebDev\FacialRecognition\static\images\frame_webcam1_0fbe6810-bd29-4ba0-a000-d5e767f3de91.jpg
2025-07-04 14:43:27,298 - app.services.camera_manager - INFO - [webcam1] cv2.imwrite() returned True
2025-07-04 14:43:27,385 - app.services.camera_manager - INFO - [webcam1] — iteration 797, calling cap.read()
2025-07-04 14:43:27,386 - app.services.camera_manager - INFO - [webcam1] — cap.read() returned ret=True
2025-07-04 14:43:27,387 - app.services.camera_manager - INFO - [webcam1] saving to C:\Users\HiDigi\OneDrive\Desktop\WebDev\FacialRecognition\static\images\frame_webcam1_7931d0a9-0007-4f50-a248-fda67b668f0a.jpg
2025-07-04 14:43:27,393 - app.services.camera_manager - INFO - [webcam1] cv2.imwrite() returned True
2025-07-04 14:43:27,477 - app.services.camera_manager - INFO - [webcam1] — iteration 798, calling cap.read()
2025-07-04 14:43:27,478 - app.services.camera_manager - INFO - [webcam1] — cap.read() returned ret=True
2025-07-04 14:43:27,479 - app.services.camera_manager - INFO - [webcam1] saving to C:\Users\HiDigi\OneDrive\Desktop\WebDev\FacialRecognition\static\images\frame_webcam1_bbed5b29-09e0-4c6d-8dd7-ea6dc27ab46a.jpg
2025-07-04 14:43:27,484 - app.services.camera_manager - INFO - [webcam1] cv2.imwrite() returned True
2025-07-04 14:43:27,570 - app.services.camera_manager - INFO - [webcam1] — iteration 799, calling cap.read()
2025-07-04 14:43:27,570 - app.services.camera_manager - INFO - [webcam1] — cap.read() returned ret=True
2025-07-04 14:43:27,571 - app.services.camera_manager - INFO - [webcam1] saving to C:\Users\HiDigi\OneDrive\Desktop\WebDev\FacialRecognition\static\images\frame_webcam1_9d566fe4-68bf-4772-a690-5ceae7269b30.jpg
2025-07-04 14:43:27,578 - app.services.camera_manager - INFO - [webcam1] cv2.imwrite() returned True
2025-07-04 14:43:27,663 - app.services.camera_manager - INFO - [webcam1] — iteration 800, calling cap.read()
2025-07-04 14:43:27,665 - app.services.camera_manager - INFO - [webcam1] — cap.read() returned ret=True
2025-07-04 14:43:27,665 - app.services.camera_manager - INFO - [webcam1] saving to C:\Users\HiDigi\OneDrive\Desktop\WebDev\FacialRecognition\static\images\frame_webcam1_76dab943-86bb-47bf-8ad8-521bb1653b5e.jpg
2025-07-04 14:43:27,670 - app.services.camera_manager - INFO - [webcam1] cv2.imwrite() returned True
2025-07-04 14:43:27,754 - app.services.camera_manager - INFO - [webcam1] — iteration 801, calling cap.read()
2025-07-04 14:43:27,755 - app.services.camera_manager - INFO - [webcam1] — cap.read() returned ret=True
2025-07-04 14:43:27,756 - app.services.camera_manager - INFO - [webcam1] saving to C:\Users\HiDigi\OneDrive\Desktop\WebDev\FacialRecognition\static\images\frame_webcam1_1997dd39-5d2f-4355-9840-fa195a0ebe69.jpg
2025-07-04 14:43:27,762 - app.services.camera_manager - INFO - [webcam1] cv2.imwrite() returned True
2025-07-04 14:43:27,847 - app.services.camera_manager - INFO - [webcam1] — iteration 802, calling cap.read()
2025-07-04 14:43:27,847 - app.services.camera_manager - INFO - [webcam1] — cap.read() returned ret=True
2025-07-04 14:43:27,848 - app.services.camera_manager - INFO - [webcam1] saving to C:\Users\HiDigi\OneDrive\Desktop\WebDev\FacialRecognition\static\images\frame_webcam1_bd59545f-2524-4ac2-8a19-50a202f08759.jpg
2025-07-04 14:43:27,854 - app.services.camera_manager - INFO - [webcam1] cv2.imwrite() returned True
2025-07-04 14:43:27,926 - app.services.camera_manager - INFO - [webcam1] — iteration 803, calling cap.read()
2025-07-04 14:43:27,926 - app.services.camera_manager - INFO - [webcam1] — cap.read() returned ret=True
2025-07-04 14:43:27,928 - app.services.camera_manager - INFO - [webcam1] saving to C:\Users\HiDigi\OneDrive\Desktop\WebDev\FacialRecognition\static\images\frame_webcam1_9488bcad-030c-442b-98df-ca97bd83c839.jpg
2025-07-04 14:43:27,935 - app.services.camera_manager - INFO - [webcam1] cv2.imwrite() returned True
2025-07-04 14:43:28,022 - app.services.camera_manager - INFO - [webcam1] — iteration 804, calling cap.read()
2025-07-04 14:43:28,023 - app.services.camera_manager - INFO - [webcam1] — cap.read() returned ret=True
2025-07-04 14:43:28,024 - app.services.camera_manager - INFO - [webcam1] saving to C:\Users\HiDigi\OneDrive\Desktop\WebDev\FacialRecognition\static\images\frame_webcam1_e4838812-1dee-43c5-b403-d5da5978973a.jpg
2025-07-04 14:43:28,032 - app.services.camera_manager - INFO - [webcam1] cv2.imwrite() returned True
2025-07-04 14:43:28,116 - app.services.camera_manager - INFO - [webcam1] — iteration 805, calling cap.read()
2025-07-04 14:43:28,117 - app.services.camera_manager - INFO - [webcam1] — cap.read() returned ret=True
2025-07-04 14:43:28,118 - app.services.camera_manager - INFO - [webcam1] saving to C:\Users\HiDigi\OneDrive\Desktop\WebDev\FacialRecognition\static\images\frame_webcam1_b3279636-d1ba-471a-bf01-7aab4ebcc535.jpg
2025-07-04 14:43:28,123 - app.services.camera_manager - INFO - [webcam1] cv2.imwrite() returned True
2025-07-04 14:43:28,209 - app.services.camera_manager - INFO - [webcam1] — iteration 806, calling cap.read()
2025-07-04 14:43:28,210 - app.services.camera_manager - INFO - [webcam1] — cap.read() returned ret=True
2025-07-04 14:43:28,211 - app.services.camera_manager - INFO - [webcam1] saving to C:\Users\HiDigi\OneDrive\Desktop\WebDev\FacialRecognition\static\images\frame_webcam1_c3dd9102-fea3-4e5c-9c21-751a915ea44f.jpg
2025-07-04 14:43:28,216 - app.services.camera_manager - INFO - [webcam1] cv2.imwrite() returned True
2025-07-04 14:43:28,303 - app.services.camera_manager - INFO - [webcam1] — iteration 807, calling cap.read()
2025-07-04 14:43:28,304 - app.services.camera_manager - INFO - [webcam1] — cap.read() returned ret=True
2025-07-04 14:43:28,305 - app.services.camera_manager - INFO - [webcam1] saving to C:\Users\HiDigi\OneDrive\Desktop\WebDev\FacialRecognition\static\images\frame_webcam1_bb73c395-7fa9-4813-a367-3bf85ab29f69.jpg
2025-07-04 14:43:28,311 - app.services.camera_manager - INFO - [webcam1] cv2.imwrite() returned True
2025-07-04 14:43:28,380 - app.services.camera_manager - INFO - [webcam1] — iteration 808, calling cap.read()
2025-07-04 14:43:28,381 - app.services.camera_manager - INFO - [webcam1] — cap.read() returned ret=True
2025-07-04 14:43:28,382 - app.services.camera_manager - INFO - [webcam1] saving to C:\Users\HiDigi\OneDrive\Desktop\WebDev\FacialRecognition\static\images\frame_webcam1_ea324798-d8a6-4f42-9343-145d1aa74e44.jpg
2025-07-04 14:43:28,387 - app.services.camera_manager - INFO - [webcam1] cv2.imwrite() returned True
2025-07-04 14:43:28,457 - app.services.camera_manager - INFO - [webcam1] — iteration 809, calling cap.read()
2025-07-04 14:43:28,458 - app.services.camera_manager - INFO - [webcam1] — cap.read() returned ret=True
2025-07-04 14:43:28,460 - app.services.camera_manager - INFO - [webcam1] saving to C:\Users\HiDigi\OneDrive\Desktop\WebDev\FacialRecognition\static\images\frame_webcam1_0feb6791-929d-4b30-aae9-c18c9eb5c763.jpg
2025-07-04 14:43:28,467 - app.services.camera_manager - INFO - [webcam1] cv2.imwrite() returned True
2025-07-04 14:43:28,548 - app.services.camera_manager - INFO - [webcam1] — iteration 810, calling cap.read()
2025-07-04 14:43:28,548 - app.services.camera_manager - INFO - [webcam1] — cap.read() returned ret=True
2025-07-04 14:43:28,549 - app.services.camera_manager - INFO - [webcam1] saving to C:\Users\HiDigi\OneDrive\Desktop\WebDev\FacialRecognition\static\images\frame_webcam1_8662cca5-d265-4cc7-9bae-4264a6e1250b.jpg
2025-07-04 14:43:28,555 - app.services.camera_manager - INFO - [webcam1] cv2.imwrite() returned True
2025-07-04 14:43:28,626 - app.services.camera_manager - INFO - [webcam1] — iteration 811, calling cap.read()
2025-07-04 14:43:28,626 - app.services.camera_manager - INFO - [webcam1] — cap.read() returned ret=True
2025-07-04 14:43:28,628 - app.services.camera_manager - INFO - [webcam1] saving to C:\Users\HiDigi\OneDrive\Desktop\WebDev\FacialRecognition\static\images\frame_webcam1_b2c4d78a-4d5b-497f-b795-39e23ed202ca.jpg
2025-07-04 14:43:28,634 - app.services.camera_manager - INFO - [webcam1] cv2.imwrite() returned True
2025-07-04 14:43:28,702 - app.services.camera_manager - INFO - [webcam1] — iteration 812, calling cap.read()
2025-07-04 14:43:28,702 - app.services.camera_manager - INFO - [webcam1] — cap.read() returned ret=True
2025-07-04 14:43:28,703 - app.services.camera_manager - INFO - [webcam1] saving to C:\Users\HiDigi\OneDrive\Desktop\WebDev\FacialRecognition\static\images\frame_webcam1_5f9bf65f-3d85-4a61-aef9-4de23a016572.jpg
2025-07-04 14:43:28,709 - app.services.camera_manager - INFO - [webcam1] cv2.imwrite() returned True
2025-07-04 14:43:28,778 - app.services.camera_manager - INFO - [webcam1] — iteration 813, calling cap.read()
2025-07-04 14:43:28,779 - app.services.camera_manager - INFO - [webcam1] — cap.read() returned ret=True
2025-07-04 14:43:28,780 - app.services.camera_manager - INFO - [webcam1] saving to C:\Users\HiDigi\OneDrive\Desktop\WebDev\FacialRecognition\static\images\frame_webcam1_9a083c58-f105-45f7-b5d2-098121dd182f.jpg
2025-07-04 14:43:28,785 - app.services.camera_manager - INFO - [webcam1] cv2.imwrite() returned True
2025-07-04 14:43:28,870 - app.services.camera_manager - INFO - [webcam1] — iteration 814, calling cap.read()
2025-07-04 14:43:28,870 - app.services.camera_manager - INFO - [webcam1] — cap.read() returned ret=True
2025-07-04 14:43:28,871 - app.services.camera_manager - INFO - [webcam1] saving to C:\Users\HiDigi\OneDrive\Desktop\WebDev\FacialRecognition\static\images\frame_webcam1_96255790-23da-48a6-b05a-454da9baf2fa.jpg
2025-07-04 14:43:28,877 - app.services.camera_manager - INFO - [webcam1] cv2.imwrite() returned True
2025-07-04 14:43:28,963 - app.services.camera_manager - INFO - [webcam1] — iteration 815, calling cap.read()
2025-07-04 14:43:28,963 - app.services.camera_manager - INFO - [webcam1] — cap.read() returned ret=True
2025-07-04 14:43:28,964 - app.services.camera_manager - INFO - [webcam1] saving to C:\Users\HiDigi\OneDrive\Desktop\WebDev\FacialRecognition\static\images\frame_webcam1_f7595923-c678-48a3-bce9-eeca65411af8.jpg
2025-07-04 14:43:28,970 - app.services.camera_manager - INFO - [webcam1] cv2.imwrite() returned True
2025-07-04 14:43:29,055 - app.services.camera_manager - INFO - [webcam1] — iteration 816, calling cap.read()
2025-07-04 14:43:29,055 - app.services.camera_manager - INFO - [webcam1] — cap.read() returned ret=True
2025-07-04 14:43:29,056 - app.services.camera_manager - INFO - [webcam1] saving to C:\Users\HiDigi\OneDrive\Desktop\WebDev\FacialRecognition\static\images\frame_webcam1_420f816f-0a3a-4b79-bc85-4af95862e203.jpg
2025-07-04 14:43:29,063 - app.services.camera_manager - INFO - [webcam1] cv2.imwrite() returned True
2025-07-04 14:43:29,150 - app.services.camera_manager - INFO - [webcam1] — iteration 817, calling cap.read()
2025-07-04 14:43:29,150 - app.services.camera_manager - INFO - [webcam1] — cap.read() returned ret=True
2025-07-04 14:43:29,152 - app.services.camera_manager - INFO - [webcam1] saving to C:\Users\HiDigi\OneDrive\Desktop\WebDev\FacialRecognition\static\images\frame_webcam1_82c80d89-2b82-4f40-b7a2-597cf7971e3b.jpg
2025-07-04 14:43:29,159 - app.services.camera_manager - INFO - [webcam1] cv2.imwrite() returned True
2025-07-04 14:43:29,228 - app.services.camera_manager - INFO - [webcam1] — iteration 818, calling cap.read()
2025-07-04 14:43:29,228 - app.services.camera_manager - INFO - [webcam1] — cap.read() returned ret=True
2025-07-04 14:43:29,229 - app.services.camera_manager - INFO - [webcam1] saving to C:\Users\HiDigi\OneDrive\Desktop\WebDev\FacialRecognition\static\images\frame_webcam1_79864f83-96e3-464b-b623-41b01154a597.jpg
2025-07-04 14:43:29,235 - app.services.camera_manager - INFO - [webcam1] cv2.imwrite() returned True
2025-07-04 14:43:29,307 - app.services.camera_manager - INFO - [webcam1] — iteration 819, calling cap.read()
2025-07-04 14:43:29,307 - app.services.camera_manager - INFO - [webcam1] — cap.read() returned ret=True
2025-07-04 14:43:29,308 - app.services.camera_manager - INFO - [webcam1] saving to C:\Users\HiDigi\OneDrive\Desktop\WebDev\FacialRecognition\static\images\frame_webcam1_3fe15646-d1a4-4d13-9711-d801286959ac.jpg
2025-07-04 14:43:29,314 - app.services.camera_manager - INFO - [webcam1] cv2.imwrite() returned True
2025-07-04 14:43:29,400 - app.services.camera_manager - INFO - [webcam1] — iteration 820, calling cap.read()
2025-07-04 14:43:29,401 - app.services.camera_manager - INFO - [webcam1] — cap.read() returned ret=True
2025-07-04 14:43:29,402 - app.services.camera_manager - INFO - [webcam1] saving to C:\Users\HiDigi\OneDrive\Desktop\WebDev\FacialRecognition\static\images\frame_webcam1_753cc4c3-08fb-47d2-b546-c14067cfdb1a.jpg
2025-07-04 14:43:29,409 - app.services.camera_manager - INFO - [webcam1] cv2.imwrite() returned True
2025-07-04 14:43:29,493 - app.services.camera_manager - INFO - [webcam1] — iteration 821, calling cap.read()
2025-07-04 14:43:29,493 - app.services.camera_manager - INFO - [webcam1] — cap.read() returned ret=True
2025-07-04 14:43:29,494 - app.services.camera_manager - INFO - [webcam1] saving to C:\Users\HiDigi\OneDrive\Desktop\WebDev\FacialRecognition\static\images\frame_webcam1_f451e423-088e-4df1-9c0f-8d755f72a782.jpg
2025-07-04 14:43:29,500 - app.services.camera_manager - INFO - [webcam1] cv2.imwrite() returned True
2025-07-04 14:43:29,585 - app.services.camera_manager - INFO - [webcam1] — iteration 822, calling cap.read()
2025-07-04 14:43:29,585 - app.services.camera_manager - INFO - [webcam1] — cap.read() returned ret=True
2025-07-04 14:43:29,586 - app.services.camera_manager - INFO - [webcam1] saving to C:\Users\HiDigi\OneDrive\Desktop\WebDev\FacialRecognition\static\images\frame_webcam1_74e50f32-7749-487f-aa81-2fd5a2ea0c9c.jpg
2025-07-04 14:43:29,592 - app.services.camera_manager - INFO - [webcam1] cv2.imwrite() returned True
2025-07-04 14:43:29,679 - app.services.camera_manager - INFO - [webcam1] — iteration 823, calling cap.read()
2025-07-04 14:43:29,680 - app.services.camera_manager - INFO - [webcam1] — cap.read() returned ret=True
2025-07-04 14:43:29,681 - app.services.camera_manager - INFO - [webcam1] saving to C:\Users\HiDigi\OneDrive\Desktop\WebDev\FacialRecognition\static\images\frame_webcam1_364d6e32-8c55-4c16-b291-52fb19126454.jpg
2025-07-04 14:43:29,686 - app.services.camera_manager - INFO - [webcam1] cv2.imwrite() returned True
2025-07-04 14:43:29,769 - app.services.camera_manager - INFO - [webcam1] — iteration 824, calling cap.read()
2025-07-04 14:43:29,769 - app.services.camera_manager - INFO - [webcam1] — cap.read() returned ret=True
2025-07-04 14:43:29,770 - app.services.camera_manager - INFO - [webcam1] saving to C:\Users\HiDigi\OneDrive\Desktop\WebDev\FacialRecognition\static\images\frame_webcam1_eb876c55-8b96-47a5-8f4a-0f7895957382.jpg
2025-07-04 14:43:29,778 - app.services.camera_manager - INFO - [webcam1] cv2.imwrite() returned True
2025-07-04 14:43:29,863 - app.services.camera_manager - INFO - [webcam1] — iteration 825, calling cap.read()
2025-07-04 14:43:29,863 - app.services.camera_manager - INFO - [webcam1] — cap.read() returned ret=True
2025-07-04 14:43:29,865 - app.services.camera_manager - INFO - [webcam1] saving to C:\Users\HiDigi\OneDrive\Desktop\WebDev\FacialRecognition\static\images\frame_webcam1_18bb0440-4a6e-4f15-a416-766b2ce18990.jpg
2025-07-04 14:43:29,870 - app.services.camera_manager - INFO - [webcam1] cv2.imwrite() returned True
2025-07-04 14:43:29,956 - app.services.camera_manager - INFO - [webcam1] — iteration 826, calling cap.read()
2025-07-04 14:43:29,957 - app.services.camera_manager - INFO - [webcam1] — cap.read() returned ret=True
2025-07-04 14:43:29,958 - app.services.camera_manager - INFO - [webcam1] saving to C:\Users\HiDigi\OneDrive\Desktop\WebDev\FacialRecognition\static\images\frame_webcam1_61dab378-ba80-4719-8d15-e6d2c819fbb8.jpg
2025-07-04 14:43:29,964 - app.services.camera_manager - INFO - [webcam1] cv2.imwrite() returned True
2025-07-04 14:43:30,033 - app.services.camera_manager - INFO - [webcam1] — iteration 827, calling cap.read()
2025-07-04 14:43:30,033 - app.services.camera_manager - INFO - [webcam1] — cap.read() returned ret=True
2025-07-04 14:43:30,034 - app.services.camera_manager - INFO - [webcam1] saving to C:\Users\HiDigi\OneDrive\Desktop\WebDev\FacialRecognition\static\images\frame_webcam1_a31de50a-ead4-48ec-a1ab-5c3468a70298.jpg
2025-07-04 14:43:30,040 - app.services.camera_manager - INFO - [webcam1] cv2.imwrite() returned True
2025-07-04 14:43:30,112 - app.services.camera_manager - INFO - [webcam1] — iteration 828, calling cap.read()
2025-07-04 14:43:30,112 - app.services.camera_manager - INFO - [webcam1] — cap.read() returned ret=True
2025-07-04 14:43:30,113 - app.services.camera_manager - INFO - [webcam1] saving to C:\Users\HiDigi\OneDrive\Desktop\WebDev\FacialRecognition\static\images\frame_webcam1_004841e0-cedc-456a-be5a-320c8f14ea44.jpg
2025-07-04 14:43:30,119 - app.services.camera_manager - INFO - [webcam1] cv2.imwrite() returned True
2025-07-04 14:43:30,188 - app.services.camera_manager - INFO - [webcam1] — iteration 829, calling cap.read()
2025-07-04 14:43:30,188 - app.services.camera_manager - INFO - [webcam1] — cap.read() returned ret=True
2025-07-04 14:43:30,189 - app.services.camera_manager - INFO - [webcam1] saving to C:\Users\HiDigi\OneDrive\Desktop\WebDev\FacialRecognition\static\images\frame_webcam1_9bbb36bd-cfdf-4204-b484-d9ee88d8ab12.jpg
2025-07-04 14:43:30,195 - app.services.camera_manager - INFO - [webcam1] cv2.imwrite() returned True
2025-07-04 14:43:30,251 - app.services.camera_manager - INFO - [webcam1] — iteration 830, calling cap.read()
2025-07-04 14:43:30,251 - app.services.camera_manager - INFO - [webcam1] — cap.read() returned ret=True
2025-07-04 14:43:30,253 - app.services.camera_manager - INFO - [webcam1] saving to C:\Users\HiDigi\OneDrive\Desktop\WebDev\FacialRecognition\static\images\frame_webcam1_0582f5cb-9bf2-4f41-b653-e8b5f9038e21.jpg
2025-07-04 14:43:30,259 - app.services.camera_manager - INFO - [webcam1] cv2.imwrite() returned True
2025-07-04 14:43:30,329 - app.services.camera_manager - INFO - [webcam1] — iteration 831, calling cap.read()
2025-07-04 14:43:30,329 - app.services.camera_manager - INFO - [webcam1] — cap.read() returned ret=True
2025-07-04 14:43:30,330 - app.services.camera_manager - INFO - [webcam1] saving to C:\Users\HiDigi\OneDrive\Desktop\WebDev\FacialRecognition\static\images\frame_webcam1_bad61a39-e555-4dcc-b55b-a6ae42c8a2b6.jpg
2025-07-04 14:43:30,336 - app.services.camera_manager - INFO - [webcam1] cv2.imwrite() returned True
2025-07-04 14:43:30,408 - app.services.camera_manager - INFO - [webcam1] — iteration 832, calling cap.read()
2025-07-04 14:43:30,408 - app.services.camera_manager - INFO - [webcam1] — cap.read() returned ret=True
2025-07-04 14:43:30,409 - app.services.camera_manager - INFO - [webcam1] saving to C:\Users\HiDigi\OneDrive\Desktop\WebDev\FacialRecognition\static\images\frame_webcam1_e34098f6-c917-45a0-92ef-304d335b65b7.jpg
2025-07-04 14:43:30,415 - app.services.camera_manager - INFO - [webcam1] cv2.imwrite() returned True
2025-07-04 14:43:30,471 - app.services.camera_manager - INFO - [webcam1] — iteration 833, calling cap.read()
2025-07-04 14:43:30,472 - app.services.camera_manager - INFO - [webcam1] — cap.read() returned ret=True
2025-07-04 14:43:30,473 - app.services.camera_manager - INFO - [webcam1] saving to C:\Users\HiDigi\OneDrive\Desktop\WebDev\FacialRecognition\static\images\frame_webcam1_1b7b7fc7-9ab6-49e0-ba7a-a513ed97a3a8.jpg
2025-07-04 14:43:30,478 - app.services.camera_manager - INFO - [webcam1] cv2.imwrite() returned True
2025-07-04 14:43:30,547 - app.services.camera_manager - INFO - [webcam1] — iteration 834, calling cap.read()
2025-07-04 14:43:30,547 - app.services.camera_manager - INFO - [webcam1] — cap.read() returned ret=True
2025-07-04 14:43:30,549 - app.services.camera_manager - INFO - [webcam1] saving to C:\Users\HiDigi\OneDrive\Desktop\WebDev\FacialRecognition\static\images\frame_webcam1_74a62c8f-8c5b-41e4-a3b4-5e0d00dee54a.jpg
2025-07-04 14:43:30,555 - app.services.camera_manager - INFO - [webcam1] cv2.imwrite() returned True
2025-07-04 14:43:30,625 - app.services.camera_manager - INFO - [webcam1] — iteration 835, calling cap.read()
2025-07-04 14:43:30,625 - app.services.camera_manager - INFO - [webcam1] — cap.read() returned ret=True
2025-07-04 14:43:30,627 - app.services.camera_manager - INFO - [webcam1] saving to C:\Users\HiDigi\OneDrive\Desktop\WebDev\FacialRecognition\static\images\frame_webcam1_c652c15d-5f58-4dbf-9e0d-2fef89f1f052.jpg
2025-07-04 14:43:30,632 - app.services.camera_manager - INFO - [webcam1] cv2.imwrite() returned True
2025-07-04 14:43:30,687 - app.services.camera_manager - INFO - [webcam1] — iteration 836, calling cap.read()
2025-07-04 14:43:30,688 - app.services.camera_manager - INFO - [webcam1] — cap.read() returned ret=True
2025-07-04 14:43:30,689 - app.services.camera_manager - INFO - [webcam1] saving to C:\Users\HiDigi\OneDrive\Desktop\WebDev\FacialRecognition\static\images\frame_webcam1_91fdeff4-0910-4200-a954-bc0347810ce1.jpg
2025-07-04 14:43:30,695 - app.services.camera_manager - INFO - [webcam1] cv2.imwrite() returned True
2025-07-04 14:43:30,764 - app.services.camera_manager - INFO - [webcam1] — iteration 837, calling cap.read()
2025-07-04 14:43:30,765 - app.services.camera_manager - INFO - [webcam1] — cap.read() returned ret=True
2025-07-04 14:43:30,766 - app.services.camera_manager - INFO - [webcam1] saving to C:\Users\HiDigi\OneDrive\Desktop\WebDev\FacialRecognition\static\images\frame_webcam1_fc933f76-f26d-4a51-9777-0ff84a6bed1e.jpg
2025-07-04 14:43:30,771 - app.services.camera_manager - INFO - [webcam1] cv2.imwrite() returned True
2025-07-04 14:43:30,841 - app.services.camera_manager - INFO - [webcam1] — iteration 838, calling cap.read()
2025-07-04 14:43:30,842 - app.services.camera_manager - INFO - [webcam1] — cap.read() returned ret=True
2025-07-04 14:43:30,843 - app.services.camera_manager - INFO - [webcam1] saving to C:\Users\HiDigi\OneDrive\Desktop\WebDev\FacialRecognition\static\images\frame_webcam1_6c29ed5d-2c7c-4e37-8a74-716884380f14.jpg
2025-07-04 14:43:30,848 - app.services.camera_manager - INFO - [webcam1] cv2.imwrite() returned True
2025-07-04 14:43:30,919 - app.services.camera_manager - INFO - [webcam1] — iteration 839, calling cap.read()
2025-07-04 14:43:30,919 - app.services.camera_manager - INFO - [webcam1] — cap.read() returned ret=True
2025-07-04 14:43:30,920 - app.services.camera_manager - INFO - [webcam1] saving to C:\Users\HiDigi\OneDrive\Desktop\WebDev\FacialRecognition\static\images\frame_webcam1_21e18b6e-41dc-4370-94d1-14ac384990ae.jpg
2025-07-04 14:43:30,926 - app.services.camera_manager - INFO - [webcam1] cv2.imwrite() returned True
2025-07-04 14:43:30,996 - app.services.camera_manager - INFO - [webcam1] — iteration 840, calling cap.read()
2025-07-04 14:43:30,996 - app.services.camera_manager - INFO - [webcam1] — cap.read() returned ret=True
2025-07-04 14:43:30,999 - app.services.camera_manager - INFO - [webcam1] saving to C:\Users\HiDigi\OneDrive\Desktop\WebDev\FacialRecognition\static\images\frame_webcam1_82d93865-aedc-4ec3-b0f4-fbb24f7f8bab.jpg
2025-07-04 14:43:31,007 - app.services.camera_manager - INFO - [webcam1] cv2.imwrite() returned True
2025-07-04 14:43:31,074 - app.services.camera_manager - INFO - [webcam1] — iteration 841, calling cap.read()
2025-07-04 14:43:31,075 - app.services.camera_manager - INFO - [webcam1] — cap.read() returned ret=True
2025-07-04 14:43:31,076 - app.services.camera_manager - INFO - [webcam1] saving to C:\Users\HiDigi\OneDrive\Desktop\WebDev\FacialRecognition\static\images\frame_webcam1_60b4ee50-308b-4cb2-9f33-d94c11cc20cc.jpg
2025-07-04 14:43:31,081 - app.services.camera_manager - INFO - [webcam1] cv2.imwrite() returned True
2025-07-04 14:43:31,151 - app.services.camera_manager - INFO - [webcam1] — iteration 842, calling cap.read()
2025-07-04 14:43:31,151 - app.services.camera_manager - INFO - [webcam1] — cap.read() returned ret=True
2025-07-04 14:43:31,152 - app.services.camera_manager - INFO - [webcam1] saving to C:\Users\HiDigi\OneDrive\Desktop\WebDev\FacialRecognition\static\images\frame_webcam1_84ea805c-f39b-45d1-aab9-cae5b57a2a96.jpg
2025-07-04 14:43:31,158 - app.services.camera_manager - INFO - [webcam1] cv2.imwrite() returned True
2025-07-04 14:43:31,229 - app.services.camera_manager - INFO - [webcam1] — iteration 843, calling cap.read()
2025-07-04 14:43:31,229 - app.services.camera_manager - INFO - [webcam1] — cap.read() returned ret=True
2025-07-04 14:43:31,230 - app.services.camera_manager - INFO - [webcam1] saving to C:\Users\HiDigi\OneDrive\Desktop\WebDev\FacialRecognition\static\images\frame_webcam1_ac08dbec-183f-4e4b-9633-25c475187932.jpg
2025-07-04 14:43:31,236 - app.services.camera_manager - INFO - [webcam1] cv2.imwrite() returned True
2025-07-04 14:43:31,322 - app.services.camera_manager - INFO - [webcam1] — iteration 844, calling cap.read()
2025-07-04 14:43:31,323 - app.services.camera_manager - INFO - [webcam1] — cap.read() returned ret=True
2025-07-04 14:43:31,324 - app.services.camera_manager - INFO - [webcam1] saving to C:\Users\HiDigi\OneDrive\Desktop\WebDev\FacialRecognition\static\images\frame_webcam1_11a66b21-afc8-43c0-a998-6ce1266b00d4.jpg
2025-07-04 14:43:31,330 - app.services.camera_manager - INFO - [webcam1] cv2.imwrite() returned True
2025-07-04 14:43:31,415 - app.services.camera_manager - INFO - [webcam1] — iteration 845, calling cap.read()
2025-07-04 14:43:31,415 - app.services.camera_manager - INFO - [webcam1] — cap.read() returned ret=True
2025-07-04 14:43:31,416 - app.services.camera_manager - INFO - [webcam1] saving to C:\Users\HiDigi\OneDrive\Desktop\WebDev\FacialRecognition\static\images\frame_webcam1_1247a022-f5f2-4c18-aeea-761d68758383.jpg
2025-07-04 14:43:31,422 - app.services.camera_manager - INFO - [webcam1] cv2.imwrite() returned True
2025-07-04 14:43:31,509 - app.services.camera_manager - INFO - [webcam1] — iteration 846, calling cap.read()
2025-07-04 14:43:31,509 - app.services.camera_manager - INFO - [webcam1] — cap.read() returned ret=True
2025-07-04 14:43:31,510 - app.services.camera_manager - INFO - [webcam1] saving to C:\Users\HiDigi\OneDrive\Desktop\WebDev\FacialRecognition\static\images\frame_webcam1_a2efb6a1-344e-424a-85a4-8b7df41f9da4.jpg
2025-07-04 14:43:31,516 - app.services.camera_manager - INFO - [webcam1] cv2.imwrite() returned True
2025-07-04 14:43:31,600 - app.services.camera_manager - INFO - [webcam1] — iteration 847, calling cap.read()
2025-07-04 14:43:31,601 - app.services.camera_manager - INFO - [webcam1] — cap.read() returned ret=True
2025-07-04 14:43:31,602 - app.services.camera_manager - INFO - [webcam1] saving to C:\Users\HiDigi\OneDrive\Desktop\WebDev\FacialRecognition\static\images\frame_webcam1_57e75147-ecee-4481-97a6-4c568ca01349.jpg
2025-07-04 14:43:31,608 - app.services.camera_manager - INFO - [webcam1] cv2.imwrite() returned True
2025-07-04 14:43:31,693 - app.services.camera_manager - INFO - [webcam1] — iteration 848, calling cap.read()
2025-07-04 14:43:31,693 - app.services.camera_manager - INFO - [webcam1] — cap.read() returned ret=True
2025-07-04 14:43:31,695 - app.services.camera_manager - INFO - [webcam1] saving to C:\Users\HiDigi\OneDrive\Desktop\WebDev\FacialRecognition\static\images\frame_webcam1_ce2b7b78-68de-4314-9e30-6b83df122a42.jpg
2025-07-04 14:43:31,700 - app.services.camera_manager - INFO - [webcam1] cv2.imwrite() returned True
2025-07-04 14:43:31,787 - app.services.camera_manager - INFO - [webcam1] — iteration 849, calling cap.read()
2025-07-04 14:43:31,787 - app.services.camera_manager - INFO - [webcam1] — cap.read() returned ret=True
2025-07-04 14:43:31,789 - app.services.camera_manager - INFO - [webcam1] saving to C:\Users\HiDigi\OneDrive\Desktop\WebDev\FacialRecognition\static\images\frame_webcam1_8c06e67e-5023-4ba6-adbc-52148b9d9aba.jpg
2025-07-04 14:43:31,795 - app.services.camera_manager - INFO - [webcam1] cv2.imwrite() returned True
2025-07-04 14:43:31,864 - app.services.camera_manager - INFO - [webcam1] — iteration 850, calling cap.read()
2025-07-04 14:43:31,864 - app.services.camera_manager - INFO - [webcam1] — cap.read() returned ret=True
2025-07-04 14:43:31,865 - app.services.camera_manager - INFO - [webcam1] saving to C:\Users\HiDigi\OneDrive\Desktop\WebDev\FacialRecognition\static\images\frame_webcam1_4baf4f93-fb59-49c1-bdeb-604c6f348eb3.jpg
2025-07-04 14:43:31,871 - app.services.camera_manager - INFO - [webcam1] cv2.imwrite() returned True
2025-07-04 14:43:31,941 - app.services.camera_manager - INFO - [webcam1] — iteration 851, calling cap.read()
2025-07-04 14:43:31,941 - app.services.camera_manager - INFO - [webcam1] — cap.read() returned ret=True
2025-07-04 14:43:31,942 - app.services.camera_manager - INFO - [webcam1] saving to C:\Users\HiDigi\OneDrive\Desktop\WebDev\FacialRecognition\static\images\frame_webcam1_932f8d03-817a-41a5-ab82-e74f04ad9c03.jpg
2025-07-04 14:43:31,948 - app.services.camera_manager - INFO - [webcam1] cv2.imwrite() returned True
2025-07-04 14:43:32,018 - app.services.camera_manager - INFO - [webcam1] — iteration 852, calling cap.read()
2025-07-04 14:43:32,019 - app.services.camera_manager - INFO - [webcam1] — cap.read() returned ret=True
2025-07-04 14:43:32,021 - app.services.camera_manager - INFO - [webcam1] saving to C:\Users\HiDigi\OneDrive\Desktop\WebDev\FacialRecognition\static\images\frame_webcam1_18ab814e-8d54-4c8b-90c4-1a8d96c7274d.jpg
2025-07-04 14:43:32,027 - app.services.camera_manager - INFO - [webcam1] cv2.imwrite() returned True
2025-07-04 14:43:32,095 - app.services.camera_manager - INFO - [webcam1] — iteration 853, calling cap.read()
2025-07-04 14:43:32,095 - app.services.camera_manager - INFO - [webcam1] — cap.read() returned ret=True
2025-07-04 14:43:32,096 - app.services.camera_manager - INFO - [webcam1] saving to C:\Users\HiDigi\OneDrive\Desktop\WebDev\FacialRecognition\static\images\frame_webcam1_9185acfb-3699-4463-87c8-50641ce08df9.jpg
2025-07-04 14:43:32,101 - app.services.camera_manager - INFO - [webcam1] cv2.imwrite() returned True
2025-07-04 14:43:32,173 - app.services.camera_manager - INFO - [webcam1] — iteration 854, calling cap.read()
2025-07-04 14:43:32,173 - app.services.camera_manager - INFO - [webcam1] — cap.read() returned ret=True
2025-07-04 14:43:32,175 - app.services.camera_manager - INFO - [webcam1] saving to C:\Users\HiDigi\OneDrive\Desktop\WebDev\FacialRecognition\static\images\frame_webcam1_2e57d733-ebee-41b9-8184-42dfeb4db577.jpg
2025-07-04 14:43:32,180 - app.services.camera_manager - INFO - [webcam1] cv2.imwrite() returned True
2025-07-04 14:43:32,252 - app.services.camera_manager - INFO - [webcam1] — iteration 855, calling cap.read()
2025-07-04 14:43:32,252 - app.services.camera_manager - INFO - [webcam1] — cap.read() returned ret=True
2025-07-04 14:43:32,253 - app.services.camera_manager - INFO - [webcam1] saving to C:\Users\HiDigi\OneDrive\Desktop\WebDev\FacialRecognition\static\images\frame_webcam1_8ddda252-e4f3-45e5-8536-8ac88c604830.jpg
2025-07-04 14:43:32,259 - app.services.camera_manager - INFO - [webcam1] cv2.imwrite() returned True
2025-07-04 14:43:32,313 - app.services.camera_manager - INFO - [webcam1] — iteration 856, calling cap.read()
2025-07-04 14:43:32,314 - app.services.camera_manager - INFO - [webcam1] — cap.read() returned ret=True
2025-07-04 14:43:32,315 - app.services.camera_manager - INFO - [webcam1] saving to C:\Users\HiDigi\OneDrive\Desktop\WebDev\FacialRecognition\static\images\frame_webcam1_b3af9739-2c8f-467b-8606-a32d03f8b084.jpg
2025-07-04 14:43:32,321 - app.services.camera_manager - INFO - [webcam1] cv2.imwrite() returned True
2025-07-04 14:43:32,391 - app.services.camera_manager - INFO - [webcam1] — iteration 857, calling cap.read()
2025-07-04 14:43:32,391 - app.services.camera_manager - INFO - [webcam1] — cap.read() returned ret=True
2025-07-04 14:43:32,392 - app.services.camera_manager - INFO - [webcam1] saving to C:\Users\HiDigi\OneDrive\Desktop\WebDev\FacialRecognition\static\images\frame_webcam1_e10abe53-cd7b-415a-8e70-f643c6c0fa34.jpg
2025-07-04 14:43:32,398 - app.services.camera_manager - INFO - [webcam1] cv2.imwrite() returned True
2025-07-04 14:43:32,468 - app.services.camera_manager - INFO - [webcam1] — iteration 858, calling cap.read()
2025-07-04 14:43:32,468 - app.services.camera_manager - INFO - [webcam1] — cap.read() returned ret=True
2025-07-04 14:43:32,469 - app.services.camera_manager - INFO - [webcam1] saving to C:\Users\HiDigi\OneDrive\Desktop\WebDev\FacialRecognition\static\images\frame_webcam1_b1cc5d7f-b058-4de0-abb1-3e9d05448201.jpg
2025-07-04 14:43:32,475 - app.services.camera_manager - INFO - [webcam1] cv2.imwrite() returned True
2025-07-04 14:43:32,530 - app.services.camera_manager - INFO - [webcam1] — iteration 859, calling cap.read()
2025-07-04 14:43:32,531 - app.services.camera_manager - INFO - [webcam1] — cap.read() returned ret=True
2025-07-04 14:43:32,532 - app.services.camera_manager - INFO - [webcam1] saving to C:\Users\HiDigi\OneDrive\Desktop\WebDev\FacialRecognition\static\images\frame_webcam1_0e4a88f8-cdf9-4faf-ae6d-157dbf29cadc.jpg
2025-07-04 14:43:32,538 - app.services.camera_manager - INFO - [webcam1] cv2.imwrite() returned True
2025-07-04 14:43:32,608 - app.services.camera_manager - INFO - [webcam1] — iteration 860, calling cap.read()
2025-07-04 14:43:32,609 - app.services.camera_manager - INFO - [webcam1] — cap.read() returned ret=True
2025-07-04 14:43:32,610 - app.services.camera_manager - INFO - [webcam1] saving to C:\Users\HiDigi\OneDrive\Desktop\WebDev\FacialRecognition\static\images\frame_webcam1_2f1391c6-2dfc-4455-89e8-8c2d7ddf613a.jpg
2025-07-04 14:43:32,616 - app.services.camera_manager - INFO - [webcam1] cv2.imwrite() returned True
2025-07-04 14:43:32,684 - app.services.camera_manager - INFO - [webcam1] — iteration 861, calling cap.read()
2025-07-04 14:43:32,685 - app.services.camera_manager - INFO - [webcam1] — cap.read() returned ret=True
2025-07-04 14:43:32,686 - app.services.camera_manager - INFO - [webcam1] saving to C:\Users\HiDigi\OneDrive\Desktop\WebDev\FacialRecognition\static\images\frame_webcam1_8a15d897-a96d-48be-80c6-6d0370c0ff95.jpg
2025-07-04 14:43:32,692 - app.services.camera_manager - INFO - [webcam1] cv2.imwrite() returned True
2025-07-04 14:43:32,760 - app.services.camera_manager - INFO - [webcam1] — iteration 862, calling cap.read()
2025-07-04 14:43:32,761 - app.services.camera_manager - INFO - [webcam1] — cap.read() returned ret=True
2025-07-04 14:43:32,762 - app.services.camera_manager - INFO - [webcam1] saving to C:\Users\HiDigi\OneDrive\Desktop\WebDev\FacialRecognition\static\images\frame_webcam1_e635a65d-7b95-4646-97d8-f3d02995958c.jpg
2025-07-04 14:43:32,767 - app.services.camera_manager - INFO - [webcam1] cv2.imwrite() returned True
2025-07-04 14:43:32,838 - app.services.camera_manager - INFO - [webcam1] — iteration 863, calling cap.read()
2025-07-04 14:43:32,839 - app.services.camera_manager - INFO - [webcam1] — cap.read() returned ret=True
2025-07-04 14:43:32,840 - app.services.camera_manager - INFO - [webcam1] saving to C:\Users\HiDigi\OneDrive\Desktop\WebDev\FacialRecognition\static\images\frame_webcam1_42dd3322-4b2a-4cec-ae94-7fc110a186f4.jpg
2025-07-04 14:43:32,845 - app.services.camera_manager - INFO - [webcam1] cv2.imwrite() returned True
2025-07-04 14:43:32,931 - app.services.camera_manager - INFO - [webcam1] — iteration 864, calling cap.read()
2025-07-04 14:43:32,931 - app.services.camera_manager - INFO - [webcam1] — cap.read() returned ret=True
2025-07-04 14:43:32,933 - app.services.camera_manager - INFO - [webcam1] saving to C:\Users\HiDigi\OneDrive\Desktop\WebDev\FacialRecognition\static\images\frame_webcam1_271d2dc3-d406-47d0-84bb-111217d26719.jpg
2025-07-04 14:43:32,938 - app.services.camera_manager - INFO - [webcam1] cv2.imwrite() returned True
2025-07-04 14:43:33,025 - app.services.camera_manager - INFO - [webcam1] — iteration 865, calling cap.read()
2025-07-04 14:43:33,026 - app.services.camera_manager - INFO - [webcam1] — cap.read() returned ret=True
2025-07-04 14:43:33,030 - app.services.camera_manager - INFO - [webcam1] saving to C:\Users\HiDigi\OneDrive\Desktop\WebDev\FacialRecognition\static\images\frame_webcam1_e80a97b1-5b61-4c38-b1c7-0c50bd79554c.jpg
2025-07-04 14:43:33,035 - app.services.camera_manager - INFO - [webcam1] cv2.imwrite() returned True
2025-07-04 14:43:33,119 - app.services.camera_manager - INFO - [webcam1] — iteration 866, calling cap.read()
2025-07-04 14:43:33,119 - app.services.camera_manager - INFO - [webcam1] — cap.read() returned ret=True
2025-07-04 14:43:33,120 - app.services.camera_manager - INFO - [webcam1] saving to C:\Users\HiDigi\OneDrive\Desktop\WebDev\FacialRecognition\static\images\frame_webcam1_d130bd14-1340-4c81-9b41-846234cdad7a.jpg
2025-07-04 14:43:33,125 - app.services.camera_manager - INFO - [webcam1] cv2.imwrite() returned True
2025-07-04 14:43:33,181 - app.api.v1.ws_router - INFO - [WS] Client disconnected -> total clients = 0
2025-07-04 14:43:33,211 - app.services.camera_manager - INFO - [webcam1] — iteration 867, calling cap.read()
2025-07-04 14:43:33,212 - app.services.camera_manager - INFO - [webcam1] — cap.read() returned ret=True
2025-07-04 14:43:33,213 - app.services.camera_manager - INFO - [webcam1] saving to C:\Users\HiDigi\OneDrive\Desktop\WebDev\FacialRecognition\static\images\frame_webcam1_913b61a2-ce66-4dfb-8322-428f2368b213.jpg
2025-07-04 14:43:33,220 - app.services.camera_manager - INFO - [webcam1] cv2.imwrite() returned True
2025-07-04 14:43:33,288 - app.services.camera_manager - INFO - [webcam1] — iteration 868, calling cap.read()
2025-07-04 14:43:33,289 - app.services.camera_manager - INFO - [webcam1] — cap.read() returned ret=True
2025-07-04 14:43:33,289 - app.services.camera_manager - INFO - [webcam1] saving to C:\Users\HiDigi\OneDrive\Desktop\WebDev\FacialRecognition\static\images\frame_webcam1_967dbbb0-cd77-4de6-b1ee-249993084d8c.jpg
2025-07-04 14:43:33,295 - app.services.camera_manager - INFO - [webcam1] cv2.imwrite() returned True
2025-07-04 14:43:33,295 - app.main - INFO - CCTV System shutting down...
2025-07-04 14:43:33,556 - app.main - INFO - Cleanup complete
2025-07-04 14:43:33,556 - app.main - INFO - Shutting down...
2025-07-04 14:53:53,510 - app.main - INFO - Ensuring C:\Users\HiDigi\OneDrive\Desktop\WebDev\FacialRecognition\static\images exists…
2025-07-04 14:53:53,541 - app.main - INFO - Initializing database...
2025-07-04 14:53:53,615 - app.main - INFO - CCTV System starting up...
2025-07-04 14:54:06,843 - app.services.camera_manager - INFO - Camera webcam1 added (web)
2025-07-04 14:54:10,742 - app.services.camera_manager - INFO - [webcam1] entering stream loop (fps=15)
2025-07-04 14:54:43,975 - app.main - INFO - CCTV System shutting down...
2025-07-04 14:54:44,231 - app.main - INFO - Cleanup complete
2025-07-04 14:54:44,231 - app.main - INFO - Shutting down...
2025-07-04 15:10:44,177 - app.main - INFO - Ensuring C:\Users\HiDigi\OneDrive\Desktop\WebDev\FacialRecognition\static\images exists…
2025-07-04 15:10:44,209 - app.main - INFO - Initializing database...
2025-07-04 15:10:44,304 - app.main - INFO - CCTV System starting up...
2025-07-04 15:11:01,847 - app.services.camera_manager - INFO - Camera webcam1 added (web)
2025-07-04 15:11:10,833 - app.services.camera_manager - INFO - [webcam1] entering stream loop (fps=15)
2025-07-04 15:11:18,443 - app.api.v1.ws_router - INFO - [WS] Client disconnected -> total queues = 0
2025-07-04 15:12:10,370 - app.main - INFO - CCTV System shutting down...
2025-07-04 15:12:10,647 - app.main - INFO - Cleanup complete
2025-07-04 15:12:10,647 - app.main - INFO - Shutting down...
2025-07-04 15:12:14,237 - app.main - INFO - Ensuring C:\Users\HiDigi\OneDrive\Desktop\WebDev\FacialRecognition\static\images exists…
2025-07-04 15:12:14,269 - app.main - INFO - Initializing database...
2025-07-04 15:12:14,355 - app.main - INFO - CCTV System starting up...
2025-07-04 15:12:24,995 - app.services.camera_manager - INFO - Camera webcam1 added (web)
2025-07-04 15:12:30,889 - app.services.camera_manager - INFO - [webcam1] entering stream loop (fps=15)
2025-07-04 15:13:02,237 - app.api.v1.ws_router - INFO - [WS] Client disconnected -> total queues = 0
2025-07-04 15:13:02,346 - app.main - INFO - CCTV System shutting down...
2025-07-04 15:13:02,608 - app.main - INFO - Cleanup complete
2025-07-04 15:13:02,608 - app.main - INFO - Shutting down...
2025-07-04 15:13:06,653 - app.main - INFO - Ensuring C:\Users\HiDigi\OneDrive\Desktop\WebDev\FacialRecognition\static\images exists…
2025-07-04 15:13:06,690 - app.main - INFO - Initializing database...
2025-07-04 15:13:06,780 - app.main - INFO - CCTV System starting up...
2025-07-04 15:13:19,924 - app.services.camera_manager - INFO - Camera webcam1 added (web)
2025-07-04 15:13:26,352 - app.services.camera_manager - INFO - [webcam1] entering stream loop (fps=15)
2025-07-04 15:13:29,980 - app.api.v1.ws_router - INFO - [WS] Client connected -> total queues = 1
2025-07-04 15:14:55,456 - app.api.v1.ws_router - INFO - [WS] Client disconnected -> total queues = 0
2025-07-04 15:14:55,756 - app.api.v1.ws_router - INFO - [WS] Client connected -> total queues = 1
2025-07-04 15:18:22,464 - app.api.v1.ws_router - INFO - [WS] Client disconnected -> total queues = 0
2025-07-04 15:18:22,781 - app.api.v1.ws_router - INFO - [WS] Client connected -> total queues = 1
2025-07-04 15:22:11,980 - app.api.v1.ws_router - INFO - [WS] Client disconnected -> total queues = 0
2025-07-04 15:22:12,066 - app.main - INFO - CCTV System shutting down...
2025-07-04 15:22:12,322 - app.main - INFO - Cleanup complete
2025-07-04 15:22:12,323 - app.main - INFO - Shutting down...
2025-07-04 15:22:16,958 - app.main - INFO - Ensuring C:\Users\HiDigi\OneDrive\Desktop\WebDev\FacialRecognition\static\images exists…
2025-07-04 15:22:16,990 - app.main - INFO - Initializing database...
2025-07-04 15:22:17,074 - app.main - INFO - CCTV System starting up...
2025-07-04 15:22:29,741 - app.services.camera_manager - INFO - Camera webcam1 added (web)
2025-07-04 15:22:34,517 - app.services.camera_manager - INFO - [webcam1] entering stream loop (fps=15)
2025-07-04 15:22:45,114 - app.api.v1.ws_router - INFO - [WS] Client connected -> total queues = 1
2025-07-04 15:22:45,187 - app.api.v1.ws_router - ERROR - [WS] sender error: too many values to unpack (expected 2)
2025-07-04 15:23:35,435 - app.api.v1.ws_router - INFO - [WS] Client disconnected -> total queues = 0
2025-07-04 15:23:35,543 - app.main - INFO - CCTV System shutting down...
2025-07-04 15:23:35,802 - app.main - INFO - Cleanup complete
2025-07-04 15:23:35,802 - app.main - INFO - Shutting down...
2025-07-04 15:23:41,092 - app.main - INFO - Ensuring C:\Users\HiDigi\OneDrive\Desktop\WebDev\FacialRecognition\static\images exists…
2025-07-04 15:23:41,125 - app.main - INFO - Initializing database...
2025-07-04 15:23:41,217 - app.main - INFO - CCTV System starting up...
2025-07-04 15:23:56,618 - app.services.camera_manager - INFO - Camera webcam1 added (web)
2025-07-04 15:24:04,672 - app.services.camera_manager - INFO - [webcam1] entering stream loop (fps=15)
2025-07-04 15:24:10,630 - app.api.v1.ws_router - INFO - [WS] Client connected -> total queues = 1
2025-07-04 15:26:33,451 - app.api.v1.ws_router - INFO - [WS] Client disconnected -> total queues = 0
2025-07-04 15:26:33,760 - app.api.v1.ws_router - INFO - [WS] Client connected -> total queues = 1
2025-07-04 15:26:33,817 - app.api.v1.ws_router - INFO - [WS] Client disconnected -> total queues = 0
2025-07-04 15:26:59,534 - app.api.v1.ws_router - INFO - [WS] Client connected -> total queues = 1
2025-07-04 15:26:59,572 - app.api.v1.ws_router - INFO - [WS] Client disconnected -> total queues = 0
2025-07-04 15:31:35,888 - app.api.v1.ws_router - INFO - [WS] Client connected -> total queues = 1
2025-07-04 15:32:07,247 - app.api.v1.ws_router - INFO - [WS] Client disconnected -> total queues = 0
2025-07-04 15:32:07,338 - app.main - INFO - CCTV System shutting down...
2025-07-04 15:32:07,625 - app.main - INFO - Cleanup complete
2025-07-04 15:32:07,626 - app.main - INFO - Shutting down...
2025-07-04 15:51:36,844 - app.main - INFO - Ensuring C:\Users\HiDigi\OneDrive\Desktop\WebDev\FacialRecognition\static\images exists…
2025-07-04 15:51:36,877 - app.main - INFO - Initializing database...
2025-07-04 15:51:36,997 - app.main - INFO - CCTV System starting up...
2025-07-04 16:06:29,947 - app.main - INFO - CCTV System shutting down...
2025-07-04 16:06:29,948 - app.main - INFO - Cleanup complete
2025-07-04 16:06:29,948 - app.main - INFO - Shutting down...
2025-07-04 16:06:33,981 - app.main - INFO - Ensuring C:\Users\HiDigi\OneDrive\Desktop\WebDev\FacialRecognition\static\images exists…
2025-07-04 16:06:34,015 - app.main - INFO - Initializing database...
2025-07-04 16:06:34,092 - app.main - INFO - CCTV System starting up...
2025-07-04 16:06:58,915 - app.services.camera_manager - ERROR - Error adding camera webcam1: Failed to open camera source: 1
2025-07-04 16:07:27,109 - app.services.camera_manager - INFO - Camera webcam1 added (web)
2025-07-04 16:09:51,940 - app.services.camera_manager - INFO - Camera webcam1 added (web)
2025-07-04 16:10:57,144 - app.services.camera_manager - INFO - Camera webcam1 added (web)
2025-07-04 16:10:57,150 - app.services.camera_manager - INFO - [webcam1] entering stream loop (fps=15)
2025-07-04 16:10:57,479 - app.api.v1.ws_router - INFO - [WS] Client connected -> total queues = 1
2025-07-04 16:11:03,288 - app.api.v1.ws_router - INFO - [WS] Client disconnected -> total queues = 0
2025-07-04 16:11:04,759 - app.services.camera_manager - INFO - [webcam1] entering stream loop (fps=15)
2025-07-04 16:11:05,079 - app.api.v1.ws_router - INFO - [WS] Client connected -> total queues = 1
2025-07-04 16:11:16,419 - app.api.v1.ws_router - INFO - [WS] Client disconnected -> total queues = 0
2025-07-04 16:11:19,610 - app.services.camera_manager - INFO - Camera webcam1 added (web)
2025-07-04 16:11:19,616 - app.services.camera_manager - INFO - [webcam1] entering stream loop (fps=15)
2025-07-04 16:11:19,980 - app.api.v1.ws_router - INFO - [WS] Client connected -> total queues = 1
2025-07-04 16:11:28,931 - app.api.v1.ws_router - INFO - [WS] Client disconnected -> total queues = 0
2025-07-04 16:11:29,898 - app.api.v1.ws_router - INFO - [WS] Client connected -> total queues = 1
2025-07-04 16:11:54,303 - app.api.v1.ws_router - INFO - [WS] Client disconnected -> total queues = 0
2025-07-04 16:11:56,407 - app.services.camera_manager - INFO - [webcam1] entering stream loop (fps=15)
2025-07-04 16:11:56,738 - app.api.v1.ws_router - INFO - [WS] Client connected -> total queues = 1
2025-07-04 16:12:14,073 - app.api.v1.ws_router - INFO - [WS] Client disconnected -> total queues = 0
2025-07-04 16:12:27,943 - app.services.camera_manager - INFO - Camera webcam1 added (web)
2025-07-04 16:12:28,380 - app.services.camera_manager - INFO - [webcam1] entering stream loop (fps=15)
2025-07-04 16:12:28,784 - app.api.v1.ws_router - INFO - [WS] Client connected -> total queues = 1
2025-07-04 16:12:37,756 - app.api.v1.file_router - INFO - [upload-preview] Received batch_tag=
2025-07-04 16:12:37,757 - app.api.v1.file_router - INFO - [upload-preview] Processed file result: {'original_filename': 'webcam1_undefined.jpg', 'status': 'processing', 'message': '', 'preview_image_url': None, 'face_detections': [], 'batch_tag': ''}
2025-07-04 16:12:38,172 - app.functions.image_processor - INFO - Detected 0 face(s).
2025-07-04 16:12:38,173 - app.services.face_service - INFO - No faces detected in image: C:\Users\HiDigi\OneDrive\Desktop\WebDev\FacialRecognition\app_data\temp_images\original_20250704161237757718_webcam1_undefined.jpg
2025-07-04 16:12:56,596 - app.api.v1.ws_router - INFO - [WS] Client disconnected -> total queues = 0
2025-07-04 16:14:38,638 - app.functions.image_processor - INFO - Detected 1 face(s).
2025-07-04 16:14:38,639 - app.services.face_service - INFO - Person ID: 3
2025-07-04 16:14:38,673 - app.services.face_service - INFO - Existing face: <app.db.models.attendance.Face object at 0x00000240F9330460>
2025-07-04 16:14:38,674 - app.services.face_service - INFO - Overwriting existing face for person_id 3
2025-07-04 16:15:10,736 - app.functions.image_processor - INFO - Detected 1 face(s).
2025-07-04 16:15:10,736 - app.services.face_service - INFO - Person ID: 3
2025-07-04 16:15:10,785 - app.services.face_service - INFO - Existing face: <app.db.models.attendance.Face object at 0x00000240F8FC6410>
2025-07-04 16:15:10,786 - app.services.face_service - INFO - Overwriting existing face for person_id 3
2025-07-04 16:15:15,820 - app.services.camera_manager - INFO - Camera webcam1 added (web)
2025-07-04 16:15:16,231 - app.services.camera_manager - INFO - [webcam1] entering stream loop (fps=15)
2025-07-04 16:15:16,661 - app.api.v1.ws_router - INFO - [WS] Client connected -> total queues = 1
2025-07-04 16:15:28,085 - app.api.v1.ws_router - INFO - [WS] Client disconnected -> total queues = 0
2025-07-04 16:15:32,344 - app.services.camera_manager - INFO - Camera webcam1 added (web)
2025-07-04 16:15:32,850 - app.services.camera_manager - INFO - [webcam1] entering stream loop (fps=15)
2025-07-04 16:24:23,623 - app.services.camera_manager - INFO - Camera webcam1 added (web)
2025-07-04 16:24:24,225 - app.services.camera_manager - INFO - [webcam1] entering stream loop (fps=15)
2025-07-04 16:24:24,913 - app.api.v1.ws_router - INFO - [WS] Client connected -> total queues = 1
2025-07-04 16:24:27,779 - app.api.v1.file_router - INFO - [upload-preview] Received batch_tag=webcam1
2025-07-04 16:24:27,780 - app.api.v1.file_router - INFO - [upload-preview] Processed file result: {'original_filename': 'webcam1_1751621067222.jpg', 'status': 'processing', 'message': '', 'preview_image_url': None, 'face_detections': [], 'batch_tag': 'webcam1'}
2025-07-04 16:24:27,978 - app.functions.image_processor - INFO - Detected 0 face(s).
2025-07-04 16:24:27,978 - app.services.face_service - INFO - No faces detected in image: C:\Users\HiDigi\OneDrive\Desktop\WebDev\FacialRecognition\app_data\temp_images\original_20250704162427780190_webcam1_1751621067222.jpg
2025-07-04 16:24:34,833 - app.api.v1.ws_router - INFO - [WS] Client disconnected -> total queues = 0
2025-07-04 16:26:23,157 - app.services.camera_manager - INFO - Camera webcam1 added (web)
2025-07-04 16:26:23,934 - app.services.camera_manager - INFO - [webcam1] entering stream loop (fps=15)
2025-07-04 16:26:24,751 - app.api.v1.ws_router - INFO - [WS] Client connected -> total queues = 1
2025-07-04 16:26:26,718 - app.api.v1.file_router - INFO - [upload-preview] Received batch_tag=webcam1
2025-07-04 16:26:26,719 - app.api.v1.file_router - INFO - [upload-preview] Processed file result: {'original_filename': 'webcam1_1751621185969.jpg', 'status': 'processing', 'message': '', 'preview_image_url': None, 'face_detections': [], 'batch_tag': 'webcam1'}
2025-07-04 16:26:26,928 - app.functions.image_processor - INFO - Detected 0 face(s).
2025-07-04 16:26:26,929 - app.services.face_service - INFO - No faces detected in image: C:\Users\HiDigi\OneDrive\Desktop\WebDev\FacialRecognition\app_data\temp_images\original_20250704162626719443_webcam1_1751621185969.jpg
2025-07-04 16:26:28,193 - app.api.v1.ws_router - INFO - [WS] Client disconnected -> total queues = 0
2025-07-04 16:26:44,747 - app.services.camera_manager - INFO - Camera webcam1 added (web)
2025-07-04 16:26:45,620 - app.services.camera_manager - INFO - [webcam1] entering stream loop (fps=15)
2025-07-04 16:26:46,596 - app.api.v1.ws_router - INFO - [WS] Client connected -> total queues = 1
2025-07-04 16:26:49,235 - app.api.v1.file_router - INFO - [upload-preview] Received batch_tag=webcam1
2025-07-04 16:26:49,236 - app.api.v1.file_router - INFO - [upload-preview] Processed file result: {'original_filename': 'webcam1_1751621208350.jpg', 'status': 'processing', 'message': '', 'preview_image_url': None, 'face_detections': [], 'batch_tag': 'webcam1'}
2025-07-04 16:26:49,427 - app.functions.image_processor - INFO - Detected 0 face(s).
2025-07-04 16:26:49,427 - app.services.face_service - INFO - No faces detected in image: C:\Users\HiDigi\OneDrive\Desktop\WebDev\FacialRecognition\app_data\temp_images\original_20250704162649237954_webcam1_1751621208350.jpg
2025-07-04 16:26:53,780 - app.api.v1.ws_router - INFO - [WS] Client disconnected -> total queues = 0
2025-07-04 16:29:44,317 - app.services.camera_manager - INFO - Camera webcam1 added (web)
2025-07-04 16:29:45,285 - app.services.camera_manager - INFO - [webcam1] entering stream loop (fps=15)
2025-07-04 16:29:46,277 - app.api.v1.ws_router - INFO - [WS] Client connected -> total queues = 1
2025-07-04 16:30:14,439 - app.api.v1.file_router - INFO - [upload-preview] Received batch_tag=webcam1
2025-07-04 16:30:14,440 - app.api.v1.file_router - INFO - [upload-preview] Processed file result: {'original_filename': 'webcam1_1751621413394.jpg', 'status': 'processing', 'message': '', 'preview_image_url': None, 'face_detections': [], 'batch_tag': 'webcam1'}
2025-07-04 16:30:14,996 - app.functions.image_processor - INFO - Detected 1 face(s).
2025-07-04 16:30:14,996 - app.services.face_service - INFO - [process_image_for_review] detection_time=2025-07-04 16:30:14.996739+07:00 tzinfo=Asia/Bangkok
2025-07-04 16:30:15,952 - app.services.face_service - INFO - Original filename: original_20250704163014440501_webcam1_1751621413394.jpg
2025-07-04 16:30:15,978 - app.functions.image_processor - INFO - Image saved successfully to: C:\Users\HiDigi\OneDrive\Desktop\WebDev\FacialRecognition\app_data\temp_images\preview_20250704163015952504_1751621413394.jpg
2025-07-04 16:30:15,979 - app.services.face_service - INFO - Preview image saved to C:\Users\HiDigi\OneDrive\Desktop\WebDev\FacialRecognition\app_data\temp_images\preview_20250704163015952504_1751621413394.jpg
2025-07-04 16:30:15,979 - app.api.v1.file_router - INFO - [upload-preview] Returning detection_time=2025-07-04T16:30:14.996739+07:00 for file=webcam1_1751621413394.jpg
2025-07-04 16:30:27,957 - app.api.v1.ws_router - INFO - [WS] Client disconnected -> total queues = 0
2025-07-04 16:31:01,097 - app.services.camera_manager - INFO - Camera webcam1 added (web)
2025-07-04 16:31:02,131 - app.services.camera_manager - INFO - [webcam1] entering stream loop (fps=15)
2025-07-04 16:31:07,092 - app.services.face_service - INFO - Moved original image from temp to permanent: C:\Users\HiDigi\OneDrive\Desktop\WebDev\FacialRecognition\app_data\permanent_images\original_20250704163014440501_webcam1_1751621413394.jpg
2025-07-04 16:31:12,834 - app.services.face_service - INFO - ImageCount stored for C:\Users\HiDigi\OneDrive\Desktop\WebDev\FacialRecognition\app_data\permanent_images\original_20250704163014440501_webcam1_1751621413394.jpg
2025-07-04 16:31:12,835 - app.services.face_service - INFO - Deleted temporary preview image: C:\Users\HiDigi\OneDrive\Desktop\WebDev\FacialRecognition\app_data\temp_images\preview_20250704163015952504_1751621413394.jpg
2025-07-04 16:31:44,340 - app.services.face_service - ERROR - Original temp file not found: C:\Users\HiDigi\OneDrive\Desktop\WebDev\FacialRecognition\app_data\temp_images\original_20250704163014440501_webcam1_1751621413394.jpg
2025-07-04 16:32:02,598 - app.services.camera_manager - INFO - Camera webcam1 added (web)
2025-07-04 16:32:03,951 - app.services.camera_manager - INFO - [webcam1] entering stream loop (fps=15)
2025-07-04 16:32:26,266 - app.services.camera_manager - INFO - Camera webcam1 added (web)
2025-07-04 16:32:27,733 - app.services.camera_manager - INFO - [webcam1] entering stream loop (fps=15)
2025-07-04 16:32:58,565 - app.services.camera_manager - INFO - Camera webcam1 added (web)
2025-07-04 16:33:00,056 - app.services.camera_manager - INFO - [webcam1] entering stream loop (fps=15)
2025-07-04 16:33:01,431 - app.api.v1.ws_router - INFO - [WS] Client connected -> total queues = 1
2025-07-04 16:33:02,926 - app.api.v1.ws_router - INFO - [WS] Client disconnected -> total queues = 0
2025-07-04 16:33:51,983 - app.services.camera_manager - INFO - Camera webcam1 added (web)
2025-07-04 16:33:51,989 - app.services.camera_manager - INFO - [webcam1] entering stream loop (fps=15)
2025-07-04 16:34:05,733 - app.services.camera_manager - INFO - Camera webcam1 added (web)
2025-07-04 16:34:06,178 - app.services.camera_manager - INFO - [webcam1] entering stream loop (fps=15)
2025-07-04 16:34:06,517 - app.api.v1.ws_router - INFO - [WS] Client connected -> total queues = 1
2025-07-04 16:34:16,036 - app.api.v1.file_router - INFO - [upload-preview] Received batch_tag=webcam1
2025-07-04 16:34:16,037 - app.api.v1.file_router - INFO - [upload-preview] Processed file result: {'original_filename': 'webcam1_1751621655714.jpg', 'status': 'processing', 'message': '', 'preview_image_url': None, 'face_detections': [], 'batch_tag': 'webcam1'}
2025-07-04 16:34:16,557 - app.functions.image_processor - INFO - Detected 1 face(s).
2025-07-04 16:34:16,559 - app.services.face_service - INFO - [process_image_for_review] detection_time=2025-07-04 16:34:16.559281+07:00 tzinfo=Asia/Bangkok
2025-07-04 16:34:16,589 - app.services.face_service - INFO - Original filename: original_20250704163416038633_webcam1_1751621655714.jpg
2025-07-04 16:34:16,595 - app.functions.image_processor - INFO - Image saved successfully to: C:\Users\HiDigi\OneDrive\Desktop\WebDev\FacialRecognition\app_data\temp_images\preview_20250704163416589317_1751621655714.jpg
2025-07-04 16:34:16,596 - app.services.face_service - INFO - Preview image saved to C:\Users\HiDigi\OneDrive\Desktop\WebDev\FacialRecognition\app_data\temp_images\preview_20250704163416589317_1751621655714.jpg
2025-07-04 16:34:16,596 - app.api.v1.file_router - INFO - [upload-preview] Returning detection_time=2025-07-04T16:34:16.559281+07:00 for file=webcam1_1751621655714.jpg
2025-07-04 16:34:19,660 - app.api.v1.ws_router - INFO - [WS] Client disconnected -> total queues = 0
2025-07-04 16:34:23,555 - app.services.camera_manager - INFO - Camera webcam1 added (web)
2025-07-04 16:34:24,000 - app.services.camera_manager - INFO - [webcam1] entering stream loop (fps=15)
2025-07-04 16:34:24,428 - app.api.v1.ws_router - INFO - [WS] Client connected -> total queues = 1
2025-07-04 16:34:25,104 - app.api.v1.ws_router - INFO - [WS] Client disconnected -> total queues = 0
2025-07-04 16:34:32,521 - app.services.face_service - INFO - Moved original image from temp to permanent: C:\Users\HiDigi\OneDrive\Desktop\WebDev\FacialRecognition\app_data\permanent_images\original_20250704163416038633_webcam1_1751621655714.jpg
2025-07-04 16:34:32,539 - app.services.face_service - INFO - ImageCount stored for C:\Users\HiDigi\OneDrive\Desktop\WebDev\FacialRecognition\app_data\permanent_images\original_20250704163416038633_webcam1_1751621655714.jpg
2025-07-04 16:34:32,540 - app.services.face_service - INFO - Deleted temporary preview image: C:\Users\HiDigi\OneDrive\Desktop\WebDev\FacialRecognition\app_data\temp_images\preview_20250704163416589317_1751621655714.jpg
2025-07-04 16:34:39,854 - app.services.image_record_service - INFO - [cleanup_orphan_images] Found 1 orphan images
2025-07-04 16:34:39,855 - app.services.image_record_service - INFO - [cleanup_orphan_images] Deleting ImageCount for image ID 16
2025-07-04 16:34:39,855 - app.services.image_record_service - INFO - [cleanup_orphan_images] Deleting orphan image ID 16
2025-07-04 16:34:39,859 - app.services.image_record_service - INFO - [cleanup_orphan_images] Orphan images deleted and committed
2025-07-04 16:34:42,141 - app.services.image_record_service - INFO - [cleanup_orphan_images] Found 1 orphan images
2025-07-04 16:34:42,141 - app.services.image_record_service - INFO - [cleanup_orphan_images] Deleting ImageCount for image ID 15
2025-07-04 16:34:42,142 - app.services.image_record_service - INFO - [cleanup_orphan_images] Deleting orphan image ID 15
2025-07-04 16:34:42,144 - app.services.image_record_service - INFO - [cleanup_orphan_images] Orphan images deleted and committed
2025-07-04 16:35:04,845 - app.services.camera_manager - INFO - Camera webcam1 added (web)
2025-07-04 16:35:04,848 - app.services.camera_manager - INFO - [webcam1] entering stream loop (fps=15)
2025-07-04 16:35:11,888 - app.services.camera_manager - INFO - Camera webcam1 added (web)
2025-07-04 16:35:12,305 - app.services.camera_manager - INFO - [webcam1] entering stream loop (fps=15)
2025-07-04 16:35:12,652 - app.api.v1.ws_router - INFO - [WS] Client connected -> total queues = 1
2025-07-04 16:35:14,047 - app.api.v1.ws_router - INFO - [WS] Client disconnected -> total queues = 0
2025-07-04 16:35:18,564 - app.services.camera_manager - INFO - Camera webcam1 added (web)
2025-07-04 16:35:18,962 - app.services.camera_manager - INFO - [webcam1] entering stream loop (fps=15)
2025-07-04 16:35:19,372 - app.api.v1.ws_router - INFO - [WS] Client connected -> total queues = 1
2025-07-04 16:35:37,763 - app.services.camera_manager - ERROR - Error adding camera Ku3: Failed to open camera source: 1
2025-07-04 16:35:54,136 - app.api.v1.ws_router - INFO - [WS] Client disconnected -> total queues = 0
2025-07-04 16:35:54,854 - app.services.camera_manager - INFO - [webcam1] entering stream loop (fps=15)
2025-07-04 16:35:55,176 - app.api.v1.ws_router - INFO - [WS] Client connected -> total queues = 1
2025-07-04 16:36:05,927 - app.api.v1.ws_router - INFO - [WS] Client disconnected -> total queues = 0
2025-07-04 16:36:07,516 - app.services.camera_manager - INFO - Camera webcam1 added (web)
2025-07-04 16:36:07,930 - app.services.camera_manager - INFO - [webcam1] entering stream loop (fps=15)
2025-07-04 16:36:09,446 - app.services.camera_manager - INFO - [webcam1] entering stream loop (fps=15)
2025-07-04 16:36:09,768 - app.api.v1.ws_router - INFO - [WS] Client connected -> total queues = 1
2025-07-04 16:36:16,920 - app.api.v1.ws_router - INFO - [WS] Client disconnected -> total queues = 0
2025-07-04 16:36:20,617 - app.services.camera_manager - INFO - Camera webcam1 added (web)
2025-07-04 16:36:21,002 - app.services.camera_manager - INFO - [webcam1] entering stream loop (fps=15)
2025-07-04 16:36:21,335 - app.api.v1.ws_router - INFO - [WS] Client connected -> total queues = 1
2025-07-04 16:36:35,243 - app.api.v1.ws_router - INFO - [WS] Client disconnected -> total queues = 0
2025-07-04 16:36:40,684 - app.services.camera_manager - INFO - Camera webcam1 added (web)
2025-07-04 16:36:41,081 - app.services.camera_manager - INFO - [webcam1] entering stream loop (fps=15)
2025-07-04 16:36:41,511 - app.api.v1.ws_router - INFO - [WS] Client connected -> total queues = 1
2025-07-04 16:36:49,638 - app.api.v1.file_router - INFO - [upload-preview] Received batch_tag=webcam1
2025-07-04 16:36:49,639 - app.api.v1.file_router - INFO - [upload-preview] Processed file result: {'original_filename': 'webcam1_1751621809453.jpg', 'status': 'processing', 'message': '', 'preview_image_url': None, 'face_detections': [], 'batch_tag': 'webcam1'}
2025-07-04 16:36:50,233 - app.functions.image_processor - INFO - Detected 1 face(s).
2025-07-04 16:36:50,234 - app.services.face_service - INFO - [process_image_for_review] detection_time=2025-07-04 16:36:50.234183+07:00 tzinfo=Asia/Bangkok
2025-07-04 16:36:50,307 - app.services.face_service - INFO - Original filename: original_20250704163649640305_webcam1_1751621809453.jpg
2025-07-04 16:36:50,314 - app.functions.image_processor - INFO - Image saved successfully to: C:\Users\HiDigi\OneDrive\Desktop\WebDev\FacialRecognition\app_data\temp_images\preview_20250704163650307308_1751621809453.jpg
2025-07-04 16:36:50,314 - app.services.face_service - INFO - Preview image saved to C:\Users\HiDigi\OneDrive\Desktop\WebDev\FacialRecognition\app_data\temp_images\preview_20250704163650307308_1751621809453.jpg
2025-07-04 16:36:50,315 - app.api.v1.file_router - INFO - [upload-preview] Returning detection_time=2025-07-04T16:36:50.234183+07:00 for file=webcam1_1751621809453.jpg
2025-07-04 16:36:53,558 - app.api.v1.ws_router - INFO - [WS] Client disconnected -> total queues = 0
2025-07-04 16:37:33,720 - app.services.camera_manager - INFO - Camera webcam1 added (web)
2025-07-04 16:37:34,302 - app.services.camera_manager - INFO - [webcam1] entering stream loop (fps=15)
2025-07-04 16:37:34,849 - app.api.v1.ws_router - INFO - [WS] Client connected -> total queues = 1
2025-07-04 16:37:49,265 - app.api.v1.ws_router - INFO - [WS] Client disconnected -> total queues = 0
2025-07-04 16:37:49,361 - app.main - INFO - CCTV System shutting down...
2025-07-04 16:37:49,618 - app.main - INFO - Cleanup complete
2025-07-04 16:37:49,619 - app.main - INFO - Shutting down...
2025-07-04 19:50:54,331 - app.main - INFO - Ensuring C:\Users\HiDigi\OneDrive\Desktop\WebDev\FacialRecognition\static\images exists…
2025-07-04 19:50:54,370 - app.main - INFO - Initializing database...
2025-07-04 19:50:54,494 - app.main - INFO - CCTV System starting up...
2025-07-04 19:53:47,629 - app.api.v1.ws_router - INFO - [WS] Client connected -> total queues = 1
2025-07-04 19:54:05,305 - app.api.v1.ws_router - INFO - [WS] Client disconnected -> total queues = 0
2025-07-04 19:54:06,404 - app.api.v1.ws_router - INFO - [WS] Client connected -> total queues = 1
2025-07-04 19:54:39,003 - app.api.v1.ws_router - INFO - [WS] Client disconnected -> total queues = 0
2025-07-04 19:54:40,508 - app.api.v1.ws_router - INFO - [WS] Client connected -> total queues = 1
2025-07-04 19:55:00,863 - app.services.camera_manager - INFO - Camera webcam1 added (web)
2025-07-04 19:55:05,125 - app.api.v1.ws_router - INFO - [WS] Client disconnected -> total queues = 0
2025-07-04 19:55:05,654 - app.services.camera_manager - INFO - [webcam1] entering stream loop (fps=15)
2025-07-04 19:55:06,005 - app.api.v1.ws_router - INFO - [WS] Client connected -> total queues = 1
2025-07-04 19:55:28,041 - app.api.v1.ws_router - INFO - [WS] Client disconnected -> total queues = 0
2025-07-04 19:55:32,861 - app.services.camera_manager - INFO - Camera webcam1 added (web)
2025-07-04 19:55:33,276 - app.services.camera_manager - INFO - [webcam1] entering stream loop (fps=15)
2025-07-04 19:55:36,500 - app.services.camera_manager - INFO - Camera webcam1 added (web)
2025-07-04 19:55:36,948 - app.services.camera_manager - INFO - [webcam1] entering stream loop (fps=15)
2025-07-04 19:55:37,372 - app.api.v1.ws_router - INFO - [WS] Client connected -> total queues = 1
2025-07-04 19:58:21,068 - app.api.v1.file_router - INFO - [upload-preview] Received batch_tag=webcam1
2025-07-04 19:58:21,069 - app.api.v1.file_router - INFO - [upload-preview] Processed file result: {'original_filename': 'webcam1_1751633900558.jpg', 'status': 'processing', 'message': '', 'preview_image_url': None, 'face_detections': [], 'batch_tag': 'webcam1'}
2025-07-04 19:58:21,642 - app.functions.image_processor - INFO - Detected 1 face(s).
2025-07-04 19:58:21,642 - app.services.face_service - INFO - [process_image_for_review] detection_time=2025-07-04 19:58:21.642751+07:00 tzinfo=Asia/Bangkok
2025-07-04 19:58:21,708 - app.services.face_service - INFO - Original filename: original_20250704195821069719_webcam1_1751633900558.jpg
2025-07-04 19:58:21,729 - app.functions.image_processor - INFO - Image saved successfully to: C:\Users\HiDigi\OneDrive\Desktop\WebDev\FacialRecognition\app_data\temp_images\preview_20250704195821708208_1751633900558.jpg
2025-07-04 19:58:21,730 - app.services.face_service - INFO - Preview image saved to C:\Users\HiDigi\OneDrive\Desktop\WebDev\FacialRecognition\app_data\temp_images\preview_20250704195821708208_1751633900558.jpg
2025-07-04 19:58:21,730 - app.api.v1.file_router - INFO - [upload-preview] Returning detection_time=2025-07-04T19:58:21.642751+07:00 for file=webcam1_1751633900558.jpg
2025-07-04 19:58:23,277 - app.api.v1.ws_router - INFO - [WS] Client disconnected -> total queues = 0
2025-07-04 19:58:30,303 - app.services.face_service - INFO - Moved original image from temp to permanent: C:\Users\HiDigi\OneDrive\Desktop\WebDev\FacialRecognition\app_data\permanent_images\original_20250704195821069719_webcam1_1751633900558.jpg
2025-07-04 19:58:30,940 - app.services.face_service - INFO - ImageCount stored for C:\Users\HiDigi\OneDrive\Desktop\WebDev\FacialRecognition\app_data\permanent_images\original_20250704195821069719_webcam1_1751633900558.jpg
2025-07-04 19:58:30,941 - app.services.face_service - INFO - Deleted temporary preview image: C:\Users\HiDigi\OneDrive\Desktop\WebDev\FacialRecognition\app_data\temp_images\preview_20250704195821708208_1751633900558.jpg
2025-07-04 19:58:35,773 - app.services.camera_manager - INFO - Camera webcam1 added (web)
2025-07-04 19:58:36,342 - app.services.camera_manager - INFO - [webcam1] entering stream loop (fps=15)
2025-07-04 19:58:36,470 - app.services.camera_manager - INFO - [webcam1] entering stream loop (fps=15)
2025-07-04 19:58:36,965 - app.api.v1.ws_router - INFO - [WS] Client connected -> total queues = 1
2025-07-04 19:59:01,253 - app.api.v1.file_router - INFO - [upload-preview] Received batch_tag=webcam1
2025-07-04 19:59:01,254 - app.api.v1.file_router - INFO - [upload-preview] Processed file result: {'original_filename': 'webcam1_1751633940718.jpg', 'status': 'processing', 'message': '', 'preview_image_url': None, 'face_detections': [], 'batch_tag': 'webcam1'}
2025-07-04 19:59:02,103 - app.functions.image_processor - INFO - Detected 2 face(s).
2025-07-04 19:59:02,104 - app.services.face_service - INFO - [process_image_for_review] detection_time=2025-07-04 19:59:02.104572+07:00 tzinfo=Asia/Bangkok
2025-07-04 19:59:02,375 - app.services.face_service - INFO - Original filename: original_20250704195901255644_webcam1_1751633940718.jpg
2025-07-04 19:59:02,381 - app.functions.image_processor - INFO - Image saved successfully to: C:\Users\HiDigi\OneDrive\Desktop\WebDev\FacialRecognition\app_data\temp_images\preview_20250704195902375321_1751633940718.jpg
2025-07-04 19:59:02,382 - app.services.face_service - INFO - Preview image saved to C:\Users\HiDigi\OneDrive\Desktop\WebDev\FacialRecognition\app_data\temp_images\preview_20250704195902375321_1751633940718.jpg
2025-07-04 19:59:02,382 - app.api.v1.file_router - INFO - [upload-preview] Returning detection_time=2025-07-04T19:59:02.104572+07:00 for file=webcam1_1751633940718.jpg
2025-07-04 19:59:06,709 - app.api.v1.ws_router - INFO - [WS] Client disconnected -> total queues = 0
2025-07-04 19:59:16,326 - app.services.face_service - INFO - Moved original image from temp to permanent: C:\Users\HiDigi\OneDrive\Desktop\WebDev\FacialRecognition\app_data\permanent_images\original_20250704195901255644_webcam1_1751633940718.jpg
2025-07-04 19:59:18,325 - app.services.face_service - INFO - [insert_new_face] Face inserted with ID: 17
2025-07-04 19:59:18,326 - app.services.face_service - INFO - [insert_new_face] Face location (raw): [57, 283, 242, 97] | type=<class 'list'>
2025-07-04 19:59:18,327 - app.services.face_service - INFO - [insert_new_face] Preparing to save face crop for face_id 17
2025-07-04 19:59:18,334 - app.services.face_service - INFO - [insert_new_face] Saved face crop at: C:\Users\HiDigi\OneDrive\Desktop\WebDev\FacialRecognition\app_data\face_crops\face_17.jpg
2025-07-04 19:59:18,334 - app.services.face_service - INFO - New face detected: <app.db.models.attendance.Face object at 0x00000211AAA12740>
2025-07-04 19:59:19,584 - app.services.face_service - INFO - ImageCount stored for C:\Users\HiDigi\OneDrive\Desktop\WebDev\FacialRecognition\app_data\permanent_images\original_20250704195901255644_webcam1_1751633940718.jpg
2025-07-04 19:59:19,585 - app.services.face_service - INFO - Deleted temporary preview image: C:\Users\HiDigi\OneDrive\Desktop\WebDev\FacialRecognition\app_data\temp_images\preview_20250704195902375321_1751633940718.jpg
2025-07-04 20:00:03,023 - app.functions.image_processor - INFO - Detected 1 face(s).
2025-07-04 20:00:03,023 - app.services.face_service - INFO - Person ID: 15
2025-07-04 20:00:03,272 - app.services.face_service - INFO - Existing face: None
2025-07-04 20:00:11,449 - app.services.camera_manager - INFO - Camera webcam1 added (web)
2025-07-04 20:00:12,196 - app.services.camera_manager - INFO - [webcam1] entering stream loop (fps=15)
2025-07-04 20:00:12,931 - app.api.v1.ws_router - INFO - [WS] Client connected -> total queues = 1
2025-07-04 20:00:15,188 - app.api.v1.ws_router - INFO - [WS] Client disconnected -> total queues = 0
2025-07-04 20:00:57,547 - app.services.camera_manager - INFO - Camera webcam1 added (web)
2025-07-04 20:00:57,552 - app.services.camera_manager - INFO - [webcam1] entering stream loop (fps=15)
2025-07-04 20:00:57,867 - app.api.v1.ws_router - INFO - [WS] Client connected -> total queues = 1
2025-07-04 20:01:08,287 - app.api.v1.ws_router - INFO - [WS] Client disconnected -> total queues = 0
2025-07-04 20:01:52,268 - app.services.camera_manager - INFO - Camera webcam1 added (web)
2025-07-04 20:01:52,665 - app.services.camera_manager - INFO - [webcam1] entering stream loop (fps=15)
2025-07-05 17:00:24,730 - app.main - INFO - Ensuring C:\Users\HiDigi\OneDrive\Desktop\WebDev\FacialRecognition\static\images exists…
2025-07-05 17:00:24,786 - app.main - INFO - Initializing database...
2025-07-05 17:00:24,950 - app.main - INFO - CCTV System starting up...
2025-07-05 18:28:01,943 - app.main - INFO - Ensuring C:\Users\HiDigi\OneDrive\Desktop\WebDev\FacialRecognition\static\images exists…
2025-07-05 18:28:01,998 - app.main - INFO - Initializing database...
2025-07-05 18:28:02,163 - app.main - INFO - CCTV System starting up...
2025-07-05 18:31:46,368 - app.services.camera_manager - ERROR - Error adding camera Rka3: Failed to open camera source: rstp://admin@admin:30.100.0.197
2025-07-05 18:42:36,180 - app.services.camera_manager - INFO - Camera Rka3 added (cctv)
2025-07-05 18:42:38,616 - app.services.camera_manager - INFO - [Rka3] entering stream loop (fps=15)
2025-07-05 18:42:39,011 - app.api.v1.ws_router - INFO - [WS] Client connected -> total queues = 1
2025-07-05 18:43:08,782 - app.api.v1.file_router - INFO - [upload-preview] Received batch_tag=Rka3
2025-07-05 18:43:08,783 - app.api.v1.file_router - INFO - [upload-preview] Processed file result: {'original_filename': 'Rka3_1751715788777.jpg', 'status': 'processing', 'message': '', 'preview_image_url': None, 'face_detections': [], 'batch_tag': 'Rka3'}
2025-07-05 18:43:09,095 - app.functions.image_processor - INFO - Detected 0 face(s).
2025-07-05 18:43:09,096 - app.services.face_service - INFO - No faces detected in image: C:\Users\HiDigi\OneDrive\Desktop\WebDev\FacialRecognition\app_data\temp_images\original_20250705184308783617_Rka3_1751715788777.jpg
2025-07-05 18:43:11,186 - app.api.v1.ws_router - INFO - [WS] Client disconnected -> total queues = 0
2025-07-05 18:43:16,271 - app.services.camera_manager - INFO - Camera Rka3 added (cctv)
2025-07-05 18:43:16,306 - app.services.camera_manager - INFO - [Rka3] entering stream loop (fps=15)
2025-07-05 18:43:16,666 - app.api.v1.ws_router - INFO - [WS] Client connected -> total queues = 1
2025-07-05 18:43:24,414 - app.api.v1.file_router - INFO - [upload-preview] Received batch_tag=Rka3
2025-07-05 18:43:24,415 - app.api.v1.file_router - INFO - [upload-preview] Processed file result: {'original_filename': 'Rka3_1751715804380.jpg', 'status': 'processing', 'message': '', 'preview_image_url': None, 'face_detections': [], 'batch_tag': 'Rka3'}
2025-07-05 18:43:24,565 - app.functions.image_processor - INFO - Detected 0 face(s).
2025-07-05 18:43:24,566 - app.services.face_service - INFO - No faces detected in image: C:\Users\HiDigi\OneDrive\Desktop\WebDev\FacialRecognition\app_data\temp_images\original_20250705184324416634_Rka3_1751715804380.jpg
2025-07-05 18:43:27,098 - app.api.v1.ws_router - INFO - [WS] Client disconnected -> total queues = 0
2025-07-05 18:43:39,122 - app.services.camera_manager - INFO - Camera Rka3 added (cctv)
2025-07-05 18:43:39,148 - app.services.camera_manager - INFO - [Rka3] entering stream loop (fps=15)
2025-07-05 18:43:39,506 - app.api.v1.ws_router - INFO - [WS] Client connected -> total queues = 1
2025-07-05 18:43:39,705 - app.api.v1.ws_router - INFO - [WS] Client disconnected -> total queues = 0
2025-07-05 18:43:40,569 - app.services.camera_manager - INFO - [Rka3] entering stream loop (fps=15)
2025-07-05 18:43:40,894 - app.api.v1.ws_router - INFO - [WS] Client connected -> total queues = 1
2025-07-05 18:43:43,454 - app.api.v1.file_router - INFO - [upload-preview] Received batch_tag=Rka3
2025-07-05 18:43:43,454 - app.api.v1.file_router - INFO - [upload-preview] Processed file result: {'original_filename': 'Rka3_1751715823449.jpg', 'status': 'processing', 'message': '', 'preview_image_url': None, 'face_detections': [], 'batch_tag': 'Rka3'}
2025-07-05 18:43:43,609 - app.functions.image_processor - INFO - Detected 0 face(s).
2025-07-05 18:43:43,610 - app.services.face_service - INFO - No faces detected in image: C:\Users\HiDigi\OneDrive\Desktop\WebDev\FacialRecognition\app_data\temp_images\original_20250705184343455425_Rka3_1751715823449.jpg
2025-07-05 18:43:45,326 - app.api.v1.ws_router - INFO - [WS] Client disconnected -> total queues = 0
2025-07-05 18:44:12,282 - app.services.camera_manager - INFO - Camera Rka3 added (cctv)
2025-07-05 18:44:12,296 - app.services.camera_manager - INFO - [Rka3] entering stream loop (fps=15)
2025-07-05 18:44:12,644 - app.api.v1.ws_router - INFO - [WS] Client connected -> total queues = 1
2025-07-05 18:44:30,220 - app.services.camera_manager - INFO - Camera Rka3 added (web)
2025-07-05 18:44:36,754 - app.api.v1.ws_router - INFO - [WS] Client disconnected -> total queues = 0
2025-07-05 18:44:38,003 - app.services.camera_manager - INFO - [Rka3] entering stream loop (fps=15)
2025-07-05 18:44:38,320 - app.api.v1.ws_router - INFO - [WS] Client connected -> total queues = 1
2025-07-05 18:44:41,189 - app.api.v1.file_router - INFO - [upload-preview] Received batch_tag=Rka3
2025-07-05 18:44:41,190 - app.api.v1.file_router - INFO - [upload-preview] Processed file result: {'original_filename': 'Rka3_1751715881184.jpg', 'status': 'processing', 'message': '', 'preview_image_url': None, 'face_detections': [], 'batch_tag': 'Rka3'}
2025-07-05 18:44:41,717 - app.functions.image_processor - INFO - Detected 1 face(s).
2025-07-05 18:44:41,718 - app.services.face_service - INFO - [process_image_for_review] detection_time=2025-07-05 18:44:41.718418+07:00 tzinfo=Asia/Bangkok
2025-07-05 18:44:41,737 - app.services.face_service - INFO - Original filename: original_20250705184441190149_Rka3_1751715881184.jpg
2025-07-05 18:44:41,747 - app.functions.image_processor - INFO - Image saved successfully to: C:\Users\HiDigi\OneDrive\Desktop\WebDev\FacialRecognition\app_data\temp_images\preview_20250705184441738998_1751715881184.jpg
2025-07-05 18:44:41,747 - app.services.face_service - INFO - Preview image saved to C:\Users\HiDigi\OneDrive\Desktop\WebDev\FacialRecognition\app_data\temp_images\preview_20250705184441738998_1751715881184.jpg
2025-07-05 18:44:41,748 - app.api.v1.file_router - INFO - [upload-preview] Returning detection_time=2025-07-05T18:44:41.718418+07:00 for file=Rka3_1751715881184.jpg
2025-07-05 18:44:43,714 - app.api.v1.ws_router - INFO - [WS] Client disconnected -> total queues = 0
2025-07-05 18:44:54,700 - app.services.face_service - INFO - Moved original image from temp to permanent: C:\Users\HiDigi\OneDrive\Desktop\WebDev\FacialRecognition\app_data\permanent_images\original_20250705184441190149_Rka3_1751715881184.jpg
2025-07-05 18:44:54,723 - app.services.face_service - INFO - ImageCount stored for C:\Users\HiDigi\OneDrive\Desktop\WebDev\FacialRecognition\app_data\permanent_images\original_20250705184441190149_Rka3_1751715881184.jpg
2025-07-05 18:44:54,724 - app.services.face_service - INFO - Deleted temporary preview image: C:\Users\HiDigi\OneDrive\Desktop\WebDev\FacialRecognition\app_data\temp_images\preview_20250705184441738998_1751715881184.jpg
2025-07-05 18:46:07,271 - app.services.face_service - INFO - Transferring encoding from face 18 to 17
2025-07-05 18:46:07,271 - app.services.face_service - INFO - Copying crop image from C:\Users\HiDigi\OneDrive\Desktop\WebDev\FacialRecognition\app_data\face_crops\face_18.jpg to 17
2025-07-05 18:46:07,272 - app.services.face_service - INFO - Copying crop image from C:\Users\HiDigi\OneDrive\Desktop\WebDev\FacialRecognition\app_data\face_crops\face_18.jpg to C:\Users\HiDigi\OneDrive\Desktop\WebDev\FacialRecognition\app_data\face_crops\face_17.jpg
2025-07-05 18:46:07,273 - app.services.face_service - INFO - Copied crop image from face 18 to 17 as .jpg
2025-07-05 18:46:07,274 - app.services.face_service - INFO - Deleted original crop image for face 18
2025-07-05 18:46:07,274 - app.services.face_service - INFO - Deleted old face 18
2025-07-05 18:46:07,278 - app.services.face_service - INFO - Face 17 now associated with person 15
2025-07-05 18:46:35,917 - app.services.camera_manager - INFO - Camera Rka3 added (cctv)
2025-07-05 18:46:36,828 - app.services.camera_manager - INFO - Camera Rka3 added (web)
2025-07-05 18:46:37,206 - app.services.camera_manager - INFO - [Rka3] entering stream loop (fps=15)
2025-07-05 18:46:52,569 - app.services.camera_manager - INFO - Camera Rka3 added (cctv)
2025-07-05 18:46:53,573 - app.services.camera_manager - INFO - Camera Rka3 added (web)
2025-07-05 18:46:53,578 - app.services.camera_manager - INFO - [Rka3] entering stream loop (fps=15)
2025-07-05 18:46:53,935 - app.services.camera_manager - INFO - [Rka3] entering stream loop (fps=15)
2025-07-05 18:46:54,253 - app.api.v1.ws_router - INFO - [WS] Client connected -> total queues = 1
2025-07-05 18:46:56,964 - app.api.v1.file_router - INFO - [upload-preview] Received batch_tag=Rka3
2025-07-05 18:46:56,965 - app.api.v1.file_router - INFO - [upload-preview] Processed file result: {'original_filename': 'Rka3_1751716016961.jpg', 'status': 'processing', 'message': '', 'preview_image_url': None, 'face_detections': [], 'batch_tag': 'Rka3'}
2025-07-05 18:46:57,487 - app.functions.image_processor - INFO - Detected 1 face(s).
2025-07-05 18:46:57,488 - app.services.face_service - INFO - [process_image_for_review] detection_time=2025-07-05 18:46:57.488180+07:00 tzinfo=Asia/Bangkok
2025-07-05 18:46:57,512 - app.services.face_service - INFO - Original filename: original_20250705184656966566_Rka3_1751716016961.jpg
2025-07-05 18:46:57,519 - app.functions.image_processor - INFO - Image saved successfully to: C:\Users\HiDigi\OneDrive\Desktop\WebDev\FacialRecognition\app_data\temp_images\preview_20250705184657513198_1751716016961.jpg
2025-07-05 18:46:57,519 - app.services.face_service - INFO - Preview image saved to C:\Users\HiDigi\OneDrive\Desktop\WebDev\FacialRecognition\app_data\temp_images\preview_20250705184657513198_1751716016961.jpg
2025-07-05 18:46:57,519 - app.api.v1.file_router - INFO - [upload-preview] Returning detection_time=2025-07-05T18:46:57.488180+07:00 for file=Rka3_1751716016961.jpg
2025-07-05 18:46:58,875 - app.api.v1.ws_router - INFO - [WS] Client disconnected -> total queues = 0
2025-07-05 18:47:05,118 - app.services.camera_manager - INFO - Camera Rka3 added (cctv)
2025-07-05 18:47:05,927 - app.services.camera_manager - INFO - Camera Rka3 added (web)
2025-07-05 18:47:06,402 - app.services.camera_manager - INFO - [Rka3] entering stream loop (fps=15)
2025-07-05 18:47:06,829 - app.api.v1.ws_router - INFO - [WS] Client connected -> total queues = 1
2025-07-05 18:47:49,133 - app.api.v1.ws_router - INFO - [WS] Client disconnected -> total queues = 0
2025-07-05 18:47:51,294 - app.api.v1.ws_router - INFO - [WS] Client connected -> total queues = 1
2025-07-05 18:48:04,813 - app.api.v1.ws_router - INFO - [WS] Client disconnected -> total queues = 0
2025-07-05 18:48:25,626 - app.services.camera_manager - INFO - Camera Rka3 added (cctv)
2025-07-05 18:48:26,603 - app.services.camera_manager - INFO - Camera Rka3 added (web)
2025-07-05 18:48:27,169 - app.services.camera_manager - INFO - [Rka3] entering stream loop (fps=15)
2025-07-05 18:48:27,697 - app.api.v1.ws_router - INFO - [WS] Client connected -> total queues = 1
2025-07-05 18:48:44,240 - app.api.v1.ws_router - INFO - [WS] Client disconnected -> total queues = 0
2025-07-05 18:48:45,057 - app.api.v1.ws_router - INFO - [WS] Client connected -> total queues = 1
2025-07-05 18:48:48,800 - app.api.v1.file_router - INFO - [upload-preview] Received batch_tag=Rka3
2025-07-05 18:48:48,801 - app.api.v1.file_router - INFO - [upload-preview] Processed file result: {'original_filename': 'Rka3_1751716128081.jpg', 'status': 'processing', 'message': '', 'preview_image_url': None, 'face_detections': [], 'batch_tag': 'Rka3'}
2025-07-05 18:48:49,309 - app.functions.image_processor - INFO - Detected 1 face(s).
2025-07-05 18:48:49,310 - app.services.face_service - INFO - [process_image_for_review] detection_time=2025-07-05 18:48:49.310435+07:00 tzinfo=Asia/Bangkok
2025-07-05 18:48:49,402 - app.services.face_service - INFO - Original filename: original_20250705184848802482_Rka3_1751716128081.jpg
2025-07-05 18:48:49,408 - app.functions.image_processor - INFO - Image saved successfully to: C:\Users\HiDigi\OneDrive\Desktop\WebDev\FacialRecognition\app_data\temp_images\preview_20250705184849402799_1751716128081.jpg
2025-07-05 18:48:49,408 - app.services.face_service - INFO - Preview image saved to C:\Users\HiDigi\OneDrive\Desktop\WebDev\FacialRecognition\app_data\temp_images\preview_20250705184849402799_1751716128081.jpg
2025-07-05 18:48:49,409 - app.api.v1.file_router - INFO - [upload-preview] Returning detection_time=2025-07-05T18:48:49.310435+07:00 for file=Rka3_1751716128081.jpg
2025-07-05 18:48:52,352 - app.api.v1.ws_router - INFO - [WS] Client disconnected -> total queues = 0
2025-07-05 18:49:00,290 - app.services.face_service - INFO - Moved original image from temp to permanent: C:\Users\HiDigi\OneDrive\Desktop\WebDev\FacialRecognition\app_data\permanent_images\original_20250705184848802482_Rka3_1751716128081.jpg
2025-07-05 18:49:00,689 - app.services.face_service - INFO - [insert_new_face] Face inserted with ID: 19
2025-07-05 18:49:00,690 - app.services.face_service - INFO - [insert_new_face] Face location (raw): [268, 497, 397, 368] | type=<class 'list'>
2025-07-05 18:49:00,690 - app.services.face_service - INFO - [insert_new_face] Preparing to save face crop for face_id 19
2025-07-05 18:49:00,704 - app.services.face_service - INFO - [insert_new_face] Saved face crop at: C:\Users\HiDigi\OneDrive\Desktop\WebDev\FacialRecognition\app_data\face_crops\face_19.jpg
2025-07-05 18:49:00,704 - app.services.face_service - INFO - New face detected: <app.db.models.attendance.Face object at 0x00000217121F0BB0>
2025-07-05 18:49:01,344 - app.services.face_service - INFO - ImageCount stored for C:\Users\HiDigi\OneDrive\Desktop\WebDev\FacialRecognition\app_data\permanent_images\original_20250705184848802482_Rka3_1751716128081.jpg
2025-07-05 18:49:01,345 - app.services.face_service - INFO - Deleted temporary preview image: C:\Users\HiDigi\OneDrive\Desktop\WebDev\FacialRecognition\app_data\temp_images\preview_20250705184849402799_1751716128081.jpg
2025-07-05 18:50:00,576 - app.services.face_service - INFO - Face 19 now associated with person 16
2025-07-05 18:50:17,762 - app.services.camera_manager - INFO - Camera Rka3 added (cctv)
2025-07-05 18:50:18,854 - app.services.camera_manager - INFO - Camera Rka3 added (web)
2025-07-05 18:50:19,515 - app.services.camera_manager - INFO - [Rka3] entering stream loop (fps=15)
2025-07-05 18:50:20,140 - app.api.v1.ws_router - INFO - [WS] Client connected -> total queues = 1
2025-07-05 18:51:21,106 - app.services.camera_manager - INFO - Camera Rka added (cctv)
2025-07-05 18:51:24,159 - app.api.v1.ws_router - INFO - [WS] Client disconnected -> total queues = 0
2025-07-05 18:51:24,952 - app.services.camera_manager - INFO - [Rka3] entering stream loop (fps=15)
2025-07-05 18:51:24,952 - app.services.camera_manager - INFO - [Rka] entering stream loop (fps=25)
2025-07-05 18:51:25,292 - app.api.v1.ws_router - INFO - [WS] Client connected -> total queues = 1
2025-07-05 18:51:54,207 - app.api.v1.file_router - INFO - [upload-preview] Received batch_tag=Rka
2025-07-05 18:51:54,208 - app.api.v1.file_router - INFO - [upload-preview] Processed file result: {'original_filename': 'Rka_1751716314189.jpg', 'status': 'processing', 'message': '', 'preview_image_url': None, 'face_detections': [], 'batch_tag': 'Rka'}
2025-07-05 18:51:54,354 - app.functions.image_processor - INFO - Detected 0 face(s).
2025-07-05 18:51:54,355 - app.services.face_service - INFO - No faces detected in image: C:\Users\HiDigi\OneDrive\Desktop\WebDev\FacialRecognition\app_data\temp_images\original_20250705185154209241_Rka_1751716314189.jpg
2025-07-05 18:51:56,554 - app.api.v1.ws_router - INFO - [WS] Client disconnected -> total queues = 0
2025-07-05 18:51:59,161 - app.services.camera_manager - INFO - Camera Rka3 added (cctv)
2025-07-05 18:52:00,300 - app.services.camera_manager - INFO - Camera Rka3 added (web)
2025-07-05 18:52:00,824 - app.services.camera_manager - INFO - Camera Rka added (cctv)
2025-07-05 18:52:00,843 - app.services.camera_manager - INFO - [Rka3] entering stream loop (fps=15)
2025-07-05 18:52:00,865 - app.services.camera_manager - INFO - [Rka] entering stream loop (fps=25)
2025-07-05 18:52:00,913 - app.services.camera_manager - INFO - [Rka3] entering stream loop (fps=15)
2025-07-05 18:52:00,919 - app.services.camera_manager - INFO - [Rka] entering stream loop (fps=25)
2025-07-05 18:52:01,274 - app.api.v1.ws_router - INFO - [WS] Client connected -> total queues = 1
2025-07-05 18:52:20,090 - app.api.v1.ws_router - INFO - [WS] Client disconnected -> total queues = 0
2025-07-05 18:52:21,803 - app.services.camera_manager - INFO - [Rka3] entering stream loop (fps=15)
2025-07-05 18:52:21,803 - app.services.camera_manager - INFO - [Rka] entering stream loop (fps=25)
2025-07-05 18:52:22,137 - app.api.v1.ws_router - INFO - [WS] Client connected -> total queues = 1
2025-07-05 18:52:32,001 - app.api.v1.file_router - INFO - [upload-preview] Received batch_tag=Rka
2025-07-05 18:52:32,002 - app.api.v1.file_router - INFO - [upload-preview] Processed file result: {'original_filename': 'Rka_1751716351590.jpg', 'status': 'processing', 'message': '', 'preview_image_url': None, 'face_detections': [], 'batch_tag': 'Rka'}
2025-07-05 18:52:32,139 - app.functions.image_processor - INFO - Detected 0 face(s).
2025-07-05 18:52:32,140 - app.services.face_service - INFO - No faces detected in image: C:\Users\HiDigi\OneDrive\Desktop\WebDev\FacialRecognition\app_data\temp_images\original_20250705185232002039_Rka_1751716351590.jpg
2025-07-05 18:52:35,346 - app.api.v1.ws_router - INFO - [WS] Client disconnected -> total queues = 0
2025-07-05 18:52:40,089 - app.services.camera_manager - INFO - Camera Rka3 added (cctv)
2025-07-05 18:52:41,098 - app.services.camera_manager - INFO - Camera Rka3 added (web)
2025-07-05 18:52:42,022 - app.services.camera_manager - INFO - Camera Rka added (cctv)
2025-07-05 18:52:42,039 - app.services.camera_manager - INFO - [Rka3] entering stream loop (fps=15)
2025-07-05 18:52:42,065 - app.services.camera_manager - INFO - [Rka] entering stream loop (fps=25)
2025-07-05 18:52:42,428 - app.api.v1.ws_router - INFO - [WS] Client connected -> total queues = 1
2025-07-05 18:52:44,772 - app.api.v1.ws_router - INFO - [WS] Client disconnected -> total queues = 0
2025-07-05 18:52:46,602 - app.services.camera_manager - INFO - [Rka3] entering stream loop (fps=15)
2025-07-05 18:52:46,603 - app.services.camera_manager - INFO - [Rka] entering stream loop (fps=25)
2025-07-05 18:52:46,933 - app.api.v1.ws_router - INFO - [WS] Client connected -> total queues = 1
2025-07-05 18:54:25,908 - app.api.v1.ws_router - INFO - [WS] Client disconnected -> total queues = 0
2025-07-05 18:54:47,917 - app.services.camera_manager - INFO - Camera Rka3 added (cctv)
2025-07-05 18:54:48,970 - app.services.camera_manager - INFO - Camera Rka3 added (web)
2025-07-05 18:54:49,469 - app.services.camera_manager - INFO - Camera Rka added (cctv)
2025-07-05 18:54:49,491 - app.services.camera_manager - INFO - [Rka3] entering stream loop (fps=15)
2025-07-05 18:54:49,497 - app.services.camera_manager - INFO - [Rka] entering stream loop (fps=25)
2025-07-05 18:54:49,866 - app.api.v1.ws_router - INFO - [WS] Client connected -> total queues = 1
2025-07-05 18:55:46,049 - app.api.v1.ws_router - INFO - [WS] Client disconnected -> total queues = 0
2025-09-01 09:47:33,919 - app.main - INFO - Ensuring C:\Users\HiDigi\OneDrive\Desktop\WebDev\FacialRecognition\static\images exists…
2025-09-01 09:47:33,950 - app.main - INFO - Initializing database...
2025-09-01 09:47:34,181 - app.main - INFO - CCTV System starting up...
2025-10-03 22:02:21,682 - app.main - INFO - Ensuring C:\Users\HiDigi\OneDrive\Desktop\WebDev\FacialRecognition\static\images exists…
2025-10-03 22:02:21,716 - app.main - INFO - Initializing database...
2025-10-03 22:02:21,883 - app.main - INFO - CCTV System starting up...
2025-10-03 22:02:44,905 - app.main - INFO - CCTV System shutting down...
2025-10-03 22:02:44,906 - app.main - INFO - Cleanup complete
2025-10-03 22:02:44,906 - app.main - INFO - Shutting down...
2025-10-03 22:02:49,438 - app.main - INFO - Ensuring C:\Users\HiDigi\OneDrive\Desktop\WebDev\FacialRecognition\static\images exists…
2025-10-03 22:02:49,471 - app.main - INFO - Initializing database...
2025-10-03 22:02:49,556 - app.main - INFO - CCTV System starting up...
2025-10-03 22:03:45,018 - app.api.v1.ws_router - INFO - [WS] Client connected -> total queues = 1
2025-10-03 22:03:50,191 - app.api.v1.ws_router - INFO - [WS] Client disconnected -> total queues = 0
2025-10-03 22:04:32,032 - app.api.v1.file_router - INFO - [upload-preview] Received batch_tag=
2025-10-03 22:04:32,032 - app.api.v1.file_router - INFO - [upload-preview] Processed file result: {'original_filename': 'Gemini_Generated_Image_xoldinxoldinxold.png', 'status': 'processing', 'message': '', 'preview_image_url': None, 'face_detections': [], 'batch_tag': ''}
2025-10-03 22:04:33,041 - app.functions.image_processor - INFO - Detected 1 face(s).
2025-10-03 22:04:33,042 - app.services.face_service - INFO - [process_image_for_review] detection_time=2025-10-03 22:04:33.042436+07:00 tzinfo=Asia/Bangkok
2025-10-03 22:04:33,048 - app.services.face_service - INFO - Original filename: original_20251003220432033414_Gemini_Generated_Image_xoldinxoldinxold.png
2025-10-03 22:04:33,108 - app.functions.image_processor - INFO - Image saved successfully to: C:\Users\HiDigi\OneDrive\Desktop\WebDev\FacialRecognition\app_data\temp_images\preview_20251003220433049446_xoldinxoldinxold.png
2025-10-03 22:04:33,109 - app.services.face_service - INFO - Preview image saved to C:\Users\HiDigi\OneDrive\Desktop\WebDev\FacialRecognition\app_data\temp_images\preview_20251003220433049446_xoldinxoldinxold.png
2025-10-03 22:04:33,110 - app.api.v1.file_router - INFO - [upload-preview] Returning detection_time=2025-10-03T22:04:33.042436+07:00 for file=Gemini_Generated_Image_xoldinxoldinxold.png
2025-10-03 22:25:06,945 - app.api.v1.ws_router - INFO - [WS] Client connected -> total queues = 1
2025-10-03 22:25:21,180 - app.services.camera_manager - ERROR - Error adding camera 1: Failed to open camera source: 1
2025-10-03 22:25:30,373 - app.services.camera_manager - ERROR - Error adding camera 1: Failed to open camera source: 1
2025-10-03 22:25:38,524 - app.api.v1.ws_router - INFO - [WS] Client disconnected -> total queues = 0
2025-10-03 22:25:41,117 - app.services.camera_manager - ERROR - Error adding camera 1: Failed to open camera source: 1
2025-10-03 22:25:49,655 - app.services.camera_manager - ERROR - Error adding camera 1: Failed to open camera source: 1
2025-10-03 22:25:49,660 - app.services.camera_manager - ERROR - Error adding camera 1: Failed to open camera source: 1
2025-10-03 22:25:49,772 - app.services.camera_manager - ERROR - Error adding camera 1: Failed to open camera source: 1
2025-10-03 22:25:49,972 - app.services.camera_manager - ERROR - Error adding camera 1: Failed to open camera source: 1
2025-10-03 22:25:50,148 - app.services.camera_manager - ERROR - Error adding camera 1: Failed to open camera source: 1
2025-10-03 22:25:50,380 - app.services.camera_manager - ERROR - Error adding camera 1: Failed to open camera source: 1
2025-10-03 22:25:52,781 - app.api.v1.ws_router - INFO - [WS] Client connected -> total queues = 1
2025-10-03 22:25:55,744 - app.api.v1.ws_router - INFO - [WS] Client disconnected -> total queues = 0
2025-10-03 22:25:56,644 - app.api.v1.ws_router - INFO - [WS] Client connected -> total queues = 1
2025-10-03 22:26:04,917 - app.api.v1.ws_router - INFO - [WS] Client disconnected -> total queues = 0
2025-10-03 22:26:28,509 - app.services.camera_manager - ERROR - Error adding camera 1: Failed to open camera source: 1
2025-10-03 22:26:33,975 - app.services.camera_manager - INFO - Camera 1 added (web)
2025-10-03 22:26:35,896 - app.services.camera_manager - INFO - [1] entering stream loop (fps=15)
2025-10-03 22:26:36,224 - app.api.v1.ws_router - INFO - [WS] Client connected -> total queues = 1
2025-10-03 22:26:43,622 - app.api.v1.file_router - INFO - [upload-preview] Received batch_tag=1
2025-10-03 22:26:43,623 - app.api.v1.file_router - INFO - [upload-preview] Processed file result: {'original_filename': '1_1759505203616.jpg', 'status': 'processing', 'message': '', 'preview_image_url': None, 'face_detections': [], 'batch_tag': '1'}
2025-10-03 22:26:44,143 - app.functions.image_processor - INFO - Detected 1 face(s).
2025-10-03 22:26:44,144 - app.services.face_service - INFO - [process_image_for_review] detection_time=2025-10-03 22:26:44.144755+07:00 tzinfo=Asia/Bangkok
2025-10-03 22:26:44,161 - app.services.face_service - INFO - Original filename: original_20251003222643623776_1_1759505203616.jpg
2025-10-03 22:26:44,167 - app.functions.image_processor - INFO - Image saved successfully to: C:\Users\HiDigi\OneDrive\Desktop\WebDev\FacialRecognition\app_data\temp_images\preview_20251003222644162776_1759505203616.jpg
2025-10-03 22:26:44,168 - app.services.face_service - INFO - Preview image saved to C:\Users\HiDigi\OneDrive\Desktop\WebDev\FacialRecognition\app_data\temp_images\preview_20251003222644162776_1759505203616.jpg
2025-10-03 22:26:44,168 - app.api.v1.file_router - INFO - [upload-preview] Returning detection_time=2025-10-03T22:26:44.144755+07:00 for file=1_1759505203616.jpg
2025-10-03 22:26:50,091 - app.api.v1.file_router - INFO - [upload-preview] Received batch_tag=1
2025-10-03 22:26:50,092 - app.api.v1.file_router - INFO - [upload-preview] Processed file result: {'original_filename': '1_1759505209771.jpg', 'status': 'processing', 'message': '', 'preview_image_url': None, 'face_detections': [], 'batch_tag': '1'}
2025-10-03 22:26:50,596 - app.functions.image_processor - INFO - Detected 1 face(s).
2025-10-03 22:26:50,597 - app.services.face_service - INFO - [process_image_for_review] detection_time=2025-10-03 22:26:50.597963+07:00 tzinfo=Asia/Bangkok
2025-10-03 22:26:50,611 - app.services.face_service - INFO - Original filename: original_20251003222650092253_1_1759505209771.jpg
2025-10-03 22:26:50,619 - app.functions.image_processor - INFO - Image saved successfully to: C:\Users\HiDigi\OneDrive\Desktop\WebDev\FacialRecognition\app_data\temp_images\preview_20251003222650611969_1759505209771.jpg
2025-10-03 22:26:50,620 - app.services.face_service - INFO - Preview image saved to C:\Users\HiDigi\OneDrive\Desktop\WebDev\FacialRecognition\app_data\temp_images\preview_20251003222650611969_1759505209771.jpg
2025-10-03 22:26:50,620 - app.api.v1.file_router - INFO - [upload-preview] Returning detection_time=2025-10-03T22:26:50.597963+07:00 for file=1_1759505209771.jpg
2025-10-03 22:26:53,906 - app.api.v1.ws_router - INFO - [WS] Client disconnected -> total queues = 0
2025-10-03 22:27:07,530 - app.services.camera_manager - INFO - Camera 1 added (web)
2025-10-03 22:27:07,991 - app.services.camera_manager - INFO - [1] entering stream loop (fps=15)
2025-10-03 22:27:08,353 - app.api.v1.ws_router - INFO - [WS] Client connected -> total queues = 1
2025-10-03 22:27:36,519 - app.api.v1.ws_router - INFO - [WS] Client disconnected -> total queues = 0
2025-10-03 22:27:43,951 - app.services.camera_manager - INFO - Camera 1 added (web)
2025-10-03 22:27:44,425 - app.services.camera_manager - INFO - [1] entering stream loop (fps=15)
2025-10-03 22:27:44,855 - app.api.v1.ws_router - INFO - [WS] Client connected -> total queues = 1
2025-10-03 22:27:46,981 - app.api.v1.file_router - INFO - [upload-preview] Received batch_tag=1
2025-10-03 22:27:46,982 - app.api.v1.file_router - INFO - [upload-preview] Processed file result: {'original_filename': '1_1759505266807.jpg', 'status': 'processing', 'message': '', 'preview_image_url': None, 'face_detections': [], 'batch_tag': '1'}
2025-10-03 22:27:47,519 - app.functions.image_processor - INFO - Detected 1 face(s).
2025-10-03 22:27:47,520 - app.services.face_service - INFO - [process_image_for_review] detection_time=2025-10-03 22:27:47.520565+07:00 tzinfo=Asia/Bangkok
2025-10-03 22:27:47,582 - app.services.face_service - INFO - Original filename: original_20251003222746983978_1_1759505266807.jpg
2025-10-03 22:27:47,587 - app.functions.image_processor - INFO - Image saved successfully to: C:\Users\HiDigi\OneDrive\Desktop\WebDev\FacialRecognition\app_data\temp_images\preview_20251003222747582775_1759505266807.jpg
2025-10-03 22:27:47,588 - app.services.face_service - INFO - Preview image saved to C:\Users\HiDigi\OneDrive\Desktop\WebDev\FacialRecognition\app_data\temp_images\preview_20251003222747582775_1759505266807.jpg
2025-10-03 22:27:47,588 - app.api.v1.file_router - INFO - [upload-preview] Returning detection_time=2025-10-03T22:27:47.520565+07:00 for file=1_1759505266807.jpg
2025-10-03 22:27:49,766 - app.api.v1.ws_router - INFO - [WS] Client disconnected -> total queues = 0
2025-10-03 22:27:52,945 - app.services.camera_manager - INFO - Camera 1 added (web)
2025-10-03 22:27:53,511 - app.services.camera_manager - INFO - [1] entering stream loop (fps=15)
2025-10-03 22:27:54,040 - app.api.v1.ws_router - INFO - [WS] Client connected -> total queues = 1
2025-10-03 22:27:56,669 - app.api.v1.file_router - INFO - [upload-preview] Received batch_tag=1
2025-10-03 22:27:56,670 - app.api.v1.file_router - INFO - [upload-preview] Processed file result: {'original_filename': '1_1759505276305.jpg', 'status': 'processing', 'message': '', 'preview_image_url': None, 'face_detections': [], 'batch_tag': '1'}
2025-10-03 22:27:57,214 - app.functions.image_processor - INFO - Detected 1 face(s).
2025-10-03 22:27:57,214 - app.services.face_service - INFO - [process_image_for_review] detection_time=2025-10-03 22:27:57.214894+07:00 tzinfo=Asia/Bangkok
2025-10-03 22:27:57,286 - app.services.face_service - INFO - Original filename: original_20251003222756670859_1_1759505276305.jpg
2025-10-03 22:27:57,292 - app.functions.image_processor - INFO - Image saved successfully to: C:\Users\HiDigi\OneDrive\Desktop\WebDev\FacialRecognition\app_data\temp_images\preview_20251003222757287743_1759505276305.jpg
2025-10-03 22:27:57,293 - app.services.face_service - INFO - Preview image saved to C:\Users\HiDigi\OneDrive\Desktop\WebDev\FacialRecognition\app_data\temp_images\preview_20251003222757287743_1759505276305.jpg
2025-10-03 22:27:57,293 - app.api.v1.file_router - INFO - [upload-preview] Returning detection_time=2025-10-03T22:27:57.214894+07:00 for file=1_1759505276305.jpg
2025-10-03 22:27:59,750 - app.api.v1.ws_router - INFO - [WS] Client disconnected -> total queues = 0
2025-10-03 22:28:04,082 - app.services.camera_manager - INFO - Camera 1 added (web)
2025-10-03 22:28:04,761 - app.services.camera_manager - INFO - [1] entering stream loop (fps=15)
2025-10-03 22:28:05,449 - app.api.v1.ws_router - INFO - [WS] Client connected -> total queues = 1
2025-10-03 22:45:56,562 - app.api.v1.ws_router - INFO - [WS] Client disconnected -> total queues = 0
2025-10-05 21:09:35,533 - app.main - INFO - Ensuring C:\Users\HiDigi\OneDrive\Desktop\WebDev\FacialRecognition\static\images exists…
2025-10-05 21:09:35,570 - app.main - INFO - Initializing database...
2025-10-05 21:09:35,706 - app.main - INFO - CCTV System starting up...
